ISO-10303-21;
HEADER;
/* Generated by software containing ST-Developer
 * from STEP Tools, Inc. (www.steptools.com) 
 */

FILE_DESCRIPTION(
/* description */ (''),
/* implementation_level */ '2;1');

FILE_NAME(
/* name */ 'Enclosure.step',
/* time_stamp */ '2026-08-08T12:11:08-04:00',
/* author */ (''),
/* organization */ (''),
/* preprocessor_version */ 'ST-DEVELOPER v20.1',
/* originating_system */ 'Autodesk Translation Framework v15.8.0.0',
/* authorisation */ '');

FILE_SCHEMA (('AUTOMOTIVE_DESIGN { 1 0 10303 214 3 1 1 }'));
ENDSEC;

DATA;
#10=MECHANICAL_DESIGN_GEOMETRIC_PRESENTATION_REPRESENTATION('',(#13,#14),
#15158);
#11=SHAPE_REPRESENTATION_RELATIONSHIP('SRR','None',#15165,#12);
#12=ADVANCED_BREP_SHAPE_REPRESENTATION('',(#15,#16),#15157);
#13=STYLED_ITEM('',(#15175),#15);
#14=STYLED_ITEM('',(#15175),#16);
#15=MANIFOLD_SOLID_BREP('Body1',#8029);
#16=MANIFOLD_SOLID_BREP('Body2',#8030);
#17=CONICAL_SURFACE('',#8421,3.,0.78539816339745);
#18=CONICAL_SURFACE('',#8423,3.,0.78539816339745);
#19=CONICAL_SURFACE('',#8425,3.,0.78539816339745);
#20=CONICAL_SURFACE('',#8427,3.,0.78539816339745);
#21=TOROIDAL_SURFACE('',#8190,25.,5.);
#22=TOROIDAL_SURFACE('',#8201,25.,5.);
#23=ELLIPSE('',#8178,7.07106781186548,5.);
#24=ELLIPSE('',#8181,5.41196100146198,5.);
#25=ELLIPSE('',#8183,5.41196100146196,5.);
#26=ELLIPSE('',#8185,5.41196100146198,5.);
#27=ELLIPSE('',#8187,5.41196100146195,5.);
#28=ELLIPSE('',#8189,5.41196100146198,5.);
#29=ELLIPSE('',#8195,7.07106781186548,5.);
#30=ELLIPSE('',#8197,5.41196100146195,5.);
#31=ELLIPSE('',#8200,5.41196100146194,5.);
#32=ELLIPSE('',#8206,5.41196100146199,5.);
#33=ELLIPSE('',#8255,8.48528137423857,6.);
#34=ELLIPSE('',#8256,8.48528137423857,6.);
#35=(
BOUNDED_SURFACE()
B_SPLINE_SURFACE(5,1,((#14224,#14225),(#14226,#14227),(#14228,#14229),(#14230,
#14231),(#14232,#14233),(#14234,#14235),(#14236,#14237),(#14238,#14239),
(#14240,#14241),(#14242,#14243),(#14244,#14245),(#14246,#14247),(#14248,
#14249),(#14250,#14251),(#14252,#14253)),.UNSPECIFIED.,.F.,.F.,.F.)
B_SPLINE_SURFACE_WITH_KNOTS((6,1,1,1,1,1,1,1,1,1,6),(2,2),(-0.91643998618335,
-0.9,-0.8,-0.7,-0.6,-0.5,-0.4,-0.3,-0.2,-0.1,0.),(0.,6.),.UNSPECIFIED.)
GEOMETRIC_REPRESENTATION_ITEM()
RATIONAL_B_SPLINE_SURFACE(((1.,1.),(1.,1.),(1.,1.),(1.,1.),(1.,1.),(1.,
1.),(1.,1.),(1.,1.),(1.,1.),(1.,1.),(1.,1.),(1.,1.),(1.,1.),(1.,1.),(1.,
1.)))
REPRESENTATION_ITEM('')
SURFACE()
);
#36=(
BOUNDED_CURVE()
B_SPLINE_CURVE(5,(#14080,#14081,#14082,#14083,#14084,#14085,#14086,#14087,
#14088,#14089,#14090,#14091,#14092,#14093,#14094),.UNSPECIFIED.,.F.,.F.)
B_SPLINE_CURVE_WITH_KNOTS((6,1,1,1,1,1,1,1,1,1,6),(0.,0.1,0.2,0.3,0.4,0.5,
0.6,0.7,0.8,0.9,0.91643998618335),.UNSPECIFIED.)
CURVE()
GEOMETRIC_REPRESENTATION_ITEM()
RATIONAL_B_SPLINE_CURVE((1.,1.,1.,1.,1.,1.,1.,1.,1.,1.,1.,1.,1.,1.,1.))
REPRESENTATION_ITEM('')
);
#37=(
BOUNDED_CURVE()
B_SPLINE_CURVE(5,(#14150,#14151,#14152,#14153,#14154,#14155,#14156,#14157,
#14158,#14159,#14160,#14161,#14162,#14163,#14164),.UNSPECIFIED.,.F.,.F.)
B_SPLINE_CURVE_WITH_KNOTS((6,1,1,1,1,1,1,1,1,1,6),(-0.91643998618335,-0.9,
-0.8,-0.7,-0.6,-0.5,-0.4,-0.3,-0.2,-0.1,0.),.UNSPECIFIED.)
CURVE()
GEOMETRIC_REPRESENTATION_ITEM()
RATIONAL_B_SPLINE_CURVE((1.,1.,1.,1.,1.,1.,1.,1.,1.,1.,1.,1.,1.,1.,1.))
REPRESENTATION_ITEM('')
);
#38=CIRCLE('',#8133,10.);
#39=CIRCLE('',#8134,10.);
#40=CIRCLE('',#8140,1.5);
#41=CIRCLE('',#8141,0.499999999999998);
#42=CIRCLE('',#8148,1.5);
#43=CIRCLE('',#8149,0.499999999999998);
#44=CIRCLE('',#8177,5.);
#45=CIRCLE('',#8180,5.);
#46=CIRCLE('',#8191,5.);
#47=CIRCLE('',#8192,25.);
#48=CIRCLE('',#8193,20.);
#49=CIRCLE('',#8202,5.);
#50=CIRCLE('',#8203,25.);
#51=CIRCLE('',#8204,20.);
#52=CIRCLE('',#8209,20.);
#53=CIRCLE('',#8211,6.);
#54=CIRCLE('',#8213,3.50000000000001);
#55=CIRCLE('',#8214,3.49999932944766);
#56=CIRCLE('',#8215,3.49999932944766);
#57=CIRCLE('',#8216,3.50000000000001);
#58=CIRCLE('',#8217,3.49999932944766);
#59=CIRCLE('',#8218,3.50000000000001);
#60=CIRCLE('',#8219,3.50000000000001);
#61=CIRCLE('',#8220,3.49999932944766);
#62=CIRCLE('',#8221,3.50000000000001);
#63=CIRCLE('',#8222,3.49999932944766);
#64=CIRCLE('',#8223,3.50000000000001);
#65=CIRCLE('',#8224,3.49999932944766);
#66=CIRCLE('',#8225,3.50000000000001);
#67=CIRCLE('',#8226,3.49999932944766);
#68=CIRCLE('',#8227,3.50000000000001);
#69=CIRCLE('',#8228,3.49999932944766);
#70=CIRCLE('',#8229,3.50000000000001);
#71=CIRCLE('',#8230,3.49999932944766);
#72=CIRCLE('',#8232,20.);
#73=CIRCLE('',#8234,4.);
#74=CIRCLE('',#8235,4.);
#75=CIRCLE('',#8236,4.);
#76=CIRCLE('',#8237,4.);
#77=CIRCLE('',#8245,94.);
#78=CIRCLE('',#8246,97.5);
#79=CIRCLE('',#8247,97.5);
#80=CIRCLE('',#8248,97.5);
#81=CIRCLE('',#8249,97.5);
#82=CIRCLE('',#8252,6.);
#83=CIRCLE('',#8254,6.);
#84=CIRCLE('',#8257,6.);
#85=CIRCLE('',#8260,2.49999999999999);
#86=CIRCLE('',#8261,2.49999999999999);
#87=CIRCLE('',#8264,2.49999999999999);
#88=CIRCLE('',#8265,2.49999999999999);
#89=CIRCLE('',#8268,2.49999999999999);
#90=CIRCLE('',#8269,2.49999999999999);
#91=CIRCLE('',#8272,2.49999999999999);
#92=CIRCLE('',#8273,2.49999999999999);
#93=CIRCLE('',#8277,3.49999932944766);
#94=CIRCLE('',#8278,3.49999932944766);
#95=CIRCLE('',#8279,3.49999932944766);
#96=CIRCLE('',#8283,3.50000000000001);
#97=CIRCLE('',#8286,3.49999932944766);
#98=CIRCLE('',#8287,3.49999932944766);
#99=CIRCLE('',#8288,3.49999932944766);
#100=CIRCLE('',#8292,3.50000000000001);
#101=CIRCLE('',#8295,3.49999932944766);
#102=CIRCLE('',#8296,3.49999932944766);
#103=CIRCLE('',#8297,3.49999932944766);
#104=CIRCLE('',#8301,3.50000000000001);
#105=CIRCLE('',#8304,3.49999932944766);
#106=CIRCLE('',#8305,3.49999932944766);
#107=CIRCLE('',#8306,3.49999932944766);
#108=CIRCLE('',#8310,3.50000000000001);
#109=CIRCLE('',#8313,3.49999932944766);
#110=CIRCLE('',#8314,3.49999932944766);
#111=CIRCLE('',#8315,3.49999932944766);
#112=CIRCLE('',#8319,3.50000000000001);
#113=CIRCLE('',#8322,3.49999932944766);
#114=CIRCLE('',#8323,3.49999932944766);
#115=CIRCLE('',#8324,3.49999932944766);
#116=CIRCLE('',#8328,3.50000000000001);
#117=CIRCLE('',#8331,3.49999932944766);
#118=CIRCLE('',#8332,3.49999932944766);
#119=CIRCLE('',#8333,3.49999932944766);
#120=CIRCLE('',#8337,3.50000000000001);
#121=CIRCLE('',#8340,3.49999932944766);
#122=CIRCLE('',#8341,3.49999932944766);
#123=CIRCLE('',#8342,3.49999932944766);
#124=CIRCLE('',#8346,3.50000000000001);
#125=CIRCLE('',#8349,3.49999932944766);
#126=CIRCLE('',#8350,3.49999932944766);
#127=CIRCLE('',#8351,3.49999932944766);
#128=CIRCLE('',#8355,3.50000000000001);
#129=CIRCLE('',#8358,4.);
#130=CIRCLE('',#8359,4.);
#131=CIRCLE('',#8367,84.5);
#132=CIRCLE('',#8368,84.5);
#133=CIRCLE('',#8369,84.5);
#134=CIRCLE('',#8370,84.5);
#135=CIRCLE('',#8373,97.5);
#136=CIRCLE('',#8377,97.5);
#137=CIRCLE('',#8381,97.5);
#138=CIRCLE('',#8386,97.5);
#139=CIRCLE('',#8394,2.5);
#140=CIRCLE('',#8396,2.5);
#141=CIRCLE('',#8398,2.5);
#142=CIRCLE('',#8400,2.5);
#143=CIRCLE('',#8402,2.5);
#144=CIRCLE('',#8404,2.5);
#145=CIRCLE('',#8406,2.5);
#146=CIRCLE('',#8408,2.5);
#147=CIRCLE('',#8411,2.);
#148=CIRCLE('',#8414,2.);
#149=CIRCLE('',#8417,2.);
#150=CIRCLE('',#8420,2.);
#151=CIRCLE('',#8430,92.);
#152=CIRCLE('',#8432,94.);
#153=CIRCLE('',#8434,92.);
#154=CIRCLE('',#8437,94.);
#155=CIRCLE('',#8438,90.8);
#156=CIRCLE('',#8440,90.8);
#157=CIRCLE('',#8442,94.);
#158=CYLINDRICAL_SURFACE('',#8132,10.);
#159=CYLINDRICAL_SURFACE('',#8156,0.499999999999998);
#160=CYLINDRICAL_SURFACE('',#8157,1.5);
#161=CYLINDRICAL_SURFACE('',#8176,5.);
#162=CYLINDRICAL_SURFACE('',#8179,5.);
#163=CYLINDRICAL_SURFACE('',#8182,5.);
#164=CYLINDRICAL_SURFACE('',#8184,5.);
#165=CYLINDRICAL_SURFACE('',#8186,5.);
#166=CYLINDRICAL_SURFACE('',#8188,5.);
#167=CYLINDRICAL_SURFACE('',#8194,5.);
#168=CYLINDRICAL_SURFACE('',#8196,5.);
#169=CYLINDRICAL_SURFACE('',#8198,5.);
#170=CYLINDRICAL_SURFACE('',#8199,5.);
#171=CYLINDRICAL_SURFACE('',#8205,5.);
#172=CYLINDRICAL_SURFACE('',#8207,5.);
#173=CYLINDRICAL_SURFACE('',#8208,20.);
#174=CYLINDRICAL_SURFACE('',#8231,20.);
#175=CYLINDRICAL_SURFACE('',#8253,6.);
#176=CYLINDRICAL_SURFACE('',#8259,2.49999999999999);
#177=CYLINDRICAL_SURFACE('',#8263,2.49999999999999);
#178=CYLINDRICAL_SURFACE('',#8267,2.49999999999999);
#179=CYLINDRICAL_SURFACE('',#8271,2.49999999999999);
#180=CYLINDRICAL_SURFACE('',#8276,3.49999932944766);
#181=CYLINDRICAL_SURFACE('',#8282,3.50000000000001);
#182=CYLINDRICAL_SURFACE('',#8285,3.49999932944766);
#183=CYLINDRICAL_SURFACE('',#8291,3.50000000000001);
#184=CYLINDRICAL_SURFACE('',#8294,3.49999932944766);
#185=CYLINDRICAL_SURFACE('',#8300,3.50000000000001);
#186=CYLINDRICAL_SURFACE('',#8303,3.49999932944766);
#187=CYLINDRICAL_SURFACE('',#8309,3.50000000000001);
#188=CYLINDRICAL_SURFACE('',#8312,3.49999932944766);
#189=CYLINDRICAL_SURFACE('',#8318,3.50000000000001);
#190=CYLINDRICAL_SURFACE('',#8321,3.49999932944766);
#191=CYLINDRICAL_SURFACE('',#8327,3.50000000000001);
#192=CYLINDRICAL_SURFACE('',#8330,3.49999932944766);
#193=CYLINDRICAL_SURFACE('',#8336,3.50000000000001);
#194=CYLINDRICAL_SURFACE('',#8339,3.49999932944766);
#195=CYLINDRICAL_SURFACE('',#8345,3.50000000000001);
#196=CYLINDRICAL_SURFACE('',#8348,3.49999932944766);
#197=CYLINDRICAL_SURFACE('',#8354,3.50000000000001);
#198=CYLINDRICAL_SURFACE('',#8366,84.5);
#199=CYLINDRICAL_SURFACE('',#8372,97.5);
#200=CYLINDRICAL_SURFACE('',#8376,97.5);
#201=CYLINDRICAL_SURFACE('',#8380,97.5);
#202=CYLINDRICAL_SURFACE('',#8385,97.5);
#203=CYLINDRICAL_SURFACE('',#8395,2.5);
#204=CYLINDRICAL_SURFACE('',#8399,2.5);
#205=CYLINDRICAL_SURFACE('',#8403,2.5);
#206=CYLINDRICAL_SURFACE('',#8407,2.5);
#207=CYLINDRICAL_SURFACE('',#8410,2.);
#208=CYLINDRICAL_SURFACE('',#8413,2.);
#209=CYLINDRICAL_SURFACE('',#8416,2.);
#210=CYLINDRICAL_SURFACE('',#8419,2.);
#211=CYLINDRICAL_SURFACE('',#8431,94.);
#212=CYLINDRICAL_SURFACE('',#8433,92.);
#213=CYLINDRICAL_SURFACE('',#8439,90.8);
#214=CYLINDRICAL_SURFACE('',#8441,94.);
#215=FACE_BOUND('',#1236,.T.);
#216=FACE_BOUND('',#1281,.T.);
#217=FACE_BOUND('',#1320,.T.);
#218=FACE_BOUND('',#1373,.T.);
#219=FACE_BOUND('',#1397,.T.);
#220=FACE_BOUND('',#1433,.T.);
#221=FACE_BOUND('',#1434,.T.);
#222=FACE_BOUND('',#1435,.T.);
#223=FACE_BOUND('',#1436,.T.);
#224=FACE_BOUND('',#1437,.T.);
#225=FACE_BOUND('',#1438,.T.);
#226=FACE_BOUND('',#1439,.T.);
#227=FACE_BOUND('',#1440,.T.);
#228=FACE_BOUND('',#1441,.T.);
#229=FACE_BOUND('',#1442,.T.);
#230=FACE_BOUND('',#1443,.T.);
#231=FACE_BOUND('',#1444,.T.);
#232=FACE_BOUND('',#1445,.T.);
#233=FACE_BOUND('',#1450,.T.);
#234=FACE_BOUND('',#1451,.T.);
#235=FACE_BOUND('',#1452,.T.);
#236=FACE_BOUND('',#1453,.T.);
#237=FACE_BOUND('',#1460,.T.);
#238=FACE_BOUND('',#1461,.T.);
#239=FACE_BOUND('',#1462,.T.);
#240=FACE_BOUND('',#1463,.T.);
#241=FACE_BOUND('',#1487,.T.);
#242=FACE_BOUND('',#1509,.T.);
#243=FACE_BOUND('',#1511,.T.);
#244=FACE_BOUND('',#1512,.T.);
#245=FACE_BOUND('',#1513,.T.);
#246=FACE_BOUND('',#1514,.T.);
#247=FACE_BOUND('',#1515,.T.);
#248=FACE_BOUND('',#1516,.T.);
#249=FACE_BOUND('',#1517,.T.);
#250=FACE_BOUND('',#1518,.T.);
#251=FACE_BOUND('',#1519,.T.);
#252=FACE_BOUND('',#1529,.T.);
#253=FACE_BOUND('',#1530,.T.);
#254=FACE_BOUND('',#1531,.T.);
#255=FACE_BOUND('',#1532,.T.);
#256=FACE_BOUND('',#1533,.T.);
#257=FACE_BOUND('',#1599,.T.);
#258=FACE_BOUND('',#1600,.T.);
#259=FACE_BOUND('',#1601,.T.);
#260=FACE_BOUND('',#1602,.T.);
#261=FACE_BOUND('',#1604,.T.);
#262=FACE_BOUND('',#1648,.T.);
#263=FACE_BOUND('',#1649,.T.);
#264=FACE_BOUND('',#1650,.T.);
#265=FACE_BOUND('',#1651,.T.);
#266=FACE_BOUND('',#1652,.T.);
#267=FACE_BOUND('',#1656,.T.);
#268=FACE_BOUND('',#1658,.T.);
#269=FACE_BOUND('',#1662,.T.);
#270=B_SPLINE_CURVE_WITH_KNOTS('',3,(#9985,#9986,#9987,#9988,#9989),
 .UNSPECIFIED.,.F.,.F.,(4,1,4),(0.,0.0477185362992521,0.108701880909003),
 .UNSPECIFIED.);
#271=B_SPLINE_CURVE_WITH_KNOTS('',3,(#9992,#9993,#9994,#9995,#9996),
 .UNSPECIFIED.,.F.,.F.,(4,1,4),(0.,0.0477185362992521,0.108701880909003),
 .UNSPECIFIED.);
#272=B_SPLINE_CURVE_WITH_KNOTS('',3,(#10008,#10009,#10010,#10011,#10012),
 .UNSPECIFIED.,.F.,.F.,(4,1,4),(0.,0.0421014162308152,0.0830554832157086),
 .UNSPECIFIED.);
#273=B_SPLINE_CURVE_WITH_KNOTS('',3,(#10015,#10016,#10017,#10018,#10019),
 .UNSPECIFIED.,.F.,.F.,(4,1,4),(0.,0.0421014162308152,0.0830554832157086),
 .UNSPECIFIED.);
#274=B_SPLINE_CURVE_WITH_KNOTS('',3,(#10031,#10032,#10033,#10034,#10035),
 .UNSPECIFIED.,.F.,.F.,(4,1,4),(0.,0.0428135358978173,0.0863255673754426),
 .UNSPECIFIED.);
#275=B_SPLINE_CURVE_WITH_KNOTS('',3,(#10038,#10039,#10040,#10041,#10042),
 .UNSPECIFIED.,.F.,.F.,(4,1,4),(0.,0.0428135358978173,0.0863255673754426),
 .UNSPECIFIED.);
#276=B_SPLINE_CURVE_WITH_KNOTS('',3,(#10054,#10055,#10056,#10057,#10058),
 .UNSPECIFIED.,.F.,.F.,(4,1,4),(0.,0.0459730187747176,0.0983656558412284),
 .UNSPECIFIED.);
#277=B_SPLINE_CURVE_WITH_KNOTS('',3,(#10061,#10062,#10063,#10064,#10065),
 .UNSPECIFIED.,.F.,.F.,(4,1,4),(0.,0.0459730187747176,0.0983656558412284),
 .UNSPECIFIED.);
#278=B_SPLINE_CURVE_WITH_KNOTS('',3,(#10077,#10078,#10079,#10080,#10081),
 .UNSPECIFIED.,.F.,.F.,(4,1,4),(0.,0.0640818376479491,0.113732743224031),
 .UNSPECIFIED.);
#279=B_SPLINE_CURVE_WITH_KNOTS('',3,(#10084,#10085,#10086,#10087,#10088),
 .UNSPECIFIED.,.F.,.F.,(4,1,4),(0.,0.0640818376479491,0.113732743224031),
 .UNSPECIFIED.);
#280=B_SPLINE_CURVE_WITH_KNOTS('',3,(#10118,#10119,#10120,#10121,#10122),
 .UNSPECIFIED.,.F.,.F.,(4,1,4),(0.,0.057005640272424,0.132218658111577),
 .UNSPECIFIED.);
#281=B_SPLINE_CURVE_WITH_KNOTS('',3,(#10125,#10126,#10127,#10128,#10129),
 .UNSPECIFIED.,.F.,.F.,(4,1,4),(0.,0.057005640272424,0.132218658111577),
 .UNSPECIFIED.);
#282=B_SPLINE_CURVE_WITH_KNOTS('',3,(#10141,#10142,#10143,#10144,#10145),
 .UNSPECIFIED.,.F.,.F.,(4,1,4),(0.,0.0505335525354676,0.0986645476403722),
 .UNSPECIFIED.);
#283=B_SPLINE_CURVE_WITH_KNOTS('',3,(#10148,#10149,#10150,#10151,#10152),
 .UNSPECIFIED.,.F.,.F.,(4,1,4),(0.,0.0505335525354676,0.0986645476403722),
 .UNSPECIFIED.);
#284=B_SPLINE_CURVE_WITH_KNOTS('',3,(#10164,#10165,#10166,#10167,#10168),
 .UNSPECIFIED.,.F.,.F.,(4,1,4),(0.,0.0605043350825762,0.115671969883587),
 .UNSPECIFIED.);
#285=B_SPLINE_CURVE_WITH_KNOTS('',3,(#10171,#10172,#10173,#10174,#10175),
 .UNSPECIFIED.,.F.,.F.,(4,1,4),(0.,0.0605043350825762,0.115671969883587),
 .UNSPECIFIED.);
#286=B_SPLINE_CURVE_WITH_KNOTS('',3,(#10187,#10188,#10189,#10190,#10191),
 .UNSPECIFIED.,.F.,.F.,(4,1,4),(0.,0.0980694848934369,0.19588965385103),
 .UNSPECIFIED.);
#287=B_SPLINE_CURVE_WITH_KNOTS('',3,(#10194,#10195,#10196,#10197,#10198),
 .UNSPECIFIED.,.F.,.F.,(4,1,4),(0.,0.0980694848934369,0.19588965385103),
 .UNSPECIFIED.);
#288=B_SPLINE_CURVE_WITH_KNOTS('',3,(#10233,#10234,#10235,#10236,#10237),
 .UNSPECIFIED.,.F.,.F.,(4,1,4),(0.,0.0428760971534425,0.100039081653495),
 .UNSPECIFIED.);
#289=B_SPLINE_CURVE_WITH_KNOTS('',3,(#10241,#10242,#10243,#10244,#10245),
 .UNSPECIFIED.,.F.,.F.,(4,1,4),(0.,0.0428760971534425,0.100039081653495),
 .UNSPECIFIED.);
#290=B_SPLINE_CURVE_WITH_KNOTS('',3,(#10258,#10259,#10260,#10261,#10262),
 .UNSPECIFIED.,.F.,.F.,(4,1,4),(0.,0.0484358785970023,0.0953223630291203),
 .UNSPECIFIED.);
#291=B_SPLINE_CURVE_WITH_KNOTS('',3,(#10265,#10266,#10267,#10268,#10269),
 .UNSPECIFIED.,.F.,.F.,(4,1,4),(0.,0.0484358785970023,0.0953223630291203),
 .UNSPECIFIED.);
#292=B_SPLINE_CURVE_WITH_KNOTS('',3,(#10281,#10282,#10283,#10284,#10285),
 .UNSPECIFIED.,.F.,.F.,(4,1,4),(0.,0.0539655471644041,0.104761694426269),
 .UNSPECIFIED.);
#293=B_SPLINE_CURVE_WITH_KNOTS('',3,(#10288,#10289,#10290,#10291,#10292),
 .UNSPECIFIED.,.F.,.F.,(4,1,4),(0.,0.0539655471644041,0.104761694426269),
 .UNSPECIFIED.);
#294=B_SPLINE_CURVE_WITH_KNOTS('',3,(#10304,#10305,#10306,#10307,#10308),
 .UNSPECIFIED.,.F.,.F.,(4,1,4),(0.,0.0417462937972178,0.0926467858166576),
 .UNSPECIFIED.);
#295=B_SPLINE_CURVE_WITH_KNOTS('',3,(#10311,#10312,#10313,#10314,#10315),
 .UNSPECIFIED.,.F.,.F.,(4,1,4),(0.,0.0417462937972178,0.0926467858166576),
 .UNSPECIFIED.);
#296=B_SPLINE_CURVE_WITH_KNOTS('',3,(#10327,#10328,#10329,#10330,#10331),
 .UNSPECIFIED.,.F.,.F.,(4,1,4),(0.,0.0367620730809718,0.0735969806127178),
 .UNSPECIFIED.);
#297=B_SPLINE_CURVE_WITH_KNOTS('',3,(#10334,#10335,#10336,#10337,#10338),
 .UNSPECIFIED.,.F.,.F.,(4,1,4),(0.,0.0367620730809718,0.0735969806127178),
 .UNSPECIFIED.);
#298=B_SPLINE_CURVE_WITH_KNOTS('',3,(#10350,#10351,#10352,#10353,#10354),
 .UNSPECIFIED.,.F.,.F.,(4,1,4),(0.,0.0242308626179468,0.0488880785121061),
 .UNSPECIFIED.);
#299=B_SPLINE_CURVE_WITH_KNOTS('',3,(#10357,#10358,#10359,#10360,#10361),
 .UNSPECIFIED.,.F.,.F.,(4,1,4),(0.,0.0242308626179468,0.0488880785121061),
 .UNSPECIFIED.);
#300=B_SPLINE_CURVE_WITH_KNOTS('',3,(#10373,#10374,#10375,#10376,#10377),
 .UNSPECIFIED.,.F.,.F.,(4,1,4),(0.,0.0260176784204501,0.050954090243243),
 .UNSPECIFIED.);
#301=B_SPLINE_CURVE_WITH_KNOTS('',3,(#10380,#10381,#10382,#10383,#10384),
 .UNSPECIFIED.,.F.,.F.,(4,1,4),(0.,0.0260176784204501,0.050954090243243),
 .UNSPECIFIED.);
#302=B_SPLINE_CURVE_WITH_KNOTS('',3,(#10396,#10397,#10398,#10399,#10400),
 .UNSPECIFIED.,.F.,.F.,(4,1,4),(0.,0.0525309971446142,0.0880480833363642),
 .UNSPECIFIED.);
#303=B_SPLINE_CURVE_WITH_KNOTS('',3,(#10403,#10404,#10405,#10406,#10407),
 .UNSPECIFIED.,.F.,.F.,(4,1,4),(0.,0.0525309971446142,0.0880480833363642),
 .UNSPECIFIED.);
#304=B_SPLINE_CURVE_WITH_KNOTS('',3,(#10419,#10420,#10421,#10422,#10423),
 .UNSPECIFIED.,.F.,.F.,(4,1,4),(0.,0.0698312164100951,0.164935849519358),
 .UNSPECIFIED.);
#305=B_SPLINE_CURVE_WITH_KNOTS('',3,(#10426,#10427,#10428,#10429,#10430),
 .UNSPECIFIED.,.F.,.F.,(4,1,4),(0.,0.0698312164100951,0.164935849519358),
 .UNSPECIFIED.);
#306=B_SPLINE_CURVE_WITH_KNOTS('',3,(#10454,#10455,#10456,#10457,#10458),
 .UNSPECIFIED.,.F.,.F.,(4,1,4),(0.,0.0366020153182953,0.0739628808641261),
 .UNSPECIFIED.);
#307=B_SPLINE_CURVE_WITH_KNOTS('',3,(#10461,#10462,#10463,#10464,#10465),
 .UNSPECIFIED.,.F.,.F.,(4,1,4),(0.,0.0366020153182953,0.0739628808641261),
 .UNSPECIFIED.);
#308=B_SPLINE_CURVE_WITH_KNOTS('',3,(#10477,#10478,#10479,#10480,#10481),
 .UNSPECIFIED.,.F.,.F.,(4,1,4),(0.,0.111879101234974,0.173707648097426),
 .UNSPECIFIED.);
#309=B_SPLINE_CURVE_WITH_KNOTS('',3,(#10484,#10485,#10486,#10487,#10488),
 .UNSPECIFIED.,.F.,.F.,(4,1,4),(0.,0.111879101234974,0.173707648097426),
 .UNSPECIFIED.);
#310=B_SPLINE_CURVE_WITH_KNOTS('',3,(#10506,#10507,#10508,#10509,#10510),
 .UNSPECIFIED.,.F.,.F.,(4,1,4),(0.,0.0353900528249324,0.0907924689182702),
 .UNSPECIFIED.);
#311=B_SPLINE_CURVE_WITH_KNOTS('',3,(#10513,#10514,#10515,#10516,#10517),
 .UNSPECIFIED.,.F.,.F.,(4,1,4),(0.,0.0353900528249324,0.0907924689182702),
 .UNSPECIFIED.);
#312=B_SPLINE_CURVE_WITH_KNOTS('',3,(#10529,#10530,#10531,#10532,#10533),
 .UNSPECIFIED.,.F.,.F.,(4,1,4),(0.,0.035053628083028,0.0737956361217534),
 .UNSPECIFIED.);
#313=B_SPLINE_CURVE_WITH_KNOTS('',3,(#10536,#10537,#10538,#10539,#10540),
 .UNSPECIFIED.,.F.,.F.,(4,1,4),(0.,0.035053628083028,0.0737956361217534),
 .UNSPECIFIED.);
#314=B_SPLINE_CURVE_WITH_KNOTS('',3,(#10552,#10553,#10554,#10555,#10556),
 .UNSPECIFIED.,.F.,.F.,(4,1,4),(0.,0.0448443856618308,0.0819728744860401),
 .UNSPECIFIED.);
#315=B_SPLINE_CURVE_WITH_KNOTS('',3,(#10559,#10560,#10561,#10562,#10563),
 .UNSPECIFIED.,.F.,.F.,(4,1,4),(0.,0.0448443856618308,0.0819728744860401),
 .UNSPECIFIED.);
#316=B_SPLINE_CURVE_WITH_KNOTS('',3,(#10575,#10576,#10577,#10578,#10579),
 .UNSPECIFIED.,.F.,.F.,(4,1,4),(0.,0.0673994157459785,0.122326034680915),
 .UNSPECIFIED.);
#317=B_SPLINE_CURVE_WITH_KNOTS('',3,(#10582,#10583,#10584,#10585,#10586),
 .UNSPECIFIED.,.F.,.F.,(4,1,4),(0.,0.0673994157459785,0.122326034680915),
 .UNSPECIFIED.);
#318=B_SPLINE_CURVE_WITH_KNOTS('',3,(#10598,#10599,#10600,#10601,#10602),
 .UNSPECIFIED.,.F.,.F.,(4,1,4),(0.,0.063198522558394,0.133648855993632),
 .UNSPECIFIED.);
#319=B_SPLINE_CURVE_WITH_KNOTS('',3,(#10605,#10606,#10607,#10608,#10609),
 .UNSPECIFIED.,.F.,.F.,(4,1,4),(0.,0.063198522558394,0.133648855993632),
 .UNSPECIFIED.);
#320=B_SPLINE_CURVE_WITH_KNOTS('',3,(#10621,#10622,#10623,#10624,#10625),
 .UNSPECIFIED.,.F.,.F.,(4,1,4),(0.,0.0498224192934533,0.105648742656605),
 .UNSPECIFIED.);
#321=B_SPLINE_CURVE_WITH_KNOTS('',3,(#10628,#10629,#10630,#10631,#10632),
 .UNSPECIFIED.,.F.,.F.,(4,1,4),(0.,0.0498224192934533,0.105648742656605),
 .UNSPECIFIED.);
#322=B_SPLINE_CURVE_WITH_KNOTS('',3,(#10644,#10645,#10646,#10647,#10648),
 .UNSPECIFIED.,.F.,.F.,(4,1,4),(0.,0.0582958487512723,0.108997983504617),
 .UNSPECIFIED.);
#323=B_SPLINE_CURVE_WITH_KNOTS('',3,(#10651,#10652,#10653,#10654,#10655),
 .UNSPECIFIED.,.F.,.F.,(4,1,4),(0.,0.0582958487512723,0.108997983504617),
 .UNSPECIFIED.);
#324=B_SPLINE_CURVE_WITH_KNOTS('',3,(#10673,#10674,#10675,#10676,#10677),
 .UNSPECIFIED.,.F.,.F.,(4,1,4),(0.,0.043933773145534,0.0999011978456531),
 .UNSPECIFIED.);
#325=B_SPLINE_CURVE_WITH_KNOTS('',3,(#10680,#10681,#10682,#10683,#10684),
 .UNSPECIFIED.,.F.,.F.,(4,1,4),(0.,0.043933773145534,0.0999011978456531),
 .UNSPECIFIED.);
#326=B_SPLINE_CURVE_WITH_KNOTS('',3,(#10696,#10697,#10698,#10699,#10700),
 .UNSPECIFIED.,.F.,.F.,(4,1,4),(0.,0.0606118202602844,0.106739973985463),
 .UNSPECIFIED.);
#327=B_SPLINE_CURVE_WITH_KNOTS('',3,(#10703,#10704,#10705,#10706,#10707),
 .UNSPECIFIED.,.F.,.F.,(4,1,4),(0.,0.0606118202602844,0.106739973985463),
 .UNSPECIFIED.);
#328=B_SPLINE_CURVE_WITH_KNOTS('',3,(#10719,#10720,#10721,#10722,#10723),
 .UNSPECIFIED.,.F.,.F.,(4,1,4),(0.,0.0530374196485297,0.118642541557882),
 .UNSPECIFIED.);
#329=B_SPLINE_CURVE_WITH_KNOTS('',3,(#10726,#10727,#10728,#10729,#10730),
 .UNSPECIFIED.,.F.,.F.,(4,1,4),(0.,0.0530374196485297,0.118642541557882),
 .UNSPECIFIED.);
#330=B_SPLINE_CURVE_WITH_KNOTS('',3,(#10742,#10743,#10744,#10745,#10746),
 .UNSPECIFIED.,.F.,.F.,(4,1,4),(0.,0.0516305849535705,0.0910370067615189),
 .UNSPECIFIED.);
#331=B_SPLINE_CURVE_WITH_KNOTS('',3,(#10749,#10750,#10751,#10752,#10753),
 .UNSPECIFIED.,.F.,.F.,(4,1,4),(0.,0.0516305849535705,0.0910370067615189),
 .UNSPECIFIED.);
#332=B_SPLINE_CURVE_WITH_KNOTS('',3,(#10765,#10766,#10767,#10768,#10769),
 .UNSPECIFIED.,.F.,.F.,(4,1,4),(0.,0.0165125814466252,0.025654090231033),
 .UNSPECIFIED.);
#333=B_SPLINE_CURVE_WITH_KNOTS('',3,(#10772,#10773,#10774,#10775,#10776),
 .UNSPECIFIED.,.F.,.F.,(4,1,4),(0.,0.0165125814466252,0.025654090231033),
 .UNSPECIFIED.);
#334=B_SPLINE_CURVE_WITH_KNOTS('',3,(#10788,#10789,#10790,#10791,#10792),
 .UNSPECIFIED.,.F.,.F.,(4,1,4),(0.,0.104438722208797,0.178622809134572),
 .UNSPECIFIED.);
#335=B_SPLINE_CURVE_WITH_KNOTS('',3,(#10795,#10796,#10797,#10798,#10799),
 .UNSPECIFIED.,.F.,.F.,(4,1,4),(0.,0.104438722208797,0.178622809134572),
 .UNSPECIFIED.);
#336=B_SPLINE_CURVE_WITH_KNOTS('',3,(#10811,#10812,#10813,#10814,#10815),
 .UNSPECIFIED.,.F.,.F.,(4,1,4),(0.,0.0370569379456754,0.0885898378641273),
 .UNSPECIFIED.);
#337=B_SPLINE_CURVE_WITH_KNOTS('',3,(#10818,#10819,#10820,#10821,#10822),
 .UNSPECIFIED.,.F.,.F.,(4,1,4),(0.,0.0370569379456754,0.0885898378641273),
 .UNSPECIFIED.);
#338=B_SPLINE_CURVE_WITH_KNOTS('',3,(#10834,#10835,#10836,#10837,#10838),
 .UNSPECIFIED.,.F.,.F.,(4,1,4),(0.,0.0384142321177013,0.0781599766769865),
 .UNSPECIFIED.);
#339=B_SPLINE_CURVE_WITH_KNOTS('',3,(#10841,#10842,#10843,#10844,#10845),
 .UNSPECIFIED.,.F.,.F.,(4,1,4),(0.,0.0384142321177013,0.0781599766769865),
 .UNSPECIFIED.);
#340=B_SPLINE_CURVE_WITH_KNOTS('',3,(#10857,#10858,#10859,#10860,#10861),
 .UNSPECIFIED.,.F.,.F.,(4,1,4),(0.,0.0390618598433162,0.0766650126325827),
 .UNSPECIFIED.);
#341=B_SPLINE_CURVE_WITH_KNOTS('',3,(#10864,#10865,#10866,#10867,#10868),
 .UNSPECIFIED.,.F.,.F.,(4,1,4),(0.,0.0390618598433162,0.0766650126325827),
 .UNSPECIFIED.);
#342=B_SPLINE_CURVE_WITH_KNOTS('',3,(#10880,#10881,#10882,#10883,#10884),
 .UNSPECIFIED.,.F.,.F.,(4,1,4),(0.,0.0409342271405465,0.0804564987741477),
 .UNSPECIFIED.);
#343=B_SPLINE_CURVE_WITH_KNOTS('',3,(#10887,#10888,#10889,#10890,#10891),
 .UNSPECIFIED.,.F.,.F.,(4,1,4),(0.,0.0409342271405465,0.0804564987741477),
 .UNSPECIFIED.);
#344=B_SPLINE_CURVE_WITH_KNOTS('',3,(#10903,#10904,#10905,#10906,#10907),
 .UNSPECIFIED.,.F.,.F.,(4,1,4),(0.,0.0657685471900419,0.133166299186754),
 .UNSPECIFIED.);
#345=B_SPLINE_CURVE_WITH_KNOTS('',3,(#10910,#10911,#10912,#10913,#10914),
 .UNSPECIFIED.,.F.,.F.,(4,1,4),(0.,0.0657685471900419,0.133166299186754),
 .UNSPECIFIED.);
#346=B_SPLINE_CURVE_WITH_KNOTS('',3,(#10926,#10927,#10928,#10929,#10930),
 .UNSPECIFIED.,.F.,.F.,(4,1,4),(0.,0.0852399712497943,0.156635488406508),
 .UNSPECIFIED.);
#347=B_SPLINE_CURVE_WITH_KNOTS('',3,(#10933,#10934,#10935,#10936,#10937),
 .UNSPECIFIED.,.F.,.F.,(4,1,4),(0.,0.0852399712497943,0.156635488406508),
 .UNSPECIFIED.);
#348=B_SPLINE_CURVE_WITH_KNOTS('',3,(#10949,#10950,#10951,#10952,#10953),
 .UNSPECIFIED.,.F.,.F.,(4,1,4),(0.,0.0540475772162855,0.110185445938934),
 .UNSPECIFIED.);
#349=B_SPLINE_CURVE_WITH_KNOTS('',3,(#10956,#10957,#10958,#10959,#10960),
 .UNSPECIFIED.,.F.,.F.,(4,1,4),(0.,0.0540475772162855,0.110185445938934),
 .UNSPECIFIED.);
#350=B_SPLINE_CURVE_WITH_KNOTS('',3,(#10972,#10973,#10974,#10975,#10976),
 .UNSPECIFIED.,.F.,.F.,(4,1,4),(0.,0.0666323328949816,0.124471209864704),
 .UNSPECIFIED.);
#351=B_SPLINE_CURVE_WITH_KNOTS('',3,(#10979,#10980,#10981,#10982,#10983),
 .UNSPECIFIED.,.F.,.F.,(4,1,4),(0.,0.0666323328949816,0.124471209864704),
 .UNSPECIFIED.);
#352=B_SPLINE_CURVE_WITH_KNOTS('',3,(#10994,#10995,#10996,#10997,#10998),
 .UNSPECIFIED.,.F.,.F.,(4,1,4),(0.,0.0354477626522181,0.0744343157896006),
 .UNSPECIFIED.);
#353=B_SPLINE_CURVE_WITH_KNOTS('',3,(#10999,#11000,#11001,#11002,#11003),
 .UNSPECIFIED.,.F.,.F.,(4,1,4),(0.,0.0354477626522181,0.0744343157896006),
 .UNSPECIFIED.);
#354=B_SPLINE_CURVE_WITH_KNOTS('',3,(#11025,#11026,#11027,#11028,#11029),
 .UNSPECIFIED.,.F.,.F.,(4,1,4),(0.,0.066964057781654,0.161099174965131),
 .UNSPECIFIED.);
#355=B_SPLINE_CURVE_WITH_KNOTS('',3,(#11032,#11033,#11034,#11035,#11036),
 .UNSPECIFIED.,.F.,.F.,(4,1,4),(0.,0.066964057781654,0.161099174965131),
 .UNSPECIFIED.);
#356=B_SPLINE_CURVE_WITH_KNOTS('',3,(#11048,#11049,#11050,#11051,#11052),
 .UNSPECIFIED.,.F.,.F.,(4,1,4),(0.,0.0593678092631768,0.117672944140607),
 .UNSPECIFIED.);
#357=B_SPLINE_CURVE_WITH_KNOTS('',3,(#11055,#11056,#11057,#11058,#11059),
 .UNSPECIFIED.,.F.,.F.,(4,1,4),(0.,0.0593678092631768,0.117672944140607),
 .UNSPECIFIED.);
#358=B_SPLINE_CURVE_WITH_KNOTS('',3,(#11071,#11072,#11073,#11074,#11075),
 .UNSPECIFIED.,.F.,.F.,(4,1,4),(0.,0.0342864098389786,0.0712601070434715),
 .UNSPECIFIED.);
#359=B_SPLINE_CURVE_WITH_KNOTS('',3,(#11078,#11079,#11080,#11081,#11082),
 .UNSPECIFIED.,.F.,.F.,(4,1,4),(0.,0.0342864098389786,0.0712601070434715),
 .UNSPECIFIED.);
#360=B_SPLINE_CURVE_WITH_KNOTS('',3,(#11094,#11095,#11096,#11097,#11098),
 .UNSPECIFIED.,.F.,.F.,(4,1,4),(0.,0.0312583697503846,0.0636261301737171),
 .UNSPECIFIED.);
#361=B_SPLINE_CURVE_WITH_KNOTS('',3,(#11101,#11102,#11103,#11104,#11105),
 .UNSPECIFIED.,.F.,.F.,(4,1,4),(0.,0.0312583697503846,0.0636261301737171),
 .UNSPECIFIED.);
#362=B_SPLINE_CURVE_WITH_KNOTS('',3,(#11117,#11118,#11119,#11120,#11121),
 .UNSPECIFIED.,.F.,.F.,(4,1,4),(0.,0.0524656905787596,0.0905559064643955),
 .UNSPECIFIED.);
#363=B_SPLINE_CURVE_WITH_KNOTS('',3,(#11124,#11125,#11126,#11127,#11128),
 .UNSPECIFIED.,.F.,.F.,(4,1,4),(0.,0.0524656905787596,0.0905559064643955),
 .UNSPECIFIED.);
#364=B_SPLINE_CURVE_WITH_KNOTS('',3,(#11158,#11159,#11160,#11161,#11162),
 .UNSPECIFIED.,.F.,.F.,(4,1,4),(0.,0.0377396699703395,0.0957366122728481),
 .UNSPECIFIED.);
#365=B_SPLINE_CURVE_WITH_KNOTS('',3,(#11165,#11166,#11167,#11168,#11169),
 .UNSPECIFIED.,.F.,.F.,(4,1,4),(0.,0.0377396699703395,0.0957366122728481),
 .UNSPECIFIED.);
#366=B_SPLINE_CURVE_WITH_KNOTS('',3,(#11181,#11182,#11183,#11184,#11185),
 .UNSPECIFIED.,.F.,.F.,(4,1,4),(0.,0.0382287183789062,0.0791820712106784),
 .UNSPECIFIED.);
#367=B_SPLINE_CURVE_WITH_KNOTS('',3,(#11188,#11189,#11190,#11191,#11192),
 .UNSPECIFIED.,.F.,.F.,(4,1,4),(0.,0.0382287183789062,0.0791820712106784),
 .UNSPECIFIED.);
#368=B_SPLINE_CURVE_WITH_KNOTS('',3,(#11204,#11205,#11206,#11207,#11208),
 .UNSPECIFIED.,.F.,.F.,(4,1,4),(0.,0.0442181953041404,0.0830946524721072),
 .UNSPECIFIED.);
#369=B_SPLINE_CURVE_WITH_KNOTS('',3,(#11211,#11212,#11213,#11214,#11215),
 .UNSPECIFIED.,.F.,.F.,(4,1,4),(0.,0.0442181953041404,0.0830946524721072),
 .UNSPECIFIED.);
#370=B_SPLINE_CURVE_WITH_KNOTS('',3,(#11227,#11228,#11229,#11230,#11231),
 .UNSPECIFIED.,.F.,.F.,(4,1,4),(0.,0.0504313093763068,0.0984562558177379),
 .UNSPECIFIED.);
#371=B_SPLINE_CURVE_WITH_KNOTS('',3,(#11234,#11235,#11236,#11237,#11238),
 .UNSPECIFIED.,.F.,.F.,(4,1,4),(0.,0.0504313093763068,0.0984562558177379),
 .UNSPECIFIED.);
#372=B_SPLINE_CURVE_WITH_KNOTS('',3,(#11250,#11251,#11252,#11253,#11254),
 .UNSPECIFIED.,.F.,.F.,(4,1,4),(0.,0.105922027262106,0.214979310458859),
 .UNSPECIFIED.);
#373=B_SPLINE_CURVE_WITH_KNOTS('',3,(#11257,#11258,#11259,#11260,#11261),
 .UNSPECIFIED.,.F.,.F.,(4,1,4),(0.,0.105922027262106,0.214979310458859),
 .UNSPECIFIED.);
#374=B_SPLINE_CURVE_WITH_KNOTS('',3,(#11329,#11330,#11331,#11332,#11333),
 .UNSPECIFIED.,.F.,.F.,(4,1,4),(0.,0.038432831619847,0.0991681468450068),
 .UNSPECIFIED.);
#375=B_SPLINE_CURVE_WITH_KNOTS('',3,(#11336,#11337,#11338,#11339,#11340),
 .UNSPECIFIED.,.F.,.F.,(4,1,4),(0.,0.038432831619847,0.0991681468450068),
 .UNSPECIFIED.);
#376=B_SPLINE_CURVE_WITH_KNOTS('',3,(#11352,#11353,#11354,#11355,#11356),
 .UNSPECIFIED.,.F.,.F.,(4,1,4),(0.,0.0417731775244996,0.0830894728382795),
 .UNSPECIFIED.);
#377=B_SPLINE_CURVE_WITH_KNOTS('',3,(#11359,#11360,#11361,#11362,#11363),
 .UNSPECIFIED.,.F.,.F.,(4,1,4),(0.,0.0417731775244996,0.0830894728382795),
 .UNSPECIFIED.);
#378=B_SPLINE_CURVE_WITH_KNOTS('',3,(#11375,#11376,#11377,#11378,#11379),
 .UNSPECIFIED.,.F.,.F.,(4,1,4),(0.,0.0469609938486758,0.0905851227938253),
 .UNSPECIFIED.);
#379=B_SPLINE_CURVE_WITH_KNOTS('',3,(#11382,#11383,#11384,#11385,#11386),
 .UNSPECIFIED.,.F.,.F.,(4,1,4),(0.,0.0469609938486758,0.0905851227938253),
 .UNSPECIFIED.);
#380=B_SPLINE_CURVE_WITH_KNOTS('',3,(#11398,#11399,#11400,#11401,#11402),
 .UNSPECIFIED.,.F.,.F.,(4,1,4),(0.,0.0562064212897853,0.118671189618989),
 .UNSPECIFIED.);
#381=B_SPLINE_CURVE_WITH_KNOTS('',3,(#11405,#11406,#11407,#11408,#11409),
 .UNSPECIFIED.,.F.,.F.,(4,1,4),(0.,0.0562064212897853,0.118671189618989),
 .UNSPECIFIED.);
#382=B_SPLINE_CURVE_WITH_KNOTS('',3,(#11421,#11422,#11423,#11424,#11425),
 .UNSPECIFIED.,.F.,.F.,(4,1,4),(0.,0.088239969000877,0.152912747720696),
 .UNSPECIFIED.);
#383=B_SPLINE_CURVE_WITH_KNOTS('',3,(#11428,#11429,#11430,#11431,#11432),
 .UNSPECIFIED.,.F.,.F.,(4,1,4),(0.,0.088239969000877,0.152912747720696),
 .UNSPECIFIED.);
#384=B_SPLINE_CURVE_WITH_KNOTS('',3,(#11468,#11469,#11470,#11471,#11472),
 .UNSPECIFIED.,.F.,.F.,(4,1,4),(0.,0.105321461685245,0.249916240164075),
 .UNSPECIFIED.);
#385=B_SPLINE_CURVE_WITH_KNOTS('',3,(#11475,#11476,#11477,#11478,#11479),
 .UNSPECIFIED.,.F.,.F.,(4,1,4),(0.,0.105321461685245,0.249916240164075),
 .UNSPECIFIED.);
#386=B_SPLINE_CURVE_WITH_KNOTS('',3,(#11491,#11492,#11493,#11494,#11495),
 .UNSPECIFIED.,.F.,.F.,(4,1,4),(0.,0.0956579299156822,0.188224212437428),
 .UNSPECIFIED.);
#387=B_SPLINE_CURVE_WITH_KNOTS('',3,(#11498,#11499,#11500,#11501,#11502),
 .UNSPECIFIED.,.F.,.F.,(4,1,4),(0.,0.0956579299156822,0.188224212437428),
 .UNSPECIFIED.);
#388=B_SPLINE_CURVE_WITH_KNOTS('',3,(#11514,#11515,#11516,#11517,#11518),
 .UNSPECIFIED.,.F.,.F.,(4,1,4),(0.,0.055273281338467,0.112628696264429),
 .UNSPECIFIED.);
#389=B_SPLINE_CURVE_WITH_KNOTS('',3,(#11521,#11522,#11523,#11524,#11525),
 .UNSPECIFIED.,.F.,.F.,(4,1,4),(0.,0.055273281338467,0.112628696264429),
 .UNSPECIFIED.);
#390=B_SPLINE_CURVE_WITH_KNOTS('',3,(#11537,#11538,#11539,#11540,#11541),
 .UNSPECIFIED.,.F.,.F.,(4,1,4),(0.,0.0486659738409395,0.100857167671412),
 .UNSPECIFIED.);
#391=B_SPLINE_CURVE_WITH_KNOTS('',3,(#11544,#11545,#11546,#11547,#11548),
 .UNSPECIFIED.,.F.,.F.,(4,1,4),(0.,0.0486659738409395,0.100857167671412),
 .UNSPECIFIED.);
#392=B_SPLINE_CURVE_WITH_KNOTS('',3,(#11560,#11561,#11562,#11563,#11564),
 .UNSPECIFIED.,.F.,.F.,(4,1,4),(0.,0.0560232524264226,0.106366003498051),
 .UNSPECIFIED.);
#393=B_SPLINE_CURVE_WITH_KNOTS('',3,(#11567,#11568,#11569,#11570,#11571),
 .UNSPECIFIED.,.F.,.F.,(4,1,4),(0.,0.0560232524264226,0.106366003498051),
 .UNSPECIFIED.);
#394=B_SPLINE_CURVE_WITH_KNOTS('',3,(#11583,#11584,#11585,#11586,#11587),
 .UNSPECIFIED.,.F.,.F.,(4,1,4),(0.,0.0702851695907336,0.122035850500484),
 .UNSPECIFIED.);
#395=B_SPLINE_CURVE_WITH_KNOTS('',3,(#11590,#11591,#11592,#11593,#11594),
 .UNSPECIFIED.,.F.,.F.,(4,1,4),(0.,0.0702851695907336,0.122035850500484),
 .UNSPECIFIED.);
#396=B_SPLINE_CURVE_WITH_KNOTS('',3,(#11623,#11624,#11625,#11626,#11627),
 .UNSPECIFIED.,.F.,.F.,(4,1,4),(0.,0.0428761874284542,0.100039171928507),
 .UNSPECIFIED.);
#397=B_SPLINE_CURVE_WITH_KNOTS('',3,(#11631,#11632,#11633,#11634,#11635),
 .UNSPECIFIED.,.F.,.F.,(4,1,4),(0.,0.0428761874284542,0.100039171928507),
 .UNSPECIFIED.);
#398=B_SPLINE_CURVE_WITH_KNOTS('',3,(#11648,#11649,#11650,#11651,#11652),
 .UNSPECIFIED.,.F.,.F.,(4,1,4),(0.,0.0484360093784369,0.095322456695727),
 .UNSPECIFIED.);
#399=B_SPLINE_CURVE_WITH_KNOTS('',3,(#11655,#11656,#11657,#11658,#11659),
 .UNSPECIFIED.,.F.,.F.,(4,1,4),(0.,0.0484360093784369,0.095322456695727),
 .UNSPECIFIED.);
#400=B_SPLINE_CURVE_WITH_KNOTS('',3,(#11671,#11672,#11673,#11674,#11675),
 .UNSPECIFIED.,.F.,.F.,(4,1,4),(0.,0.0539656520386356,0.104761756078162),
 .UNSPECIFIED.);
#401=B_SPLINE_CURVE_WITH_KNOTS('',3,(#11678,#11679,#11680,#11681,#11682),
 .UNSPECIFIED.,.F.,.F.,(4,1,4),(0.,0.0539656520386356,0.104761756078162),
 .UNSPECIFIED.);
#402=B_SPLINE_CURVE_WITH_KNOTS('',3,(#11694,#11695,#11696,#11697,#11698),
 .UNSPECIFIED.,.F.,.F.,(4,1,4),(0.,0.0417461325140655,0.0926466245335053),
 .UNSPECIFIED.);
#403=B_SPLINE_CURVE_WITH_KNOTS('',3,(#11701,#11702,#11703,#11704,#11705),
 .UNSPECIFIED.,.F.,.F.,(4,1,4),(0.,0.0417461325140655,0.0926466245335053),
 .UNSPECIFIED.);
#404=B_SPLINE_CURVE_WITH_KNOTS('',3,(#11717,#11718,#11719,#11720,#11721),
 .UNSPECIFIED.,.F.,.F.,(4,1,4),(0.,0.0367621898720781,0.0735970020364156),
 .UNSPECIFIED.);
#405=B_SPLINE_CURVE_WITH_KNOTS('',3,(#11724,#11725,#11726,#11727,#11728),
 .UNSPECIFIED.,.F.,.F.,(4,1,4),(0.,0.0367621898720781,0.0735970020364156),
 .UNSPECIFIED.);
#406=B_SPLINE_CURVE_WITH_KNOTS('',3,(#11740,#11741,#11742,#11743,#11744),
 .UNSPECIFIED.,.F.,.F.,(4,1,4),(0.,0.0242308626179468,0.0488881375438107),
 .UNSPECIFIED.);
#407=B_SPLINE_CURVE_WITH_KNOTS('',3,(#11747,#11748,#11749,#11750,#11751),
 .UNSPECIFIED.,.F.,.F.,(4,1,4),(0.,0.0242308626179468,0.0488881375438107),
 .UNSPECIFIED.);
#408=B_SPLINE_CURVE_WITH_KNOTS('',3,(#11763,#11764,#11765,#11766,#11767),
 .UNSPECIFIED.,.F.,.F.,(4,1,4),(0.,0.0260176784204501,0.0509539562192719),
 .UNSPECIFIED.);
#409=B_SPLINE_CURVE_WITH_KNOTS('',3,(#11770,#11771,#11772,#11773,#11774),
 .UNSPECIFIED.,.F.,.F.,(4,1,4),(0.,0.0260176784204501,0.0509539562192719),
 .UNSPECIFIED.);
#410=B_SPLINE_CURVE_WITH_KNOTS('',3,(#11786,#11787,#11788,#11789,#11790),
 .UNSPECIFIED.,.F.,.F.,(4,1,4),(0.,0.0525309113877015,0.0880479975794515),
 .UNSPECIFIED.);
#411=B_SPLINE_CURVE_WITH_KNOTS('',3,(#11793,#11794,#11795,#11796,#11797),
 .UNSPECIFIED.,.F.,.F.,(4,1,4),(0.,0.0525309113877015,0.0880479975794515),
 .UNSPECIFIED.);
#412=B_SPLINE_CURVE_WITH_KNOTS('',3,(#11809,#11810,#11811,#11812,#11813),
 .UNSPECIFIED.,.F.,.F.,(4,1,4),(0.,0.0698313305276082,0.164935953034666),
 .UNSPECIFIED.);
#413=B_SPLINE_CURVE_WITH_KNOTS('',3,(#11816,#11817,#11818,#11819,#11820),
 .UNSPECIFIED.,.F.,.F.,(4,1,4),(0.,0.0698313305276082,0.164935953034666),
 .UNSPECIFIED.);
#414=B_SPLINE_CURVE_WITH_KNOTS('',3,(#11844,#11845,#11846,#11847,#11848),
 .UNSPECIFIED.,.F.,.F.,(4,1,4),(0.,0.0366020992958435,0.0739629556997333),
 .UNSPECIFIED.);
#415=B_SPLINE_CURVE_WITH_KNOTS('',3,(#11851,#11852,#11853,#11854,#11855),
 .UNSPECIFIED.,.F.,.F.,(4,1,4),(0.,0.0366020992958435,0.0739629556997333),
 .UNSPECIFIED.);
#416=B_SPLINE_CURVE_WITH_KNOTS('',3,(#11867,#11868,#11869,#11870,#11871),
 .UNSPECIFIED.,.F.,.F.,(4,1,4),(0.,0.111879162433245,0.173707632488317),
 .UNSPECIFIED.);
#417=B_SPLINE_CURVE_WITH_KNOTS('',3,(#11874,#11875,#11876,#11877,#11878),
 .UNSPECIFIED.,.F.,.F.,(4,1,4),(0.,0.111879162433245,0.173707632488317),
 .UNSPECIFIED.);
#418=B_SPLINE_CURVE_WITH_KNOTS('',3,(#11896,#11897,#11898,#11899,#11900),
 .UNSPECIFIED.,.F.,.F.,(4,1,4),(0.,0.0353899466703689,0.0907924819437163),
 .UNSPECIFIED.);
#419=B_SPLINE_CURVE_WITH_KNOTS('',3,(#11903,#11904,#11905,#11906,#11907),
 .UNSPECIFIED.,.F.,.F.,(4,1,4),(0.,0.0353899466703689,0.0907924819437163),
 .UNSPECIFIED.);
#420=B_SPLINE_CURVE_WITH_KNOTS('',3,(#11919,#11920,#11921,#11922,#11923),
 .UNSPECIFIED.,.F.,.F.,(4,1,4),(0.,0.035053628083028,0.0737956927923069),
 .UNSPECIFIED.);
#421=B_SPLINE_CURVE_WITH_KNOTS('',3,(#11926,#11927,#11928,#11929,#11930),
 .UNSPECIFIED.,.F.,.F.,(4,1,4),(0.,0.035053628083028,0.0737956927923069),
 .UNSPECIFIED.);
#422=B_SPLINE_CURVE_WITH_KNOTS('',3,(#11942,#11943,#11944,#11945,#11946),
 .UNSPECIFIED.,.F.,.F.,(4,1,4),(0.,0.0448443856618308,0.0819727454870626),
 .UNSPECIFIED.);
#423=B_SPLINE_CURVE_WITH_KNOTS('',3,(#11949,#11950,#11951,#11952,#11953),
 .UNSPECIFIED.,.F.,.F.,(4,1,4),(0.,0.0448443856618308,0.0819727454870626),
 .UNSPECIFIED.);
#424=B_SPLINE_CURVE_WITH_KNOTS('',3,(#11965,#11966,#11967,#11968,#11969),
 .UNSPECIFIED.,.F.,.F.,(4,1,4),(0.,0.067399292926304,0.122326041844436),
 .UNSPECIFIED.);
#425=B_SPLINE_CURVE_WITH_KNOTS('',3,(#11972,#11973,#11974,#11975,#11976),
 .UNSPECIFIED.,.F.,.F.,(4,1,4),(0.,0.067399292926304,0.122326041844436),
 .UNSPECIFIED.);
#426=B_SPLINE_CURVE_WITH_KNOTS('',3,(#11988,#11989,#11990,#11991,#11992),
 .UNSPECIFIED.,.F.,.F.,(4,1,4),(0.,0.0631986381016467,0.133648852650789),
 .UNSPECIFIED.);
#427=B_SPLINE_CURVE_WITH_KNOTS('',3,(#11995,#11996,#11997,#11998,#11999),
 .UNSPECIFIED.,.F.,.F.,(4,1,4),(0.,0.0631986381016467,0.133648852650789),
 .UNSPECIFIED.);
#428=B_SPLINE_CURVE_WITH_KNOTS('',3,(#12011,#12012,#12013,#12014,#12015),
 .UNSPECIFIED.,.F.,.F.,(4,1,4),(0.,0.0498224192934533,0.105648716292333),
 .UNSPECIFIED.);
#429=B_SPLINE_CURVE_WITH_KNOTS('',3,(#12018,#12019,#12020,#12021,#12022),
 .UNSPECIFIED.,.F.,.F.,(4,1,4),(0.,0.0498224192934533,0.105648716292333),
 .UNSPECIFIED.);
#430=B_SPLINE_CURVE_WITH_KNOTS('',3,(#12034,#12035,#12036,#12037,#12038),
 .UNSPECIFIED.,.F.,.F.,(4,1,4),(0.,0.0582958272701111,0.108998064666668),
 .UNSPECIFIED.);
#431=B_SPLINE_CURVE_WITH_KNOTS('',3,(#12041,#12042,#12043,#12044,#12045),
 .UNSPECIFIED.,.F.,.F.,(4,1,4),(0.,0.0582958272701111,0.108998064666668),
 .UNSPECIFIED.);
#432=B_SPLINE_CURVE_WITH_KNOTS('',3,(#12063,#12064,#12065,#12066,#12067),
 .UNSPECIFIED.,.F.,.F.,(4,1,4),(0.,0.043933695778649,0.0999012188411046),
 .UNSPECIFIED.);
#433=B_SPLINE_CURVE_WITH_KNOTS('',3,(#12070,#12071,#12072,#12073,#12074),
 .UNSPECIFIED.,.F.,.F.,(4,1,4),(0.,0.043933695778649,0.0999012188411046),
 .UNSPECIFIED.);
#434=B_SPLINE_CURVE_WITH_KNOTS('',3,(#12086,#12087,#12088,#12089,#12090),
 .UNSPECIFIED.,.F.,.F.,(4,1,4),(0.,0.0606118202602844,0.106740083280669),
 .UNSPECIFIED.);
#435=B_SPLINE_CURVE_WITH_KNOTS('',3,(#12093,#12094,#12095,#12096,#12097),
 .UNSPECIFIED.,.F.,.F.,(4,1,4),(0.,0.0606118202602844,0.106740083280669),
 .UNSPECIFIED.);
#436=B_SPLINE_CURVE_WITH_KNOTS('',3,(#12109,#12110,#12111,#12112,#12113),
 .UNSPECIFIED.,.F.,.F.,(4,1,4),(0.,0.0530374757630738,0.118642464304518),
 .UNSPECIFIED.);
#437=B_SPLINE_CURVE_WITH_KNOTS('',3,(#12116,#12117,#12118,#12119,#12120),
 .UNSPECIFIED.,.F.,.F.,(4,1,4),(0.,0.0530374757630738,0.118642464304518),
 .UNSPECIFIED.);
#438=B_SPLINE_CURVE_WITH_KNOTS('',3,(#12132,#12133,#12134,#12135,#12136),
 .UNSPECIFIED.,.F.,.F.,(4,1,4),(0.,0.0516305849535705,0.0910370067615189),
 .UNSPECIFIED.);
#439=B_SPLINE_CURVE_WITH_KNOTS('',3,(#12139,#12140,#12141,#12142,#12143),
 .UNSPECIFIED.,.F.,.F.,(4,1,4),(0.,0.0516305849535705,0.0910370067615189),
 .UNSPECIFIED.);
#440=B_SPLINE_CURVE_WITH_KNOTS('',3,(#12155,#12156,#12157,#12158,#12159),
 .UNSPECIFIED.,.F.,.F.,(4,1,4),(0.,0.0165125784917284,0.0256540872761362),
 .UNSPECIFIED.);
#441=B_SPLINE_CURVE_WITH_KNOTS('',3,(#12162,#12163,#12164,#12165,#12166),
 .UNSPECIFIED.,.F.,.F.,(4,1,4),(0.,0.0165125784917284,0.0256540872761362),
 .UNSPECIFIED.);
#442=B_SPLINE_CURVE_WITH_KNOTS('',3,(#12178,#12179,#12180,#12181,#12182),
 .UNSPECIFIED.,.F.,.F.,(4,1,4),(0.,0.104438722208797,0.178622809134572),
 .UNSPECIFIED.);
#443=B_SPLINE_CURVE_WITH_KNOTS('',3,(#12185,#12186,#12187,#12188,#12189),
 .UNSPECIFIED.,.F.,.F.,(4,1,4),(0.,0.104438722208797,0.178622809134572),
 .UNSPECIFIED.);
#444=B_SPLINE_CURVE_WITH_KNOTS('',3,(#12201,#12202,#12203,#12204,#12205),
 .UNSPECIFIED.,.F.,.F.,(4,1,4),(0.,0.037056821205715,0.0885898391542158),
 .UNSPECIFIED.);
#445=B_SPLINE_CURVE_WITH_KNOTS('',3,(#12208,#12209,#12210,#12211,#12212),
 .UNSPECIFIED.,.F.,.F.,(4,1,4),(0.,0.037056821205715,0.0885898391542158),
 .UNSPECIFIED.);
#446=B_SPLINE_CURVE_WITH_KNOTS('',3,(#12224,#12225,#12226,#12227,#12228),
 .UNSPECIFIED.,.F.,.F.,(4,1,4),(0.,0.0384142321177013,0.0781599766769865),
 .UNSPECIFIED.);
#447=B_SPLINE_CURVE_WITH_KNOTS('',3,(#12231,#12232,#12233,#12234,#12235),
 .UNSPECIFIED.,.F.,.F.,(4,1,4),(0.,0.0384142321177013,0.0781599766769865),
 .UNSPECIFIED.);
#448=B_SPLINE_CURVE_WITH_KNOTS('',3,(#12247,#12248,#12249,#12250,#12251),
 .UNSPECIFIED.,.F.,.F.,(4,1,4),(0.,0.0390618111309972,0.0766650140895531),
 .UNSPECIFIED.);
#449=B_SPLINE_CURVE_WITH_KNOTS('',3,(#12254,#12255,#12256,#12257,#12258),
 .UNSPECIFIED.,.F.,.F.,(4,1,4),(0.,0.0390618111309972,0.0766650140895531),
 .UNSPECIFIED.);
#450=B_SPLINE_CURVE_WITH_KNOTS('',3,(#12270,#12271,#12272,#12273,#12274),
 .UNSPECIFIED.,.F.,.F.,(4,1,4),(0.,0.0409343455360237,0.0804566171696249),
 .UNSPECIFIED.);
#451=B_SPLINE_CURVE_WITH_KNOTS('',3,(#12277,#12278,#12279,#12280,#12281),
 .UNSPECIFIED.,.F.,.F.,(4,1,4),(0.,0.0409343455360237,0.0804566171696249),
 .UNSPECIFIED.);
#452=B_SPLINE_CURVE_WITH_KNOTS('',3,(#12293,#12294,#12295,#12296,#12297),
 .UNSPECIFIED.,.F.,.F.,(4,1,4),(0.,0.0657687619519257,0.133166455432913),
 .UNSPECIFIED.);
#453=B_SPLINE_CURVE_WITH_KNOTS('',3,(#12300,#12301,#12302,#12303,#12304),
 .UNSPECIFIED.,.F.,.F.,(4,1,4),(0.,0.0657687619519257,0.133166455432913),
 .UNSPECIFIED.);
#454=B_SPLINE_CURVE_WITH_KNOTS('',3,(#12316,#12317,#12318,#12319,#12320),
 .UNSPECIFIED.,.F.,.F.,(4,1,4),(0.,0.0852399712497943,0.156635430320148),
 .UNSPECIFIED.);
#455=B_SPLINE_CURVE_WITH_KNOTS('',3,(#12323,#12324,#12325,#12326,#12327),
 .UNSPECIFIED.,.F.,.F.,(4,1,4),(0.,0.0852399712497943,0.156635430320148),
 .UNSPECIFIED.);
#456=B_SPLINE_CURVE_WITH_KNOTS('',3,(#12339,#12340,#12341,#12342,#12343),
 .UNSPECIFIED.,.F.,.F.,(4,1,4),(0.,0.0540473990805303,0.110185396720172),
 .UNSPECIFIED.);
#457=B_SPLINE_CURVE_WITH_KNOTS('',3,(#12346,#12347,#12348,#12349,#12350),
 .UNSPECIFIED.,.F.,.F.,(4,1,4),(0.,0.0540473990805303,0.110185396720172),
 .UNSPECIFIED.);
#458=B_SPLINE_CURVE_WITH_KNOTS('',3,(#12362,#12363,#12364,#12365,#12366),
 .UNSPECIFIED.,.F.,.F.,(4,1,4),(0.,0.0666322369739353,0.124471113943657),
 .UNSPECIFIED.);
#459=B_SPLINE_CURVE_WITH_KNOTS('',3,(#12369,#12370,#12371,#12372,#12373),
 .UNSPECIFIED.,.F.,.F.,(4,1,4),(0.,0.0666322369739353,0.124471113943657),
 .UNSPECIFIED.);
#460=B_SPLINE_CURVE_WITH_KNOTS('',3,(#12384,#12385,#12386,#12387,#12388),
 .UNSPECIFIED.,.F.,.F.,(4,1,4),(0.,0.0354477626522181,0.0744341985704907),
 .UNSPECIFIED.);
#461=B_SPLINE_CURVE_WITH_KNOTS('',3,(#12389,#12390,#12391,#12392,#12393),
 .UNSPECIFIED.,.F.,.F.,(4,1,4),(0.,0.0354477626522181,0.0744341985704907),
 .UNSPECIFIED.);
#462=B_SPLINE_CURVE_WITH_KNOTS('',3,(#12407,#12408,#12409,#12410,#12411),
 .UNSPECIFIED.,.F.,.F.,(4,1,4),(0.,0.0154087615995495,0.0348623626112247),
 .UNSPECIFIED.);
#463=B_SPLINE_CURVE_WITH_KNOTS('',3,(#12415,#12416,#12417,#12418,#12419),
 .UNSPECIFIED.,.F.,.F.,(4,1,4),(0.,0.0154087615995495,0.0348623626112247),
 .UNSPECIFIED.);
#464=B_SPLINE_CURVE_WITH_KNOTS('',3,(#12432,#12433,#12434,#12435,#12436),
 .UNSPECIFIED.,.F.,.F.,(4,1,4),(0.,0.0128282691310294,0.0258065981518205),
 .UNSPECIFIED.);
#465=B_SPLINE_CURVE_WITH_KNOTS('',3,(#12439,#12440,#12441,#12442,#12443),
 .UNSPECIFIED.,.F.,.F.,(4,1,4),(0.,0.0128282691310294,0.0258065981518205),
 .UNSPECIFIED.);
#466=B_SPLINE_CURVE_WITH_KNOTS('',3,(#12455,#12456,#12457,#12458,#12459),
 .UNSPECIFIED.,.F.,.F.,(4,1,4),(0.,0.0345376904570075,0.0543912184453732),
 .UNSPECIFIED.);
#467=B_SPLINE_CURVE_WITH_KNOTS('',3,(#12462,#12463,#12464,#12465,#12466),
 .UNSPECIFIED.,.F.,.F.,(4,1,4),(0.,0.0345376904570075,0.0543912184453732),
 .UNSPECIFIED.);
#468=B_SPLINE_CURVE_WITH_KNOTS('',3,(#12544,#12545,#12546,#12547,#12548),
 .UNSPECIFIED.,.F.,.F.,(4,1,4),(0.,0.0439071562526322,0.11722915538125),
 .UNSPECIFIED.);
#469=B_SPLINE_CURVE_WITH_KNOTS('',3,(#12551,#12552,#12553,#12554,#12555),
 .UNSPECIFIED.,.F.,.F.,(4,1,4),(0.,0.0439071562526322,0.11722915538125),
 .UNSPECIFIED.);
#470=B_SPLINE_CURVE_WITH_KNOTS('',3,(#12567,#12568,#12569,#12570,#12571),
 .UNSPECIFIED.,.F.,.F.,(4,1,4),(0.,0.0317917934172122,0.0614189862698768),
 .UNSPECIFIED.);
#471=B_SPLINE_CURVE_WITH_KNOTS('',3,(#12574,#12575,#12576,#12577,#12578),
 .UNSPECIFIED.,.F.,.F.,(4,1,4),(0.,0.0317917934172122,0.0614189862698768),
 .UNSPECIFIED.);
#472=B_SPLINE_CURVE_WITH_KNOTS('',3,(#12590,#12591,#12592,#12593,#12594),
 .UNSPECIFIED.,.F.,.F.,(4,1,4),(0.,0.0476641581566334,0.0853356475658886),
 .UNSPECIFIED.);
#473=B_SPLINE_CURVE_WITH_KNOTS('',3,(#12597,#12598,#12599,#12600,#12601),
 .UNSPECIFIED.,.F.,.F.,(4,1,4),(0.,0.0476641581566334,0.0853356475658886),
 .UNSPECIFIED.);
#474=B_SPLINE_CURVE_WITH_KNOTS('',3,(#12613,#12614,#12615,#12616,#12617),
 .UNSPECIFIED.,.F.,.F.,(4,1,4),(0.,0.0398325082908042,0.0748257669165897),
 .UNSPECIFIED.);
#475=B_SPLINE_CURVE_WITH_KNOTS('',3,(#12620,#12621,#12622,#12623,#12624),
 .UNSPECIFIED.,.F.,.F.,(4,1,4),(0.,0.0398325082908042,0.0748257669165897),
 .UNSPECIFIED.);
#476=B_SPLINE_CURVE_WITH_KNOTS('',3,(#12641,#12642,#12643,#12644,#12645),
 .UNSPECIFIED.,.F.,.F.,(4,1,4),(0.,0.0189872549913956,0.0433038757495189),
 .UNSPECIFIED.);
#477=B_SPLINE_CURVE_WITH_KNOTS('',3,(#12646,#12647,#12648,#12649,#12650),
 .UNSPECIFIED.,.F.,.F.,(4,1,4),(0.,0.0189872549913956,0.0433038757495189),
 .UNSPECIFIED.);
#478=B_SPLINE_CURVE_WITH_KNOTS('',3,(#12714,#12715,#12716,#12717,#12718),
 .UNSPECIFIED.,.F.,.F.,(4,1,4),(0.,0.0633663849749193,0.125232344798467),
 .UNSPECIFIED.);
#479=B_SPLINE_CURVE_WITH_KNOTS('',3,(#12722,#12723,#12724,#12725,#12726),
 .UNSPECIFIED.,.F.,.F.,(4,1,4),(0.,0.0633663849749193,0.125232344798467),
 .UNSPECIFIED.);
#480=B_SPLINE_CURVE_WITH_KNOTS('',3,(#12739,#12740,#12741,#12742,#12743),
 .UNSPECIFIED.,.F.,.F.,(4,1,4),(0.,0.0686710204556168,0.137942993807543),
 .UNSPECIFIED.);
#481=B_SPLINE_CURVE_WITH_KNOTS('',3,(#12746,#12747,#12748,#12749,#12750),
 .UNSPECIFIED.,.F.,.F.,(4,1,4),(0.,0.0686710204556168,0.137942993807543),
 .UNSPECIFIED.);
#482=B_SPLINE_CURVE_WITH_KNOTS('',3,(#12762,#12763,#12764,#12765,#12766),
 .UNSPECIFIED.,.F.,.F.,(4,1,4),(0.,0.065202954225477,0.117085069860043),
 .UNSPECIFIED.);
#483=B_SPLINE_CURVE_WITH_KNOTS('',3,(#12769,#12770,#12771,#12772,#12773),
 .UNSPECIFIED.,.F.,.F.,(4,1,4),(0.,0.065202954225477,0.117085069860043),
 .UNSPECIFIED.);
#484=B_SPLINE_CURVE_WITH_KNOTS('',3,(#12790,#12791,#12792,#12793,#12794),
 .UNSPECIFIED.,.F.,.F.,(4,1,4),(0.,0.063794813919845,0.133668345174383),
 .UNSPECIFIED.);
#485=B_SPLINE_CURVE_WITH_KNOTS('',3,(#12795,#12796,#12797,#12798,#12799),
 .UNSPECIFIED.,.F.,.F.,(4,1,4),(0.,0.063794813919845,0.133668345174383),
 .UNSPECIFIED.);
#486=B_SPLINE_CURVE_WITH_KNOTS('',3,(#12812,#12813,#12814,#12815,#12816),
 .UNSPECIFIED.,.F.,.F.,(4,1,4),(0.,0.0505682265538163,0.0977914046901852),
 .UNSPECIFIED.);
#487=B_SPLINE_CURVE_WITH_KNOTS('',3,(#12820,#12821,#12822,#12823,#12824),
 .UNSPECIFIED.,.F.,.F.,(4,1,4),(0.,0.0505682265538163,0.0977914046901852),
 .UNSPECIFIED.);
#488=B_SPLINE_CURVE_WITH_KNOTS('',3,(#12837,#12838,#12839,#12840,#12841),
 .UNSPECIFIED.,.F.,.F.,(4,1,4),(0.,0.0665333306670513,0.134307292253401),
 .UNSPECIFIED.);
#489=B_SPLINE_CURVE_WITH_KNOTS('',3,(#12844,#12845,#12846,#12847,#12848),
 .UNSPECIFIED.,.F.,.F.,(4,1,4),(0.,0.0665333306670513,0.134307292253401),
 .UNSPECIFIED.);
#490=B_SPLINE_CURVE_WITH_KNOTS('',3,(#12860,#12861,#12862,#12863,#12864),
 .UNSPECIFIED.,.F.,.F.,(4,1,4),(0.,0.0858599421369592,0.158415384513014),
 .UNSPECIFIED.);
#491=B_SPLINE_CURVE_WITH_KNOTS('',3,(#12867,#12868,#12869,#12870,#12871),
 .UNSPECIFIED.,.F.,.F.,(4,1,4),(0.,0.0858599421369592,0.158415384513014),
 .UNSPECIFIED.);
#492=B_SPLINE_CURVE_WITH_KNOTS('',3,(#12889,#12890,#12891,#12892,#12893),
 .UNSPECIFIED.,.F.,.F.,(4,1,4),(0.,0.0109149392921653,0.0262000727430189),
 .UNSPECIFIED.);
#493=B_SPLINE_CURVE_WITH_KNOTS('',3,(#12896,#12897,#12898,#12899,#12900),
 .UNSPECIFIED.,.F.,.F.,(4,1,4),(0.,0.0109149392921653,0.0262000727430189),
 .UNSPECIFIED.);
#494=B_SPLINE_CURVE_WITH_KNOTS('',3,(#12912,#12913,#12914,#12915,#12916),
 .UNSPECIFIED.,.F.,.F.,(4,1,4),(0.,0.110093764673915,0.238839512948236),
 .UNSPECIFIED.);
#495=B_SPLINE_CURVE_WITH_KNOTS('',3,(#12919,#12920,#12921,#12922,#12923),
 .UNSPECIFIED.,.F.,.F.,(4,1,4),(0.,0.110093764673915,0.238839512948236),
 .UNSPECIFIED.);
#496=B_SPLINE_CURVE_WITH_KNOTS('',3,(#12935,#12936,#12937,#12938,#12939),
 .UNSPECIFIED.,.F.,.F.,(4,1,4),(0.,0.107430613986134,0.210533496067191),
 .UNSPECIFIED.);
#497=B_SPLINE_CURVE_WITH_KNOTS('',3,(#12942,#12943,#12944,#12945,#12946),
 .UNSPECIFIED.,.F.,.F.,(4,1,4),(0.,0.107430613986134,0.210533496067191),
 .UNSPECIFIED.);
#498=B_SPLINE_CURVE_WITH_KNOTS('',3,(#12958,#12959,#12960,#12961,#12962),
 .UNSPECIFIED.,.F.,.F.,(4,1,4),(0.,0.105594819918636,0.216318976348483),
 .UNSPECIFIED.);
#499=B_SPLINE_CURVE_WITH_KNOTS('',3,(#12965,#12966,#12967,#12968,#12969),
 .UNSPECIFIED.,.F.,.F.,(4,1,4),(0.,0.105594819918636,0.216318976348483),
 .UNSPECIFIED.);
#500=B_SPLINE_CURVE_WITH_KNOTS('',3,(#12981,#12982,#12983,#12984,#12985),
 .UNSPECIFIED.,.F.,.F.,(4,1,4),(0.,0.131234555724149,0.24359660786866),
 .UNSPECIFIED.);
#501=B_SPLINE_CURVE_WITH_KNOTS('',3,(#12988,#12989,#12990,#12991,#12992),
 .UNSPECIFIED.,.F.,.F.,(4,1,4),(0.,0.131234555724149,0.24359660786866),
 .UNSPECIFIED.);
#502=B_SPLINE_CURVE_WITH_KNOTS('',3,(#13004,#13005,#13006,#13007,#13008),
 .UNSPECIFIED.,.F.,.F.,(4,1,4),(0.,0.109476474972915,0.236486989573336),
 .UNSPECIFIED.);
#503=B_SPLINE_CURVE_WITH_KNOTS('',3,(#13011,#13012,#13013,#13014,#13015),
 .UNSPECIFIED.,.F.,.F.,(4,1,4),(0.,0.109476474972915,0.236486989573336),
 .UNSPECIFIED.);
#504=B_SPLINE_CURVE_WITH_KNOTS('',3,(#13027,#13028,#13029,#13030,#13031),
 .UNSPECIFIED.,.F.,.F.,(4,1,4),(0.,0.115708306391846,0.221275424333974),
 .UNSPECIFIED.);
#505=B_SPLINE_CURVE_WITH_KNOTS('',3,(#13034,#13035,#13036,#13037,#13038),
 .UNSPECIFIED.,.F.,.F.,(4,1,4),(0.,0.115708306391846,0.221275424333974),
 .UNSPECIFIED.);
#506=B_SPLINE_CURVE_WITH_KNOTS('',3,(#13050,#13051,#13052,#13053,#13054),
 .UNSPECIFIED.,.F.,.F.,(4,1,4),(0.,0.0826095096444227,0.175376550668175),
 .UNSPECIFIED.);
#507=B_SPLINE_CURVE_WITH_KNOTS('',3,(#13057,#13058,#13059,#13060,#13061),
 .UNSPECIFIED.,.F.,.F.,(4,1,4),(0.,0.0826095096444227,0.175376550668175),
 .UNSPECIFIED.);
#508=B_SPLINE_CURVE_WITH_KNOTS('',3,(#13073,#13074,#13075,#13076,#13077),
 .UNSPECIFIED.,.F.,.F.,(4,1,4),(0.,0.0860935792402066,0.166606388495515),
 .UNSPECIFIED.);
#509=B_SPLINE_CURVE_WITH_KNOTS('',3,(#13080,#13081,#13082,#13083,#13084),
 .UNSPECIFIED.,.F.,.F.,(4,1,4),(0.,0.0860935792402066,0.166606388495515),
 .UNSPECIFIED.);
#510=B_SPLINE_CURVE_WITH_KNOTS('',3,(#13101,#13102,#13103,#13104,#13105),
 .UNSPECIFIED.,.F.,.F.,(4,1,4),(0.,0.0502930210227128,0.110147236943819),
 .UNSPECIFIED.);
#511=B_SPLINE_CURVE_WITH_KNOTS('',3,(#13106,#13107,#13108,#13109,#13110),
 .UNSPECIFIED.,.F.,.F.,(4,1,4),(0.,0.0502930210227128,0.110147236943819),
 .UNSPECIFIED.);
#512=B_SPLINE_CURVE_WITH_KNOTS('',3,(#13124,#13125,#13126,#13127,#13128),
 .UNSPECIFIED.,.F.,.F.,(4,1,4),(0.,0.0616313515949341,0.125358995615732),
 .UNSPECIFIED.);
#513=B_SPLINE_CURVE_WITH_KNOTS('',3,(#13132,#13133,#13134,#13135,#13136),
 .UNSPECIFIED.,.F.,.F.,(4,1,4),(0.,0.0616313515949341,0.125358995615732),
 .UNSPECIFIED.);
#514=B_SPLINE_CURVE_WITH_KNOTS('',3,(#13149,#13150,#13151,#13152,#13153),
 .UNSPECIFIED.,.F.,.F.,(4,1,4),(0.,0.0660307266818508,0.129378948079971),
 .UNSPECIFIED.);
#515=B_SPLINE_CURVE_WITH_KNOTS('',3,(#13156,#13157,#13158,#13159,#13160),
 .UNSPECIFIED.,.F.,.F.,(4,1,4),(0.,0.0660307266818508,0.129378948079971),
 .UNSPECIFIED.);
#516=B_SPLINE_CURVE_WITH_KNOTS('',3,(#13172,#13173,#13174,#13175,#13176),
 .UNSPECIFIED.,.F.,.F.,(4,1,4),(0.,0.10377241372287,0.183096643694145),
 .UNSPECIFIED.);
#517=B_SPLINE_CURVE_WITH_KNOTS('',3,(#13179,#13180,#13181,#13182,#13183),
 .UNSPECIFIED.,.F.,.F.,(4,1,4),(0.,0.10377241372287,0.183096643694145),
 .UNSPECIFIED.);
#518=B_SPLINE_CURVE_WITH_KNOTS('',3,(#13195,#13196,#13197,#13198,#13199),
 .UNSPECIFIED.,.F.,.F.,(4,1,4),(0.,0.0748629578044511,0.169810761712491),
 .UNSPECIFIED.);
#519=B_SPLINE_CURVE_WITH_KNOTS('',3,(#13202,#13203,#13204,#13205,#13206),
 .UNSPECIFIED.,.F.,.F.,(4,1,4),(0.,0.0748629578044511,0.169810761712491),
 .UNSPECIFIED.);
#520=B_SPLINE_CURVE_WITH_KNOTS('',3,(#13218,#13219,#13220,#13221,#13222),
 .UNSPECIFIED.,.F.,.F.,(4,1,4),(0.,0.0609064133653056,0.124228929739345),
 .UNSPECIFIED.);
#521=B_SPLINE_CURVE_WITH_KNOTS('',3,(#13225,#13226,#13227,#13228,#13229),
 .UNSPECIFIED.,.F.,.F.,(4,1,4),(0.,0.0609064133653056,0.124228929739345),
 .UNSPECIFIED.);
#522=B_SPLINE_CURVE_WITH_KNOTS('',3,(#13241,#13242,#13243,#13244,#13245),
 .UNSPECIFIED.,.F.,.F.,(4,1,4),(0.,0.0657727558468969,0.126962332127071),
 .UNSPECIFIED.);
#523=B_SPLINE_CURVE_WITH_KNOTS('',3,(#13248,#13249,#13250,#13251,#13252),
 .UNSPECIFIED.,.F.,.F.,(4,1,4),(0.,0.0657727558468969,0.126962332127071),
 .UNSPECIFIED.);
#524=B_SPLINE_CURVE_WITH_KNOTS('',3,(#13264,#13265,#13266,#13267,#13268),
 .UNSPECIFIED.,.F.,.F.,(4,1,4),(0.,0.0979764609598118,0.175585024449096),
 .UNSPECIFIED.);
#525=B_SPLINE_CURVE_WITH_KNOTS('',3,(#13271,#13272,#13273,#13274,#13275),
 .UNSPECIFIED.,.F.,.F.,(4,1,4),(0.,0.0979764609598118,0.175585024449096),
 .UNSPECIFIED.);
#526=B_SPLINE_CURVE_WITH_KNOTS('',3,(#13286,#13287,#13288,#13289,#13290),
 .UNSPECIFIED.,.F.,.F.,(4,1,4),(0.,0.0762795798677284,0.176602172050001),
 .UNSPECIFIED.);
#527=B_SPLINE_CURVE_WITH_KNOTS('',3,(#13291,#13292,#13293,#13294,#13295),
 .UNSPECIFIED.,.F.,.F.,(4,1,4),(0.,0.0762795798677284,0.176602172050001),
 .UNSPECIFIED.);
#528=B_SPLINE_CURVE_WITH_KNOTS('',3,(#13328,#13329,#13330,#13331,#13332),
 .UNSPECIFIED.,.F.,.F.,(4,1,4),(0.,0.0448773491944543,0.0884228641430248),
 .UNSPECIFIED.);
#529=B_SPLINE_CURVE_WITH_KNOTS('',3,(#13335,#13336,#13337,#13338,#13339),
 .UNSPECIFIED.,.F.,.F.,(4,1,4),(0.,0.0448773491944543,0.0884228641430248),
 .UNSPECIFIED.);
#530=B_SPLINE_CURVE_WITH_KNOTS('',3,(#13351,#13352,#13353,#13354,#13355),
 .UNSPECIFIED.,.F.,.F.,(4,1,4),(0.,0.0498372828556194,0.0967348602109877),
 .UNSPECIFIED.);
#531=B_SPLINE_CURVE_WITH_KNOTS('',3,(#13358,#13359,#13360,#13361,#13362),
 .UNSPECIFIED.,.F.,.F.,(4,1,4),(0.,0.0498372828556194,0.0967348602109877),
 .UNSPECIFIED.);
#532=B_SPLINE_CURVE_WITH_KNOTS('',3,(#13374,#13375,#13376,#13377,#13378),
 .UNSPECIFIED.,.F.,.F.,(4,1,4),(0.,0.0674513016867841,0.136175651677913),
 .UNSPECIFIED.);
#533=B_SPLINE_CURVE_WITH_KNOTS('',3,(#13381,#13382,#13383,#13384,#13385),
 .UNSPECIFIED.,.F.,.F.,(4,1,4),(0.,0.0674513016867841,0.136175651677913),
 .UNSPECIFIED.);
#534=B_SPLINE_CURVE_WITH_KNOTS('',3,(#13397,#13398,#13399,#13400,#13401),
 .UNSPECIFIED.,.F.,.F.,(4,1,4),(0.,0.0723064006985769,0.140684036539977),
 .UNSPECIFIED.);
#535=B_SPLINE_CURVE_WITH_KNOTS('',3,(#13404,#13405,#13406,#13407,#13408),
 .UNSPECIFIED.,.F.,.F.,(4,1,4),(0.,0.0723064006985769,0.140684036539977),
 .UNSPECIFIED.);
#536=B_SPLINE_CURVE_WITH_KNOTS('',3,(#13420,#13421,#13422,#13423,#13424),
 .UNSPECIFIED.,.F.,.F.,(4,1,4),(0.,0.0829895488811742,0.160572058202691),
 .UNSPECIFIED.);
#537=B_SPLINE_CURVE_WITH_KNOTS('',3,(#13427,#13428,#13429,#13430,#13431),
 .UNSPECIFIED.,.F.,.F.,(4,1,4),(0.,0.0829895488811742,0.160572058202691),
 .UNSPECIFIED.);
#538=B_SPLINE_CURVE_WITH_KNOTS('',3,(#13443,#13444,#13445,#13446,#13447),
 .UNSPECIFIED.,.F.,.F.,(4,1,4),(0.,0.0775297109524185,0.161803761724547),
 .UNSPECIFIED.);
#539=B_SPLINE_CURVE_WITH_KNOTS('',3,(#13450,#13451,#13452,#13453,#13454),
 .UNSPECIFIED.,.F.,.F.,(4,1,4),(0.,0.0775297109524185,0.161803761724547),
 .UNSPECIFIED.);
#540=B_SPLINE_CURVE_WITH_KNOTS('',3,(#13466,#13467,#13468,#13469,#13470),
 .UNSPECIFIED.,.F.,.F.,(4,1,4),(0.,0.0688041736547962,0.14075035846349),
 .UNSPECIFIED.);
#541=B_SPLINE_CURVE_WITH_KNOTS('',3,(#13473,#13474,#13475,#13476,#13477),
 .UNSPECIFIED.,.F.,.F.,(4,1,4),(0.,0.0688041736547962,0.14075035846349),
 .UNSPECIFIED.);
#542=B_SPLINE_CURVE_WITH_KNOTS('',3,(#13489,#13490,#13491,#13492,#13493),
 .UNSPECIFIED.,.F.,.F.,(4,1,4),(0.,0.0672571932424026,0.13475756567701),
 .UNSPECIFIED.);
#543=B_SPLINE_CURVE_WITH_KNOTS('',3,(#13496,#13497,#13498,#13499,#13500),
 .UNSPECIFIED.,.F.,.F.,(4,1,4),(0.,0.0672571932424026,0.13475756567701),
 .UNSPECIFIED.);
#544=B_SPLINE_CURVE_WITH_KNOTS('',3,(#13512,#13513,#13514,#13515,#13516),
 .UNSPECIFIED.,.F.,.F.,(4,1,4),(0.,0.0938938624537157,0.190330925630783),
 .UNSPECIFIED.);
#545=B_SPLINE_CURVE_WITH_KNOTS('',3,(#13519,#13520,#13521,#13522,#13523),
 .UNSPECIFIED.,.F.,.F.,(4,1,4),(0.,0.0938938624537157,0.190330925630783),
 .UNSPECIFIED.);
#546=B_SPLINE_CURVE_WITH_KNOTS('',3,(#13571,#13572,#13573,#13574,#13575),
 .UNSPECIFIED.,.F.,.F.,(4,1,4),(0.,0.0831234057216407,0.16167521735015),
 .UNSPECIFIED.);
#547=B_SPLINE_CURVE_WITH_KNOTS('',3,(#13579,#13580,#13581,#13582,#13583),
 .UNSPECIFIED.,.F.,.F.,(4,1,4),(0.,0.0831234057216407,0.16167521735015),
 .UNSPECIFIED.);
#548=B_SPLINE_CURVE_WITH_KNOTS('',3,(#13596,#13597,#13598,#13599,#13600),
 .UNSPECIFIED.,.F.,.F.,(4,1,4),(0.,0.0711888417117108,0.142346316232043),
 .UNSPECIFIED.);
#549=B_SPLINE_CURVE_WITH_KNOTS('',3,(#13603,#13604,#13605,#13606,#13607),
 .UNSPECIFIED.,.F.,.F.,(4,1,4),(0.,0.0711888417117108,0.142346316232043),
 .UNSPECIFIED.);
#550=B_SPLINE_CURVE_WITH_KNOTS('',3,(#13619,#13620,#13621,#13622,#13623),
 .UNSPECIFIED.,.F.,.F.,(4,1,4),(0.,0.0765196096125159,0.148672635538791),
 .UNSPECIFIED.);
#551=B_SPLINE_CURVE_WITH_KNOTS('',3,(#13626,#13627,#13628,#13629,#13630),
 .UNSPECIFIED.,.F.,.F.,(4,1,4),(0.,0.0765196096125159,0.148672635538791),
 .UNSPECIFIED.);
#552=B_SPLINE_CURVE_WITH_KNOTS('',3,(#13642,#13643,#13644,#13645,#13646),
 .UNSPECIFIED.,.F.,.F.,(4,1,4),(0.,0.0959176714354704,0.181626510050143),
 .UNSPECIFIED.);
#553=B_SPLINE_CURVE_WITH_KNOTS('',3,(#13649,#13650,#13651,#13652,#13653),
 .UNSPECIFIED.,.F.,.F.,(4,1,4),(0.,0.0959176714354704,0.181626510050143),
 .UNSPECIFIED.);
#554=B_SPLINE_CURVE_WITH_KNOTS('',3,(#13665,#13666,#13667,#13668,#13669),
 .UNSPECIFIED.,.F.,.F.,(4,1,4),(0.,0.0777569978234147,0.155908468871151),
 .UNSPECIFIED.);
#555=B_SPLINE_CURVE_WITH_KNOTS('',3,(#13672,#13673,#13674,#13675,#13676),
 .UNSPECIFIED.,.F.,.F.,(4,1,4),(0.,0.0777569978234147,0.155908468871151),
 .UNSPECIFIED.);
#556=B_SPLINE_CURVE_WITH_KNOTS('',3,(#13688,#13689,#13690,#13691,#13692),
 .UNSPECIFIED.,.F.,.F.,(4,1,4),(0.,0.0737992012527828,0.149150727622702),
 .UNSPECIFIED.);
#557=B_SPLINE_CURVE_WITH_KNOTS('',3,(#13695,#13696,#13697,#13698,#13699),
 .UNSPECIFIED.,.F.,.F.,(4,1,4),(0.,0.0737992012527828,0.149150727622702),
 .UNSPECIFIED.);
#558=B_SPLINE_CURVE_WITH_KNOTS('',3,(#13711,#13712,#13713,#13714,#13715),
 .UNSPECIFIED.,.F.,.F.,(4,1,4),(0.,0.0854379851351876,0.162632486280228),
 .UNSPECIFIED.);
#559=B_SPLINE_CURVE_WITH_KNOTS('',3,(#13718,#13719,#13720,#13721,#13722),
 .UNSPECIFIED.,.F.,.F.,(4,1,4),(0.,0.0854379851351876,0.162632486280228),
 .UNSPECIFIED.);
#560=B_SPLINE_CURVE_WITH_KNOTS('',3,(#13734,#13735,#13736,#13737,#13738),
 .UNSPECIFIED.,.F.,.F.,(4,1,4),(0.,0.0668074851133599,0.140877075853783),
 .UNSPECIFIED.);
#561=B_SPLINE_CURVE_WITH_KNOTS('',3,(#13741,#13742,#13743,#13744,#13745),
 .UNSPECIFIED.,.F.,.F.,(4,1,4),(0.,0.0668074851133599,0.140877075853783),
 .UNSPECIFIED.);
#562=B_SPLINE_CURVE_WITH_KNOTS('',3,(#13757,#13758,#13759,#13760,#13761),
 .UNSPECIFIED.,.F.,.F.,(4,1,4),(0.,0.082794621683335,0.152439192521989),
 .UNSPECIFIED.);
#563=B_SPLINE_CURVE_WITH_KNOTS('',3,(#13764,#13765,#13766,#13767,#13768),
 .UNSPECIFIED.,.F.,.F.,(4,1,4),(0.,0.082794621683335,0.152439192521989),
 .UNSPECIFIED.);
#564=B_SPLINE_CURVE_WITH_KNOTS('',3,(#13786,#13787,#13788,#13789,#13790),
 .UNSPECIFIED.,.F.,.F.,(4,1,4),(0.,0.101139353848762,0.209145872488091),
 .UNSPECIFIED.);
#565=B_SPLINE_CURVE_WITH_KNOTS('',3,(#13793,#13794,#13795,#13796,#13797),
 .UNSPECIFIED.,.F.,.F.,(4,1,4),(0.,0.101139353848762,0.209145872488091),
 .UNSPECIFIED.);
#566=B_SPLINE_CURVE_WITH_KNOTS('',3,(#13809,#13810,#13811,#13812,#13813),
 .UNSPECIFIED.,.F.,.F.,(4,1,4),(0.,0.111556118707193,0.213811341872137),
 .UNSPECIFIED.);
#567=B_SPLINE_CURVE_WITH_KNOTS('',3,(#13816,#13817,#13818,#13819,#13820),
 .UNSPECIFIED.,.F.,.F.,(4,1,4),(0.,0.111556118707193,0.213811341872137),
 .UNSPECIFIED.);
#568=B_SPLINE_CURVE_WITH_KNOTS('',3,(#13832,#13833,#13834,#13835,#13836),
 .UNSPECIFIED.,.F.,.F.,(4,1,4),(0.,0.0996644255722163,0.201888764156282),
 .UNSPECIFIED.);
#569=B_SPLINE_CURVE_WITH_KNOTS('',3,(#13839,#13840,#13841,#13842,#13843),
 .UNSPECIFIED.,.F.,.F.,(4,1,4),(0.,0.0996644255722163,0.201888764156282),
 .UNSPECIFIED.);
#570=B_SPLINE_CURVE_WITH_KNOTS('',3,(#13855,#13856,#13857,#13858,#13859),
 .UNSPECIFIED.,.F.,.F.,(4,1,4),(0.,0.100421303019936,0.198350416756145),
 .UNSPECIFIED.);
#571=B_SPLINE_CURVE_WITH_KNOTS('',3,(#13862,#13863,#13864,#13865,#13866),
 .UNSPECIFIED.,.F.,.F.,(4,1,4),(0.,0.100421303019936,0.198350416756145),
 .UNSPECIFIED.);
#572=B_SPLINE_CURVE_WITH_KNOTS('',3,(#13878,#13879,#13880,#13881,#13882),
 .UNSPECIFIED.,.F.,.F.,(4,1,4),(0.,0.117517655281107,0.224439329780299),
 .UNSPECIFIED.);
#573=B_SPLINE_CURVE_WITH_KNOTS('',3,(#13885,#13886,#13887,#13888,#13889),
 .UNSPECIFIED.,.F.,.F.,(4,1,4),(0.,0.117517655281107,0.224439329780299),
 .UNSPECIFIED.);
#574=B_SPLINE_CURVE_WITH_KNOTS('',3,(#13901,#13902,#13903,#13904,#13905),
 .UNSPECIFIED.,.F.,.F.,(4,1,4),(0.,0.108236563947264,0.219646963461589),
 .UNSPECIFIED.);
#575=B_SPLINE_CURVE_WITH_KNOTS('',3,(#13908,#13909,#13910,#13911,#13912),
 .UNSPECIFIED.,.F.,.F.,(4,1,4),(0.,0.108236563947264,0.219646963461589),
 .UNSPECIFIED.);
#576=B_SPLINE_CURVE_WITH_KNOTS('',3,(#13924,#13925,#13926,#13927,#13928),
 .UNSPECIFIED.,.F.,.F.,(4,1,4),(0.,0.0961931760078073,0.198579674662566),
 .UNSPECIFIED.);
#577=B_SPLINE_CURVE_WITH_KNOTS('',3,(#13931,#13932,#13933,#13934,#13935),
 .UNSPECIFIED.,.F.,.F.,(4,1,4),(0.,0.0961931760078073,0.198579674662566),
 .UNSPECIFIED.);
#578=B_SPLINE_CURVE_WITH_KNOTS('',3,(#13947,#13948,#13949,#13950,#13951),
 .UNSPECIFIED.,.F.,.F.,(4,1,4),(0.,0.11805479935946,0.219304314218274),
 .UNSPECIFIED.);
#579=B_SPLINE_CURVE_WITH_KNOTS('',3,(#13954,#13955,#13956,#13957,#13958),
 .UNSPECIFIED.,.F.,.F.,(4,1,4),(0.,0.11805479935946,0.219304314218274),
 .UNSPECIFIED.);
#580=B_SPLINE_CURVE_WITH_KNOTS('',3,(#13970,#13971,#13972,#13973,#13974),
 .UNSPECIFIED.,.F.,.F.,(4,1,4),(0.,0.108699153752313,0.225233322604535),
 .UNSPECIFIED.);
#581=B_SPLINE_CURVE_WITH_KNOTS('',3,(#13977,#13978,#13979,#13980,#13981),
 .UNSPECIFIED.,.F.,.F.,(4,1,4),(0.,0.108699153752313,0.225233322604535),
 .UNSPECIFIED.);
#582=B_SPLINE_CURVE_WITH_KNOTS('',3,(#13993,#13994,#13995,#13996,#13997),
 .UNSPECIFIED.,.F.,.F.,(4,1,4),(0.,0.124110787714791,0.235791109973173),
 .UNSPECIFIED.);
#583=B_SPLINE_CURVE_WITH_KNOTS('',3,(#14000,#14001,#14002,#14003,#14004),
 .UNSPECIFIED.,.F.,.F.,(4,1,4),(0.,0.124110787714791,0.235791109973173),
 .UNSPECIFIED.);
#584=B_SPLINE_CURVE_WITH_KNOTS('',3,(#14021,#14022,#14023,#14024,#14025),
 .UNSPECIFIED.,.F.,.F.,(4,1,4),(0.,0.0820518363753336,0.176125213536813),
 .UNSPECIFIED.);
#585=B_SPLINE_CURVE_WITH_KNOTS('',3,(#14026,#14027,#14028,#14029,#14030),
 .UNSPECIFIED.,.F.,.F.,(4,1,4),(0.,0.0820518363753336,0.176125213536813),
 .UNSPECIFIED.);
#586=B_SPLINE_CURVE_WITH_KNOTS('',3,(#14101,#14102,#14103,#14104,#14105,
#14106,#14107),.UNSPECIFIED.,.F.,.F.,(4,3,4),(-0.91643998618335,-0.458219993091675,
-0.204553237051283),.UNSPECIFIED.);
#587=B_SPLINE_CURVE_WITH_KNOTS('',3,(#14178,#14179,#14180,#14181,#14182,
#14183,#14184),.UNSPECIFIED.,.F.,.F.,(4,3,4),(0.204553237051283,0.458219993091675,
0.91643998618335),.UNSPECIFIED.);
#588=B_SPLINE_CURVE_WITH_KNOTS('',3,(#14189,#14190,#14191,#14192,#14193,
#14194),.UNSPECIFIED.,.F.,.F.,(4,2,4),(0.,3.,6.),.UNSPECIFIED.);
#589=B_SPLINE_CURVE_WITH_KNOTS('',3,(#14951,#14952,#14953,#14954,#14955,
#14956,#14957,#14958,#14959,#14960),.UNSPECIFIED.,.F.,.F.,(4,2,2,2,4),(-0.302096220816199,
-0.22637922981455,-0.150662238812902,-0.075331119406451,0.),
 .UNSPECIFIED.);
#590=B_SPLINE_CURVE_WITH_KNOTS('',3,(#14964,#14965,#14966,#14967,#14968,
#14969,#14970,#14971,#14972,#14973),.UNSPECIFIED.,.F.,.F.,(4,2,2,2,4),(0.,
0.0753311194064507,0.150662238812901,0.22637922981455,0.302096220816198),
 .UNSPECIFIED.);
#591=B_SPLINE_CURVE_WITH_KNOTS('',3,(#14977,#14978,#14979,#14980,#14981,
#14982,#14983,#14984,#14985,#14986),.UNSPECIFIED.,.F.,.F.,(4,2,2,2,4),(0.301822262585713,
0.377539253587362,0.45325624458901,0.528587363995461,0.603918483401912),
 .UNSPECIFIED.);
#592=B_SPLINE_CURVE_WITH_KNOTS('',3,(#14989,#14990,#14991,#14992,#14993,
#14994,#14995,#14996,#14997,#14998),.UNSPECIFIED.,.F.,.F.,(4,2,2,2,4),(0.603918483401912,
0.679249602808363,0.754580722214814,0.830297713216463,0.906014704218111),
 .UNSPECIFIED.);
#593=B_SPLINE_SURFACE_WITH_KNOTS('',3,1,((#9974,#9975),(#9976,#9977),(#9978,
#9979),(#9980,#9981),(#9982,#9983)),.UNSPECIFIED.,.F.,.F.,.F.,(4,1,4),(2,
2),(0.,0.0477185362992521,0.108701880909003),(0.,0.0499999999999999),
 .UNSPECIFIED.);
#594=B_SPLINE_SURFACE_WITH_KNOTS('',3,1,((#9997,#9998),(#9999,#10000),(#10001,
#10002),(#10003,#10004),(#10005,#10006)),.UNSPECIFIED.,.F.,.F.,.F.,(4,1,
4),(2,2),(0.,0.0421014162308152,0.0830554832157086),(0.,0.0499999999999999),
 .UNSPECIFIED.);
#595=B_SPLINE_SURFACE_WITH_KNOTS('',3,1,((#10020,#10021),(#10022,#10023),
(#10024,#10025),(#10026,#10027),(#10028,#10029)),.UNSPECIFIED.,.F.,.F.,
 .F.,(4,1,4),(2,2),(0.,0.0428135358978173,0.0863255673754426),(0.,0.0499999999999999),
 .UNSPECIFIED.);
#596=B_SPLINE_SURFACE_WITH_KNOTS('',3,1,((#10043,#10044),(#10045,#10046),
(#10047,#10048),(#10049,#10050),(#10051,#10052)),.UNSPECIFIED.,.F.,.F.,
 .F.,(4,1,4),(2,2),(0.,0.0459730187747176,0.0983656558412284),(0.,0.0499999999999999),
 .UNSPECIFIED.);
#597=B_SPLINE_SURFACE_WITH_KNOTS('',3,1,((#10066,#10067),(#10068,#10069),
(#10070,#10071),(#10072,#10073),(#10074,#10075)),.UNSPECIFIED.,.F.,.F.,
 .F.,(4,1,4),(2,2),(0.,0.0640818376479491,0.113732743224031),(0.,0.0499999999999999),
 .UNSPECIFIED.);
#598=B_SPLINE_SURFACE_WITH_KNOTS('',3,1,((#10107,#10108),(#10109,#10110),
(#10111,#10112),(#10113,#10114),(#10115,#10116)),.UNSPECIFIED.,.F.,.F.,
 .F.,(4,1,4),(2,2),(0.,0.057005640272424,0.132218658111577),(0.,0.0499999999999999),
 .UNSPECIFIED.);
#599=B_SPLINE_SURFACE_WITH_KNOTS('',3,1,((#10130,#10131),(#10132,#10133),
(#10134,#10135),(#10136,#10137),(#10138,#10139)),.UNSPECIFIED.,.F.,.F.,
 .F.,(4,1,4),(2,2),(0.,0.0505335525354676,0.0986645476403722),(0.,0.0499999999999999),
 .UNSPECIFIED.);
#600=B_SPLINE_SURFACE_WITH_KNOTS('',3,1,((#10153,#10154),(#10155,#10156),
(#10157,#10158),(#10159,#10160),(#10161,#10162)),.UNSPECIFIED.,.F.,.F.,
 .F.,(4,1,4),(2,2),(0.,0.0605043350825762,0.115671969883587),(0.,0.0499999999999999),
 .UNSPECIFIED.);
#601=B_SPLINE_SURFACE_WITH_KNOTS('',3,1,((#10176,#10177),(#10178,#10179),
(#10180,#10181),(#10182,#10183),(#10184,#10185)),.UNSPECIFIED.,.F.,.F.,
 .F.,(4,1,4),(2,2),(0.,0.0980694848934369,0.19588965385103),(0.,0.0499999999999999),
 .UNSPECIFIED.);
#602=B_SPLINE_SURFACE_WITH_KNOTS('',3,1,((#10221,#10222),(#10223,#10224),
(#10225,#10226),(#10227,#10228),(#10229,#10230)),.UNSPECIFIED.,.F.,.F.,
 .F.,(4,1,4),(2,2),(0.,0.0428760971534425,0.100039081653495),(0.,0.0499999999999999),
 .UNSPECIFIED.);
#603=B_SPLINE_SURFACE_WITH_KNOTS('',3,1,((#10247,#10248),(#10249,#10250),
(#10251,#10252),(#10253,#10254),(#10255,#10256)),.UNSPECIFIED.,.F.,.F.,
 .F.,(4,1,4),(2,2),(0.,0.0484358785970023,0.0953223630291203),(0.,0.0499999999999999),
 .UNSPECIFIED.);
#604=B_SPLINE_SURFACE_WITH_KNOTS('',3,1,((#10270,#10271),(#10272,#10273),
(#10274,#10275),(#10276,#10277),(#10278,#10279)),.UNSPECIFIED.,.F.,.F.,
 .F.,(4,1,4),(2,2),(0.,0.0539655471644041,0.104761694426269),(0.,0.0499999999999999),
 .UNSPECIFIED.);
#605=B_SPLINE_SURFACE_WITH_KNOTS('',3,1,((#10293,#10294),(#10295,#10296),
(#10297,#10298),(#10299,#10300),(#10301,#10302)),.UNSPECIFIED.,.F.,.F.,
 .F.,(4,1,4),(2,2),(0.,0.0417462937972178,0.0926467858166576),(0.,0.0499999999999999),
 .UNSPECIFIED.);
#606=B_SPLINE_SURFACE_WITH_KNOTS('',3,1,((#10316,#10317),(#10318,#10319),
(#10320,#10321),(#10322,#10323),(#10324,#10325)),.UNSPECIFIED.,.F.,.F.,
 .F.,(4,1,4),(2,2),(0.,0.0367620730809718,0.0735969806127178),(0.,0.0499999999999999),
 .UNSPECIFIED.);
#607=B_SPLINE_SURFACE_WITH_KNOTS('',3,1,((#10339,#10340),(#10341,#10342),
(#10343,#10344),(#10345,#10346),(#10347,#10348)),.UNSPECIFIED.,.F.,.F.,
 .F.,(4,1,4),(2,2),(0.,0.0242308626179468,0.0488880785121061),(0.,0.0499999999999999),
 .UNSPECIFIED.);
#608=B_SPLINE_SURFACE_WITH_KNOTS('',3,1,((#10362,#10363),(#10364,#10365),
(#10366,#10367),(#10368,#10369),(#10370,#10371)),.UNSPECIFIED.,.F.,.F.,
 .F.,(4,1,4),(2,2),(0.,0.0260176784204501,0.050954090243243),(0.,0.0499999999999999),
 .UNSPECIFIED.);
#609=B_SPLINE_SURFACE_WITH_KNOTS('',3,1,((#10385,#10386),(#10387,#10388),
(#10389,#10390),(#10391,#10392),(#10393,#10394)),.UNSPECIFIED.,.F.,.F.,
 .F.,(4,1,4),(2,2),(0.,0.0525309971446142,0.0880480833363642),(0.,0.0499999999999999),
 .UNSPECIFIED.);
#610=B_SPLINE_SURFACE_WITH_KNOTS('',3,1,((#10408,#10409),(#10410,#10411),
(#10412,#10413),(#10414,#10415),(#10416,#10417)),.UNSPECIFIED.,.F.,.F.,
 .F.,(4,1,4),(2,2),(0.,0.0698312164100951,0.164935849519358),(0.,0.0499999999999999),
 .UNSPECIFIED.);
#611=B_SPLINE_SURFACE_WITH_KNOTS('',3,1,((#10443,#10444),(#10445,#10446),
(#10447,#10448),(#10449,#10450),(#10451,#10452)),.UNSPECIFIED.,.F.,.F.,
 .F.,(4,1,4),(2,2),(0.,0.0366020153182953,0.0739628808641261),(0.,0.0499999999999999),
 .UNSPECIFIED.);
#612=B_SPLINE_SURFACE_WITH_KNOTS('',3,1,((#10466,#10467),(#10468,#10469),
(#10470,#10471),(#10472,#10473),(#10474,#10475)),.UNSPECIFIED.,.F.,.F.,
 .F.,(4,1,4),(2,2),(0.,0.111879101234974,0.173707648097426),(0.,0.0499999999999999),
 .UNSPECIFIED.);
#613=B_SPLINE_SURFACE_WITH_KNOTS('',3,1,((#10495,#10496),(#10497,#10498),
(#10499,#10500),(#10501,#10502),(#10503,#10504)),.UNSPECIFIED.,.F.,.F.,
 .F.,(4,1,4),(2,2),(0.,0.0353900528249324,0.0907924689182702),(0.,0.0499999999999999),
 .UNSPECIFIED.);
#614=B_SPLINE_SURFACE_WITH_KNOTS('',3,1,((#10518,#10519),(#10520,#10521),
(#10522,#10523),(#10524,#10525),(#10526,#10527)),.UNSPECIFIED.,.F.,.F.,
 .F.,(4,1,4),(2,2),(0.,0.035053628083028,0.0737956361217534),(0.,0.0499999999999999),
 .UNSPECIFIED.);
#615=B_SPLINE_SURFACE_WITH_KNOTS('',3,1,((#10541,#10542),(#10543,#10544),
(#10545,#10546),(#10547,#10548),(#10549,#10550)),.UNSPECIFIED.,.F.,.F.,
 .F.,(4,1,4),(2,2),(0.,0.0448443856618308,0.0819728744860401),(0.,0.0499999999999999),
 .UNSPECIFIED.);
#616=B_SPLINE_SURFACE_WITH_KNOTS('',3,1,((#10564,#10565),(#10566,#10567),
(#10568,#10569),(#10570,#10571),(#10572,#10573)),.UNSPECIFIED.,.F.,.F.,
 .F.,(4,1,4),(2,2),(0.,0.0673994157459785,0.122326034680915),(0.,0.0499999999999999),
 .UNSPECIFIED.);
#617=B_SPLINE_SURFACE_WITH_KNOTS('',3,1,((#10587,#10588),(#10589,#10590),
(#10591,#10592),(#10593,#10594),(#10595,#10596)),.UNSPECIFIED.,.F.,.F.,
 .F.,(4,1,4),(2,2),(0.,0.063198522558394,0.133648855993632),(0.,0.0499999999999999),
 .UNSPECIFIED.);
#618=B_SPLINE_SURFACE_WITH_KNOTS('',3,1,((#10610,#10611),(#10612,#10613),
(#10614,#10615),(#10616,#10617),(#10618,#10619)),.UNSPECIFIED.,.F.,.F.,
 .F.,(4,1,4),(2,2),(0.,0.0498224192934533,0.105648742656605),(0.,0.0499999999999999),
 .UNSPECIFIED.);
#619=B_SPLINE_SURFACE_WITH_KNOTS('',3,1,((#10633,#10634),(#10635,#10636),
(#10637,#10638),(#10639,#10640),(#10641,#10642)),.UNSPECIFIED.,.F.,.F.,
 .F.,(4,1,4),(2,2),(0.,0.0582958487512723,0.108997983504617),(0.,0.0499999999999999),
 .UNSPECIFIED.);
#620=B_SPLINE_SURFACE_WITH_KNOTS('',3,1,((#10662,#10663),(#10664,#10665),
(#10666,#10667),(#10668,#10669),(#10670,#10671)),.UNSPECIFIED.,.F.,.F.,
 .F.,(4,1,4),(2,2),(0.,0.043933773145534,0.0999011978456531),(0.,0.0499999999999999),
 .UNSPECIFIED.);
#621=B_SPLINE_SURFACE_WITH_KNOTS('',3,1,((#10685,#10686),(#10687,#10688),
(#10689,#10690),(#10691,#10692),(#10693,#10694)),.UNSPECIFIED.,.F.,.F.,
 .F.,(4,1,4),(2,2),(0.,0.0606118202602844,0.106739973985463),(0.,0.0499999999999999),
 .UNSPECIFIED.);
#622=B_SPLINE_SURFACE_WITH_KNOTS('',3,1,((#10708,#10709),(#10710,#10711),
(#10712,#10713),(#10714,#10715),(#10716,#10717)),.UNSPECIFIED.,.F.,.F.,
 .F.,(4,1,4),(2,2),(0.,0.0530374196485297,0.118642541557882),(0.,0.0499999999999999),
 .UNSPECIFIED.);
#623=B_SPLINE_SURFACE_WITH_KNOTS('',3,1,((#10731,#10732),(#10733,#10734),
(#10735,#10736),(#10737,#10738),(#10739,#10740)),.UNSPECIFIED.,.F.,.F.,
 .F.,(4,1,4),(2,2),(0.,0.0516305849535705,0.0910370067615189),(0.,0.0499999999999999),
 .UNSPECIFIED.);
#624=B_SPLINE_SURFACE_WITH_KNOTS('',3,1,((#10754,#10755),(#10756,#10757),
(#10758,#10759),(#10760,#10761),(#10762,#10763)),.UNSPECIFIED.,.F.,.F.,
 .F.,(4,1,4),(2,2),(0.,0.0165125814466252,0.025654090231033),(0.,0.0499999999999999),
 .UNSPECIFIED.);
#625=B_SPLINE_SURFACE_WITH_KNOTS('',3,1,((#10777,#10778),(#10779,#10780),
(#10781,#10782),(#10783,#10784),(#10785,#10786)),.UNSPECIFIED.,.F.,.F.,
 .F.,(4,1,4),(2,2),(0.,0.104438722208797,0.178622809134572),(0.,0.0499999999999999),
 .UNSPECIFIED.);
#626=B_SPLINE_SURFACE_WITH_KNOTS('',3,1,((#10800,#10801),(#10802,#10803),
(#10804,#10805),(#10806,#10807),(#10808,#10809)),.UNSPECIFIED.,.F.,.F.,
 .F.,(4,1,4),(2,2),(0.,0.0370569379456754,0.0885898378641273),(0.,0.0499999999999999),
 .UNSPECIFIED.);
#627=B_SPLINE_SURFACE_WITH_KNOTS('',3,1,((#10823,#10824),(#10825,#10826),
(#10827,#10828),(#10829,#10830),(#10831,#10832)),.UNSPECIFIED.,.F.,.F.,
 .F.,(4,1,4),(2,2),(0.,0.0384142321177013,0.0781599766769865),(0.,0.0499999999999999),
 .UNSPECIFIED.);
#628=B_SPLINE_SURFACE_WITH_KNOTS('',3,1,((#10846,#10847),(#10848,#10849),
(#10850,#10851),(#10852,#10853),(#10854,#10855)),.UNSPECIFIED.,.F.,.F.,
 .F.,(4,1,4),(2,2),(0.,0.0390618598433162,0.0766650126325827),(0.,0.0499999999999999),
 .UNSPECIFIED.);
#629=B_SPLINE_SURFACE_WITH_KNOTS('',3,1,((#10869,#10870),(#10871,#10872),
(#10873,#10874),(#10875,#10876),(#10877,#10878)),.UNSPECIFIED.,.F.,.F.,
 .F.,(4,1,4),(2,2),(0.,0.0409342271405465,0.0804564987741477),(0.,0.0499999999999999),
 .UNSPECIFIED.);
#630=B_SPLINE_SURFACE_WITH_KNOTS('',3,1,((#10892,#10893),(#10894,#10895),
(#10896,#10897),(#10898,#10899),(#10900,#10901)),.UNSPECIFIED.,.F.,.F.,
 .F.,(4,1,4),(2,2),(0.,0.0657685471900419,0.133166299186754),(0.,0.0499999999999999),
 .UNSPECIFIED.);
#631=B_SPLINE_SURFACE_WITH_KNOTS('',3,1,((#10915,#10916),(#10917,#10918),
(#10919,#10920),(#10921,#10922),(#10923,#10924)),.UNSPECIFIED.,.F.,.F.,
 .F.,(4,1,4),(2,2),(0.,0.0852399712497943,0.156635488406508),(0.,0.0499999999999999),
 .UNSPECIFIED.);
#632=B_SPLINE_SURFACE_WITH_KNOTS('',3,1,((#10938,#10939),(#10940,#10941),
(#10942,#10943),(#10944,#10945),(#10946,#10947)),.UNSPECIFIED.,.F.,.F.,
 .F.,(4,1,4),(2,2),(0.,0.0540475772162855,0.110185445938934),(0.,0.0499999999999999),
 .UNSPECIFIED.);
#633=B_SPLINE_SURFACE_WITH_KNOTS('',3,1,((#10961,#10962),(#10963,#10964),
(#10965,#10966),(#10967,#10968),(#10969,#10970)),.UNSPECIFIED.,.F.,.F.,
 .F.,(4,1,4),(2,2),(0.,0.0666323328949816,0.124471209864704),(0.,0.0499999999999999),
 .UNSPECIFIED.);
#634=B_SPLINE_SURFACE_WITH_KNOTS('',3,1,((#10984,#10985),(#10986,#10987),
(#10988,#10989),(#10990,#10991),(#10992,#10993)),.UNSPECIFIED.,.F.,.F.,
 .F.,(4,1,4),(2,2),(0.,0.0354477626522181,0.0744343157896006),(0.,0.0499999999999999),
 .UNSPECIFIED.);
#635=B_SPLINE_SURFACE_WITH_KNOTS('',3,1,((#11014,#11015),(#11016,#11017),
(#11018,#11019),(#11020,#11021),(#11022,#11023)),.UNSPECIFIED.,.F.,.F.,
 .F.,(4,1,4),(2,2),(0.,0.066964057781654,0.161099174965131),(0.,0.0499999999999999),
 .UNSPECIFIED.);
#636=B_SPLINE_SURFACE_WITH_KNOTS('',3,1,((#11037,#11038),(#11039,#11040),
(#11041,#11042),(#11043,#11044),(#11045,#11046)),.UNSPECIFIED.,.F.,.F.,
 .F.,(4,1,4),(2,2),(0.,0.0593678092631768,0.117672944140607),(0.,0.0499999999999999),
 .UNSPECIFIED.);
#637=B_SPLINE_SURFACE_WITH_KNOTS('',3,1,((#11060,#11061),(#11062,#11063),
(#11064,#11065),(#11066,#11067),(#11068,#11069)),.UNSPECIFIED.,.F.,.F.,
 .F.,(4,1,4),(2,2),(0.,0.0342864098389786,0.0712601070434715),(0.,0.0499999999999999),
 .UNSPECIFIED.);
#638=B_SPLINE_SURFACE_WITH_KNOTS('',3,1,((#11083,#11084),(#11085,#11086),
(#11087,#11088),(#11089,#11090),(#11091,#11092)),.UNSPECIFIED.,.F.,.F.,
 .F.,(4,1,4),(2,2),(0.,0.0312583697503846,0.0636261301737171),(0.,0.0499999999999999),
 .UNSPECIFIED.);
#639=B_SPLINE_SURFACE_WITH_KNOTS('',3,1,((#11106,#11107),(#11108,#11109),
(#11110,#11111),(#11112,#11113),(#11114,#11115)),.UNSPECIFIED.,.F.,.F.,
 .F.,(4,1,4),(2,2),(0.,0.0524656905787596,0.0905559064643955),(0.,0.0499999999999999),
 .UNSPECIFIED.);
#640=B_SPLINE_SURFACE_WITH_KNOTS('',3,1,((#11147,#11148),(#11149,#11150),
(#11151,#11152),(#11153,#11154),(#11155,#11156)),.UNSPECIFIED.,.F.,.F.,
 .F.,(4,1,4),(2,2),(0.,0.0377396699703395,0.0957366122728481),(0.,0.0499999999999999),
 .UNSPECIFIED.);
#641=B_SPLINE_SURFACE_WITH_KNOTS('',3,1,((#11170,#11171),(#11172,#11173),
(#11174,#11175),(#11176,#11177),(#11178,#11179)),.UNSPECIFIED.,.F.,.F.,
 .F.,(4,1,4),(2,2),(0.,0.0382287183789062,0.0791820712106784),(0.,0.0499999999999999),
 .UNSPECIFIED.);
#642=B_SPLINE_SURFACE_WITH_KNOTS('',3,1,((#11193,#11194),(#11195,#11196),
(#11197,#11198),(#11199,#11200),(#11201,#11202)),.UNSPECIFIED.,.F.,.F.,
 .F.,(4,1,4),(2,2),(0.,0.0442181953041404,0.0830946524721072),(0.,0.0499999999999999),
 .UNSPECIFIED.);
#643=B_SPLINE_SURFACE_WITH_KNOTS('',3,1,((#11216,#11217),(#11218,#11219),
(#11220,#11221),(#11222,#11223),(#11224,#11225)),.UNSPECIFIED.,.F.,.F.,
 .F.,(4,1,4),(2,2),(0.,0.0504313093763068,0.0984562558177379),(0.,0.0499999999999999),
 .UNSPECIFIED.);
#644=B_SPLINE_SURFACE_WITH_KNOTS('',3,1,((#11239,#11240),(#11241,#11242),
(#11243,#11244),(#11245,#11246),(#11247,#11248)),.UNSPECIFIED.,.F.,.F.,
 .F.,(4,1,4),(2,2),(0.,0.105922027262106,0.214979310458859),(0.,0.0499999999999999),
 .UNSPECIFIED.);
#645=B_SPLINE_SURFACE_WITH_KNOTS('',3,1,((#11318,#11319),(#11320,#11321),
(#11322,#11323),(#11324,#11325),(#11326,#11327)),.UNSPECIFIED.,.F.,.F.,
 .F.,(4,1,4),(2,2),(0.,0.038432831619847,0.0991681468450068),(0.,0.0499999999999999),
 .UNSPECIFIED.);
#646=B_SPLINE_SURFACE_WITH_KNOTS('',3,1,((#11341,#11342),(#11343,#11344),
(#11345,#11346),(#11347,#11348),(#11349,#11350)),.UNSPECIFIED.,.F.,.F.,
 .F.,(4,1,4),(2,2),(0.,0.0417731775244996,0.0830894728382795),(0.,0.0499999999999999),
 .UNSPECIFIED.);
#647=B_SPLINE_SURFACE_WITH_KNOTS('',3,1,((#11364,#11365),(#11366,#11367),
(#11368,#11369),(#11370,#11371),(#11372,#11373)),.UNSPECIFIED.,.F.,.F.,
 .F.,(4,1,4),(2,2),(0.,0.0469609938486758,0.0905851227938253),(0.,0.0499999999999999),
 .UNSPECIFIED.);
#648=B_SPLINE_SURFACE_WITH_KNOTS('',3,1,((#11387,#11388),(#11389,#11390),
(#11391,#11392),(#11393,#11394),(#11395,#11396)),.UNSPECIFIED.,.F.,.F.,
 .F.,(4,1,4),(2,2),(0.,0.0562064212897853,0.118671189618989),(0.,0.0499999999999999),
 .UNSPECIFIED.);
#649=B_SPLINE_SURFACE_WITH_KNOTS('',3,1,((#11410,#11411),(#11412,#11413),
(#11414,#11415),(#11416,#11417),(#11418,#11419)),.UNSPECIFIED.,.F.,.F.,
 .F.,(4,1,4),(2,2),(0.,0.088239969000877,0.152912747720696),(0.,0.0499999999999999),
 .UNSPECIFIED.);
#650=B_SPLINE_SURFACE_WITH_KNOTS('',3,1,((#11457,#11458),(#11459,#11460),
(#11461,#11462),(#11463,#11464),(#11465,#11466)),.UNSPECIFIED.,.F.,.F.,
 .F.,(4,1,4),(2,2),(0.,0.105321461685245,0.249916240164075),(0.,0.0499999999999999),
 .UNSPECIFIED.);
#651=B_SPLINE_SURFACE_WITH_KNOTS('',3,1,((#11480,#11481),(#11482,#11483),
(#11484,#11485),(#11486,#11487),(#11488,#11489)),.UNSPECIFIED.,.F.,.F.,
 .F.,(4,1,4),(2,2),(0.,0.0956579299156822,0.188224212437428),(0.,0.0499999999999999),
 .UNSPECIFIED.);
#652=B_SPLINE_SURFACE_WITH_KNOTS('',3,1,((#11503,#11504),(#11505,#11506),
(#11507,#11508),(#11509,#11510),(#11511,#11512)),.UNSPECIFIED.,.F.,.F.,
 .F.,(4,1,4),(2,2),(0.,0.055273281338467,0.112628696264429),(0.,0.0499999999999999),
 .UNSPECIFIED.);
#653=B_SPLINE_SURFACE_WITH_KNOTS('',3,1,((#11526,#11527),(#11528,#11529),
(#11530,#11531),(#11532,#11533),(#11534,#11535)),.UNSPECIFIED.,.F.,.F.,
 .F.,(4,1,4),(2,2),(0.,0.0486659738409395,0.100857167671412),(0.,0.0499999999999999),
 .UNSPECIFIED.);
#654=B_SPLINE_SURFACE_WITH_KNOTS('',3,1,((#11549,#11550),(#11551,#11552),
(#11553,#11554),(#11555,#11556),(#11557,#11558)),.UNSPECIFIED.,.F.,.F.,
 .F.,(4,1,4),(2,2),(0.,0.0560232524264226,0.106366003498051),(0.,0.0499999999999999),
 .UNSPECIFIED.);
#655=B_SPLINE_SURFACE_WITH_KNOTS('',3,1,((#11572,#11573),(#11574,#11575),
(#11576,#11577),(#11578,#11579),(#11580,#11581)),.UNSPECIFIED.,.F.,.F.,
 .F.,(4,1,4),(2,2),(0.,0.0702851695907336,0.122035850500484),(0.,0.0499999999999999),
 .UNSPECIFIED.);
#656=B_SPLINE_SURFACE_WITH_KNOTS('',3,1,((#11611,#11612),(#11613,#11614),
(#11615,#11616),(#11617,#11618),(#11619,#11620)),.UNSPECIFIED.,.F.,.F.,
 .F.,(4,1,4),(2,2),(0.,0.0428761874284542,0.100039171928507),(0.,0.0499999999999999),
 .UNSPECIFIED.);
#657=B_SPLINE_SURFACE_WITH_KNOTS('',3,1,((#11637,#11638),(#11639,#11640),
(#11641,#11642),(#11643,#11644),(#11645,#11646)),.UNSPECIFIED.,.F.,.F.,
 .F.,(4,1,4),(2,2),(0.,0.0484360093784369,0.095322456695727),(0.,0.0499999999999999),
 .UNSPECIFIED.);
#658=B_SPLINE_SURFACE_WITH_KNOTS('',3,1,((#11660,#11661),(#11662,#11663),
(#11664,#11665),(#11666,#11667),(#11668,#11669)),.UNSPECIFIED.,.F.,.F.,
 .F.,(4,1,4),(2,2),(0.,0.0539656520386356,0.104761756078162),(0.,0.0499999999999999),
 .UNSPECIFIED.);
#659=B_SPLINE_SURFACE_WITH_KNOTS('',3,1,((#11683,#11684),(#11685,#11686),
(#11687,#11688),(#11689,#11690),(#11691,#11692)),.UNSPECIFIED.,.F.,.F.,
 .F.,(4,1,4),(2,2),(0.,0.0417461325140655,0.0926466245335053),(0.,0.0499999999999999),
 .UNSPECIFIED.);
#660=B_SPLINE_SURFACE_WITH_KNOTS('',3,1,((#11706,#11707),(#11708,#11709),
(#11710,#11711),(#11712,#11713),(#11714,#11715)),.UNSPECIFIED.,.F.,.F.,
 .F.,(4,1,4),(2,2),(0.,0.0367621898720781,0.0735970020364156),(0.,0.0499999999999999),
 .UNSPECIFIED.);
#661=B_SPLINE_SURFACE_WITH_KNOTS('',3,1,((#11729,#11730),(#11731,#11732),
(#11733,#11734),(#11735,#11736),(#11737,#11738)),.UNSPECIFIED.,.F.,.F.,
 .F.,(4,1,4),(2,2),(0.,0.0242308626179468,0.0488881375438107),(0.,0.0499999999999999),
 .UNSPECIFIED.);
#662=B_SPLINE_SURFACE_WITH_KNOTS('',3,1,((#11752,#11753),(#11754,#11755),
(#11756,#11757),(#11758,#11759),(#11760,#11761)),.UNSPECIFIED.,.F.,.F.,
 .F.,(4,1,4),(2,2),(0.,0.0260176784204501,0.0509539562192719),(0.,0.0499999999999999),
 .UNSPECIFIED.);
#663=B_SPLINE_SURFACE_WITH_KNOTS('',3,1,((#11775,#11776),(#11777,#11778),
(#11779,#11780),(#11781,#11782),(#11783,#11784)),.UNSPECIFIED.,.F.,.F.,
 .F.,(4,1,4),(2,2),(0.,0.0525309113877015,0.0880479975794515),(0.,0.0499999999999999),
 .UNSPECIFIED.);
#664=B_SPLINE_SURFACE_WITH_KNOTS('',3,1,((#11798,#11799),(#11800,#11801),
(#11802,#11803),(#11804,#11805),(#11806,#11807)),.UNSPECIFIED.,.F.,.F.,
 .F.,(4,1,4),(2,2),(0.,0.0698313305276082,0.164935953034666),(0.,0.0499999999999999),
 .UNSPECIFIED.);
#665=B_SPLINE_SURFACE_WITH_KNOTS('',3,1,((#11833,#11834),(#11835,#11836),
(#11837,#11838),(#11839,#11840),(#11841,#11842)),.UNSPECIFIED.,.F.,.F.,
 .F.,(4,1,4),(2,2),(0.,0.0366020992958435,0.0739629556997333),(0.,0.0499999999999999),
 .UNSPECIFIED.);
#666=B_SPLINE_SURFACE_WITH_KNOTS('',3,1,((#11856,#11857),(#11858,#11859),
(#11860,#11861),(#11862,#11863),(#11864,#11865)),.UNSPECIFIED.,.F.,.F.,
 .F.,(4,1,4),(2,2),(0.,0.111879162433245,0.173707632488317),(0.,0.0499999999999999),
 .UNSPECIFIED.);
#667=B_SPLINE_SURFACE_WITH_KNOTS('',3,1,((#11885,#11886),(#11887,#11888),
(#11889,#11890),(#11891,#11892),(#11893,#11894)),.UNSPECIFIED.,.F.,.F.,
 .F.,(4,1,4),(2,2),(0.,0.0353899466703689,0.0907924819437163),(0.,0.0499999999999999),
 .UNSPECIFIED.);
#668=B_SPLINE_SURFACE_WITH_KNOTS('',3,1,((#11908,#11909),(#11910,#11911),
(#11912,#11913),(#11914,#11915),(#11916,#11917)),.UNSPECIFIED.,.F.,.F.,
 .F.,(4,1,4),(2,2),(0.,0.035053628083028,0.0737956927923069),(0.,0.0499999999999999),
 .UNSPECIFIED.);
#669=B_SPLINE_SURFACE_WITH_KNOTS('',3,1,((#11931,#11932),(#11933,#11934),
(#11935,#11936),(#11937,#11938),(#11939,#11940)),.UNSPECIFIED.,.F.,.F.,
 .F.,(4,1,4),(2,2),(0.,0.0448443856618308,0.0819727454870626),(0.,0.0499999999999999),
 .UNSPECIFIED.);
#670=B_SPLINE_SURFACE_WITH_KNOTS('',3,1,((#11954,#11955),(#11956,#11957),
(#11958,#11959),(#11960,#11961),(#11962,#11963)),.UNSPECIFIED.,.F.,.F.,
 .F.,(4,1,4),(2,2),(0.,0.067399292926304,0.122326041844436),(0.,0.0499999999999999),
 .UNSPECIFIED.);
#671=B_SPLINE_SURFACE_WITH_KNOTS('',3,1,((#11977,#11978),(#11979,#11980),
(#11981,#11982),(#11983,#11984),(#11985,#11986)),.UNSPECIFIED.,.F.,.F.,
 .F.,(4,1,4),(2,2),(0.,0.0631986381016467,0.133648852650789),(0.,0.0499999999999999),
 .UNSPECIFIED.);
#672=B_SPLINE_SURFACE_WITH_KNOTS('',3,1,((#12000,#12001),(#12002,#12003),
(#12004,#12005),(#12006,#12007),(#12008,#12009)),.UNSPECIFIED.,.F.,.F.,
 .F.,(4,1,4),(2,2),(0.,0.0498224192934533,0.105648716292333),(0.,0.0499999999999999),
 .UNSPECIFIED.);
#673=B_SPLINE_SURFACE_WITH_KNOTS('',3,1,((#12023,#12024),(#12025,#12026),
(#12027,#12028),(#12029,#12030),(#12031,#12032)),.UNSPECIFIED.,.F.,.F.,
 .F.,(4,1,4),(2,2),(0.,0.0582958272701111,0.108998064666668),(0.,0.0499999999999999),
 .UNSPECIFIED.);
#674=B_SPLINE_SURFACE_WITH_KNOTS('',3,1,((#12052,#12053),(#12054,#12055),
(#12056,#12057),(#12058,#12059),(#12060,#12061)),.UNSPECIFIED.,.F.,.F.,
 .F.,(4,1,4),(2,2),(0.,0.043933695778649,0.0999012188411046),(0.,0.0499999999999999),
 .UNSPECIFIED.);
#675=B_SPLINE_SURFACE_WITH_KNOTS('',3,1,((#12075,#12076),(#12077,#12078),
(#12079,#12080),(#12081,#12082),(#12083,#12084)),.UNSPECIFIED.,.F.,.F.,
 .F.,(4,1,4),(2,2),(0.,0.0606118202602844,0.106740083280669),(0.,0.0499999999999999),
 .UNSPECIFIED.);
#676=B_SPLINE_SURFACE_WITH_KNOTS('',3,1,((#12098,#12099),(#12100,#12101),
(#12102,#12103),(#12104,#12105),(#12106,#12107)),.UNSPECIFIED.,.F.,.F.,
 .F.,(4,1,4),(2,2),(0.,0.0530374757630738,0.118642464304518),(0.,0.0499999999999999),
 .UNSPECIFIED.);
#677=B_SPLINE_SURFACE_WITH_KNOTS('',3,1,((#12121,#12122),(#12123,#12124),
(#12125,#12126),(#12127,#12128),(#12129,#12130)),.UNSPECIFIED.,.F.,.F.,
 .F.,(4,1,4),(2,2),(0.,0.0516305849535705,0.0910370067615189),(0.,0.0499999999999999),
 .UNSPECIFIED.);
#678=B_SPLINE_SURFACE_WITH_KNOTS('',3,1,((#12144,#12145),(#12146,#12147),
(#12148,#12149),(#12150,#12151),(#12152,#12153)),.UNSPECIFIED.,.F.,.F.,
 .F.,(4,1,4),(2,2),(0.,0.0165125784917284,0.0256540872761362),(0.,0.0499999999999999),
 .UNSPECIFIED.);
#679=B_SPLINE_SURFACE_WITH_KNOTS('',3,1,((#12167,#12168),(#12169,#12170),
(#12171,#12172),(#12173,#12174),(#12175,#12176)),.UNSPECIFIED.,.F.,.F.,
 .F.,(4,1,4),(2,2),(0.,0.104438722208797,0.178622809134572),(0.,0.0499999999999999),
 .UNSPECIFIED.);
#680=B_SPLINE_SURFACE_WITH_KNOTS('',3,1,((#12190,#12191),(#12192,#12193),
(#12194,#12195),(#12196,#12197),(#12198,#12199)),.UNSPECIFIED.,.F.,.F.,
 .F.,(4,1,4),(2,2),(0.,0.037056821205715,0.0885898391542158),(0.,0.0499999999999999),
 .UNSPECIFIED.);
#681=B_SPLINE_SURFACE_WITH_KNOTS('',3,1,((#12213,#12214),(#12215,#12216),
(#12217,#12218),(#12219,#12220),(#12221,#12222)),.UNSPECIFIED.,.F.,.F.,
 .F.,(4,1,4),(2,2),(0.,0.0384142321177013,0.0781599766769865),(0.,0.0499999999999999),
 .UNSPECIFIED.);
#682=B_SPLINE_SURFACE_WITH_KNOTS('',3,1,((#12236,#12237),(#12238,#12239),
(#12240,#12241),(#12242,#12243),(#12244,#12245)),.UNSPECIFIED.,.F.,.F.,
 .F.,(4,1,4),(2,2),(0.,0.0390618111309972,0.0766650140895531),(0.,0.0499999999999999),
 .UNSPECIFIED.);
#683=B_SPLINE_SURFACE_WITH_KNOTS('',3,1,((#12259,#12260),(#12261,#12262),
(#12263,#12264),(#12265,#12266),(#12267,#12268)),.UNSPECIFIED.,.F.,.F.,
 .F.,(4,1,4),(2,2),(0.,0.0409343455360237,0.0804566171696249),(0.,0.0499999999999999),
 .UNSPECIFIED.);
#684=B_SPLINE_SURFACE_WITH_KNOTS('',3,1,((#12282,#12283),(#12284,#12285),
(#12286,#12287),(#12288,#12289),(#12290,#12291)),.UNSPECIFIED.,.F.,.F.,
 .F.,(4,1,4),(2,2),(0.,0.0657687619519257,0.133166455432913),(0.,0.0499999999999999),
 .UNSPECIFIED.);
#685=B_SPLINE_SURFACE_WITH_KNOTS('',3,1,((#12305,#12306),(#12307,#12308),
(#12309,#12310),(#12311,#12312),(#12313,#12314)),.UNSPECIFIED.,.F.,.F.,
 .F.,(4,1,4),(2,2),(0.,0.0852399712497943,0.156635430320148),(0.,0.0499999999999999),
 .UNSPECIFIED.);
#686=B_SPLINE_SURFACE_WITH_KNOTS('',3,1,((#12328,#12329),(#12330,#12331),
(#12332,#12333),(#12334,#12335),(#12336,#12337)),.UNSPECIFIED.,.F.,.F.,
 .F.,(4,1,4),(2,2),(0.,0.0540473990805303,0.110185396720172),(0.,0.0499999999999999),
 .UNSPECIFIED.);
#687=B_SPLINE_SURFACE_WITH_KNOTS('',3,1,((#12351,#12352),(#12353,#12354),
(#12355,#12356),(#12357,#12358),(#12359,#12360)),.UNSPECIFIED.,.F.,.F.,
 .F.,(4,1,4),(2,2),(0.,0.0666322369739353,0.124471113943657),(0.,0.0499999999999999),
 .UNSPECIFIED.);
#688=B_SPLINE_SURFACE_WITH_KNOTS('',3,1,((#12374,#12375),(#12376,#12377),
(#12378,#12379),(#12380,#12381),(#12382,#12383)),.UNSPECIFIED.,.F.,.F.,
 .F.,(4,1,4),(2,2),(0.,0.0354477626522181,0.0744341985704907),(0.,0.0499999999999999),
 .UNSPECIFIED.);
#689=B_SPLINE_SURFACE_WITH_KNOTS('',3,1,((#12395,#12396),(#12397,#12398),
(#12399,#12400),(#12401,#12402),(#12403,#12404)),.UNSPECIFIED.,.F.,.F.,
 .F.,(4,1,4),(2,2),(0.,0.0154087615995495,0.0348623626112247),(0.,0.0499999999999999),
 .UNSPECIFIED.);
#690=B_SPLINE_SURFACE_WITH_KNOTS('',3,1,((#12421,#12422),(#12423,#12424),
(#12425,#12426),(#12427,#12428),(#12429,#12430)),.UNSPECIFIED.,.F.,.F.,
 .F.,(4,1,4),(2,2),(0.,0.0128282691310294,0.0258065981518205),(0.,0.0499999999999999),
 .UNSPECIFIED.);
#691=B_SPLINE_SURFACE_WITH_KNOTS('',3,1,((#12444,#12445),(#12446,#12447),
(#12448,#12449),(#12450,#12451),(#12452,#12453)),.UNSPECIFIED.,.F.,.F.,
 .F.,(4,1,4),(2,2),(0.,0.0345376904570075,0.0543912184453732),(0.,0.0499999999999999),
 .UNSPECIFIED.);
#692=B_SPLINE_SURFACE_WITH_KNOTS('',3,1,((#12533,#12534),(#12535,#12536),
(#12537,#12538),(#12539,#12540),(#12541,#12542)),.UNSPECIFIED.,.F.,.F.,
 .F.,(4,1,4),(2,2),(0.,0.0439071562526322,0.11722915538125),(0.,0.0499999999999999),
 .UNSPECIFIED.);
#693=B_SPLINE_SURFACE_WITH_KNOTS('',3,1,((#12556,#12557),(#12558,#12559),
(#12560,#12561),(#12562,#12563),(#12564,#12565)),.UNSPECIFIED.,.F.,.F.,
 .F.,(4,1,4),(2,2),(0.,0.0317917934172122,0.0614189862698768),(0.,0.0499999999999999),
 .UNSPECIFIED.);
#694=B_SPLINE_SURFACE_WITH_KNOTS('',3,1,((#12579,#12580),(#12581,#12582),
(#12583,#12584),(#12585,#12586),(#12587,#12588)),.UNSPECIFIED.,.F.,.F.,
 .F.,(4,1,4),(2,2),(0.,0.0476641581566334,0.0853356475658886),(0.,0.0499999999999999),
 .UNSPECIFIED.);
#695=B_SPLINE_SURFACE_WITH_KNOTS('',3,1,((#12602,#12603),(#12604,#12605),
(#12606,#12607),(#12608,#12609),(#12610,#12611)),.UNSPECIFIED.,.F.,.F.,
 .F.,(4,1,4),(2,2),(0.,0.0398325082908042,0.0748257669165897),(0.,0.0499999999999999),
 .UNSPECIFIED.);
#696=B_SPLINE_SURFACE_WITH_KNOTS('',3,1,((#12631,#12632),(#12633,#12634),
(#12635,#12636),(#12637,#12638),(#12639,#12640)),.UNSPECIFIED.,.F.,.F.,
 .F.,(4,1,4),(2,2),(0.,0.0189872549913956,0.0433038757495189),(0.,0.0499999999999999),
 .UNSPECIFIED.);
#697=B_SPLINE_SURFACE_WITH_KNOTS('',3,1,((#12702,#12703),(#12704,#12705),
(#12706,#12707),(#12708,#12709),(#12710,#12711)),.UNSPECIFIED.,.F.,.F.,
 .F.,(4,1,4),(2,2),(0.,0.0633663849749193,0.125232344798467),(0.,0.0499999999999999),
 .UNSPECIFIED.);
#698=B_SPLINE_SURFACE_WITH_KNOTS('',3,1,((#12728,#12729),(#12730,#12731),
(#12732,#12733),(#12734,#12735),(#12736,#12737)),.UNSPECIFIED.,.F.,.F.,
 .F.,(4,1,4),(2,2),(0.,0.0686710204556168,0.137942993807543),(0.,0.0499999999999999),
 .UNSPECIFIED.);
#699=B_SPLINE_SURFACE_WITH_KNOTS('',3,1,((#12751,#12752),(#12753,#12754),
(#12755,#12756),(#12757,#12758),(#12759,#12760)),.UNSPECIFIED.,.F.,.F.,
 .F.,(4,1,4),(2,2),(0.,0.065202954225477,0.117085069860043),(0.,0.0499999999999999),
 .UNSPECIFIED.);
#700=B_SPLINE_SURFACE_WITH_KNOTS('',3,1,((#12780,#12781),(#12782,#12783),
(#12784,#12785),(#12786,#12787),(#12788,#12789)),.UNSPECIFIED.,.F.,.F.,
 .F.,(4,1,4),(2,2),(0.,0.063794813919845,0.133668345174383),(0.,0.0499999999999999),
 .UNSPECIFIED.);
#701=B_SPLINE_SURFACE_WITH_KNOTS('',3,1,((#12800,#12801),(#12802,#12803),
(#12804,#12805),(#12806,#12807),(#12808,#12809)),.UNSPECIFIED.,.F.,.F.,
 .F.,(4,1,4),(2,2),(0.,0.0505682265538163,0.0977914046901852),(0.,0.0499999999999999),
 .UNSPECIFIED.);
#702=B_SPLINE_SURFACE_WITH_KNOTS('',3,1,((#12826,#12827),(#12828,#12829),
(#12830,#12831),(#12832,#12833),(#12834,#12835)),.UNSPECIFIED.,.F.,.F.,
 .F.,(4,1,4),(2,2),(0.,0.0665333306670513,0.134307292253401),(0.,0.0499999999999999),
 .UNSPECIFIED.);
#703=B_SPLINE_SURFACE_WITH_KNOTS('',3,1,((#12849,#12850),(#12851,#12852),
(#12853,#12854),(#12855,#12856),(#12857,#12858)),.UNSPECIFIED.,.F.,.F.,
 .F.,(4,1,4),(2,2),(0.,0.0858599421369592,0.158415384513014),(0.,0.0499999999999999),
 .UNSPECIFIED.);
#704=B_SPLINE_SURFACE_WITH_KNOTS('',3,1,((#12878,#12879),(#12880,#12881),
(#12882,#12883),(#12884,#12885),(#12886,#12887)),.UNSPECIFIED.,.F.,.F.,
 .F.,(4,1,4),(2,2),(0.,0.0109149392921653,0.0262000727430189),(0.,0.0499999999999999),
 .UNSPECIFIED.);
#705=B_SPLINE_SURFACE_WITH_KNOTS('',3,1,((#12901,#12902),(#12903,#12904),
(#12905,#12906),(#12907,#12908),(#12909,#12910)),.UNSPECIFIED.,.F.,.F.,
 .F.,(4,1,4),(2,2),(0.,0.110093764673915,0.238839512948236),(0.,0.0499999999999999),
 .UNSPECIFIED.);
#706=B_SPLINE_SURFACE_WITH_KNOTS('',3,1,((#12924,#12925),(#12926,#12927),
(#12928,#12929),(#12930,#12931),(#12932,#12933)),.UNSPECIFIED.,.F.,.F.,
 .F.,(4,1,4),(2,2),(0.,0.107430613986134,0.210533496067191),(0.,0.0499999999999999),
 .UNSPECIFIED.);
#707=B_SPLINE_SURFACE_WITH_KNOTS('',3,1,((#12947,#12948),(#12949,#12950),
(#12951,#12952),(#12953,#12954),(#12955,#12956)),.UNSPECIFIED.,.F.,.F.,
 .F.,(4,1,4),(2,2),(0.,0.105594819918636,0.216318976348483),(0.,0.0499999999999999),
 .UNSPECIFIED.);
#708=B_SPLINE_SURFACE_WITH_KNOTS('',3,1,((#12970,#12971),(#12972,#12973),
(#12974,#12975),(#12976,#12977),(#12978,#12979)),.UNSPECIFIED.,.F.,.F.,
 .F.,(4,1,4),(2,2),(0.,0.131234555724149,0.24359660786866),(0.,0.0499999999999999),
 .UNSPECIFIED.);
#709=B_SPLINE_SURFACE_WITH_KNOTS('',3,1,((#12993,#12994),(#12995,#12996),
(#12997,#12998),(#12999,#13000),(#13001,#13002)),.UNSPECIFIED.,.F.,.F.,
 .F.,(4,1,4),(2,2),(0.,0.109476474972915,0.236486989573336),(0.,0.0499999999999999),
 .UNSPECIFIED.);
#710=B_SPLINE_SURFACE_WITH_KNOTS('',3,1,((#13016,#13017),(#13018,#13019),
(#13020,#13021),(#13022,#13023),(#13024,#13025)),.UNSPECIFIED.,.F.,.F.,
 .F.,(4,1,4),(2,2),(0.,0.115708306391846,0.221275424333974),(0.,0.0499999999999999),
 .UNSPECIFIED.);
#711=B_SPLINE_SURFACE_WITH_KNOTS('',3,1,((#13039,#13040),(#13041,#13042),
(#13043,#13044),(#13045,#13046),(#13047,#13048)),.UNSPECIFIED.,.F.,.F.,
 .F.,(4,1,4),(2,2),(0.,0.0826095096444227,0.175376550668175),(0.,0.0499999999999999),
 .UNSPECIFIED.);
#712=B_SPLINE_SURFACE_WITH_KNOTS('',3,1,((#13062,#13063),(#13064,#13065),
(#13066,#13067),(#13068,#13069),(#13070,#13071)),.UNSPECIFIED.,.F.,.F.,
 .F.,(4,1,4),(2,2),(0.,0.0860935792402066,0.166606388495515),(0.,0.0499999999999999),
 .UNSPECIFIED.);
#713=B_SPLINE_SURFACE_WITH_KNOTS('',3,1,((#13091,#13092),(#13093,#13094),
(#13095,#13096),(#13097,#13098),(#13099,#13100)),.UNSPECIFIED.,.F.,.F.,
 .F.,(4,1,4),(2,2),(0.,0.0502930210227128,0.110147236943819),(0.,0.0499999999999999),
 .UNSPECIFIED.);
#714=B_SPLINE_SURFACE_WITH_KNOTS('',3,1,((#13112,#13113),(#13114,#13115),
(#13116,#13117),(#13118,#13119),(#13120,#13121)),.UNSPECIFIED.,.F.,.F.,
 .F.,(4,1,4),(2,2),(0.,0.0616313515949341,0.125358995615732),(0.,0.0499999999999999),
 .UNSPECIFIED.);
#715=B_SPLINE_SURFACE_WITH_KNOTS('',3,1,((#13138,#13139),(#13140,#13141),
(#13142,#13143),(#13144,#13145),(#13146,#13147)),.UNSPECIFIED.,.F.,.F.,
 .F.,(4,1,4),(2,2),(0.,0.0660307266818508,0.129378948079971),(0.,0.0499999999999999),
 .UNSPECIFIED.);
#716=B_SPLINE_SURFACE_WITH_KNOTS('',3,1,((#13161,#13162),(#13163,#13164),
(#13165,#13166),(#13167,#13168),(#13169,#13170)),.UNSPECIFIED.,.F.,.F.,
 .F.,(4,1,4),(2,2),(0.,0.10377241372287,0.183096643694145),(0.,0.0499999999999999),
 .UNSPECIFIED.);
#717=B_SPLINE_SURFACE_WITH_KNOTS('',3,1,((#13184,#13185),(#13186,#13187),
(#13188,#13189),(#13190,#13191),(#13192,#13193)),.UNSPECIFIED.,.F.,.F.,
 .F.,(4,1,4),(2,2),(0.,0.0748629578044511,0.169810761712491),(0.,0.0499999999999999),
 .UNSPECIFIED.);
#718=B_SPLINE_SURFACE_WITH_KNOTS('',3,1,((#13207,#13208),(#13209,#13210),
(#13211,#13212),(#13213,#13214),(#13215,#13216)),.UNSPECIFIED.,.F.,.F.,
 .F.,(4,1,4),(2,2),(0.,0.0609064133653056,0.124228929739345),(0.,0.0499999999999999),
 .UNSPECIFIED.);
#719=B_SPLINE_SURFACE_WITH_KNOTS('',3,1,((#13230,#13231),(#13232,#13233),
(#13234,#13235),(#13236,#13237),(#13238,#13239)),.UNSPECIFIED.,.F.,.F.,
 .F.,(4,1,4),(2,2),(0.,0.0657727558468969,0.126962332127071),(0.,0.0499999999999999),
 .UNSPECIFIED.);
#720=B_SPLINE_SURFACE_WITH_KNOTS('',3,1,((#13253,#13254),(#13255,#13256),
(#13257,#13258),(#13259,#13260),(#13261,#13262)),.UNSPECIFIED.,.F.,.F.,
 .F.,(4,1,4),(2,2),(0.,0.0979764609598118,0.175585024449096),(0.,0.0499999999999999),
 .UNSPECIFIED.);
#721=B_SPLINE_SURFACE_WITH_KNOTS('',3,1,((#13276,#13277),(#13278,#13279),
(#13280,#13281),(#13282,#13283),(#13284,#13285)),.UNSPECIFIED.,.F.,.F.,
 .F.,(4,1,4),(2,2),(0.,0.0762795798677284,0.176602172050001),(0.,0.0499999999999999),
 .UNSPECIFIED.);
#722=B_SPLINE_SURFACE_WITH_KNOTS('',3,1,((#13317,#13318),(#13319,#13320),
(#13321,#13322),(#13323,#13324),(#13325,#13326)),.UNSPECIFIED.,.F.,.F.,
 .F.,(4,1,4),(2,2),(0.,0.0448773491944543,0.0884228641430248),(0.,0.0499999999999999),
 .UNSPECIFIED.);
#723=B_SPLINE_SURFACE_WITH_KNOTS('',3,1,((#13340,#13341),(#13342,#13343),
(#13344,#13345),(#13346,#13347),(#13348,#13349)),.UNSPECIFIED.,.F.,.F.,
 .F.,(4,1,4),(2,2),(0.,0.0498372828556194,0.0967348602109877),(0.,0.0499999999999999),
 .UNSPECIFIED.);
#724=B_SPLINE_SURFACE_WITH_KNOTS('',3,1,((#13363,#13364),(#13365,#13366),
(#13367,#13368),(#13369,#13370),(#13371,#13372)),.UNSPECIFIED.,.F.,.F.,
 .F.,(4,1,4),(2,2),(0.,0.0674513016867841,0.136175651677913),(0.,0.0499999999999999),
 .UNSPECIFIED.);
#725=B_SPLINE_SURFACE_WITH_KNOTS('',3,1,((#13386,#13387),(#13388,#13389),
(#13390,#13391),(#13392,#13393),(#13394,#13395)),.UNSPECIFIED.,.F.,.F.,
 .F.,(4,1,4),(2,2),(0.,0.0723064006985769,0.140684036539977),(0.,0.0499999999999999),
 .UNSPECIFIED.);
#726=B_SPLINE_SURFACE_WITH_KNOTS('',3,1,((#13409,#13410),(#13411,#13412),
(#13413,#13414),(#13415,#13416),(#13417,#13418)),.UNSPECIFIED.,.F.,.F.,
 .F.,(4,1,4),(2,2),(0.,0.0829895488811742,0.160572058202691),(0.,0.0499999999999999),
 .UNSPECIFIED.);
#727=B_SPLINE_SURFACE_WITH_KNOTS('',3,1,((#13432,#13433),(#13434,#13435),
(#13436,#13437),(#13438,#13439),(#13440,#13441)),.UNSPECIFIED.,.F.,.F.,
 .F.,(4,1,4),(2,2),(0.,0.0775297109524185,0.161803761724547),(0.,0.0499999999999999),
 .UNSPECIFIED.);
#728=B_SPLINE_SURFACE_WITH_KNOTS('',3,1,((#13455,#13456),(#13457,#13458),
(#13459,#13460),(#13461,#13462),(#13463,#13464)),.UNSPECIFIED.,.F.,.F.,
 .F.,(4,1,4),(2,2),(0.,0.0688041736547962,0.14075035846349),(0.,0.0499999999999999),
 .UNSPECIFIED.);
#729=B_SPLINE_SURFACE_WITH_KNOTS('',3,1,((#13478,#13479),(#13480,#13481),
(#13482,#13483),(#13484,#13485),(#13486,#13487)),.UNSPECIFIED.,.F.,.F.,
 .F.,(4,1,4),(2,2),(0.,0.0672571932424026,0.13475756567701),(0.,0.0499999999999999),
 .UNSPECIFIED.);
#730=B_SPLINE_SURFACE_WITH_KNOTS('',3,1,((#13501,#13502),(#13503,#13504),
(#13505,#13506),(#13507,#13508),(#13509,#13510)),.UNSPECIFIED.,.F.,.F.,
 .F.,(4,1,4),(2,2),(0.,0.0938938624537157,0.190330925630783),(0.,0.0499999999999999),
 .UNSPECIFIED.);
#731=B_SPLINE_SURFACE_WITH_KNOTS('',3,1,((#13559,#13560),(#13561,#13562),
(#13563,#13564),(#13565,#13566),(#13567,#13568)),.UNSPECIFIED.,.F.,.F.,
 .F.,(4,1,4),(2,2),(0.,0.0831234057216407,0.16167521735015),(0.,0.0499999999999999),
 .UNSPECIFIED.);
#732=B_SPLINE_SURFACE_WITH_KNOTS('',3,1,((#13585,#13586),(#13587,#13588),
(#13589,#13590),(#13591,#13592),(#13593,#13594)),.UNSPECIFIED.,.F.,.F.,
 .F.,(4,1,4),(2,2),(0.,0.0711888417117108,0.142346316232043),(0.,0.0499999999999999),
 .UNSPECIFIED.);
#733=B_SPLINE_SURFACE_WITH_KNOTS('',3,1,((#13608,#13609),(#13610,#13611),
(#13612,#13613),(#13614,#13615),(#13616,#13617)),.UNSPECIFIED.,.F.,.F.,
 .F.,(4,1,4),(2,2),(0.,0.0765196096125159,0.148672635538791),(0.,0.0499999999999999),
 .UNSPECIFIED.);
#734=B_SPLINE_SURFACE_WITH_KNOTS('',3,1,((#13631,#13632),(#13633,#13634),
(#13635,#13636),(#13637,#13638),(#13639,#13640)),.UNSPECIFIED.,.F.,.F.,
 .F.,(4,1,4),(2,2),(0.,0.0959176714354704,0.181626510050143),(0.,0.0499999999999999),
 .UNSPECIFIED.);
#735=B_SPLINE_SURFACE_WITH_KNOTS('',3,1,((#13654,#13655),(#13656,#13657),
(#13658,#13659),(#13660,#13661),(#13662,#13663)),.UNSPECIFIED.,.F.,.F.,
 .F.,(4,1,4),(2,2),(0.,0.0777569978234147,0.155908468871151),(0.,0.0499999999999999),
 .UNSPECIFIED.);
#736=B_SPLINE_SURFACE_WITH_KNOTS('',3,1,((#13677,#13678),(#13679,#13680),
(#13681,#13682),(#13683,#13684),(#13685,#13686)),.UNSPECIFIED.,.F.,.F.,
 .F.,(4,1,4),(2,2),(0.,0.0737992012527828,0.149150727622702),(0.,0.0499999999999999),
 .UNSPECIFIED.);
#737=B_SPLINE_SURFACE_WITH_KNOTS('',3,1,((#13700,#13701),(#13702,#13703),
(#13704,#13705),(#13706,#13707),(#13708,#13709)),.UNSPECIFIED.,.F.,.F.,
 .F.,(4,1,4),(2,2),(0.,0.0854379851351876,0.162632486280228),(0.,0.0499999999999999),
 .UNSPECIFIED.);
#738=B_SPLINE_SURFACE_WITH_KNOTS('',3,1,((#13723,#13724),(#13725,#13726),
(#13727,#13728),(#13729,#13730),(#13731,#13732)),.UNSPECIFIED.,.F.,.F.,
 .F.,(4,1,4),(2,2),(0.,0.0668074851133599,0.140877075853783),(0.,0.0499999999999999),
 .UNSPECIFIED.);
#739=B_SPLINE_SURFACE_WITH_KNOTS('',3,1,((#13746,#13747),(#13748,#13749),
(#13750,#13751),(#13752,#13753),(#13754,#13755)),.UNSPECIFIED.,.F.,.F.,
 .F.,(4,1,4),(2,2),(0.,0.082794621683335,0.152439192521989),(0.,0.0499999999999999),
 .UNSPECIFIED.);
#740=B_SPLINE_SURFACE_WITH_KNOTS('',3,1,((#13775,#13776),(#13777,#13778),
(#13779,#13780),(#13781,#13782),(#13783,#13784)),.UNSPECIFIED.,.F.,.F.,
 .F.,(4,1,4),(2,2),(0.,0.101139353848762,0.209145872488091),(0.,0.0499999999999999),
 .UNSPECIFIED.);
#741=B_SPLINE_SURFACE_WITH_KNOTS('',3,1,((#13798,#13799),(#13800,#13801),
(#13802,#13803),(#13804,#13805),(#13806,#13807)),.UNSPECIFIED.,.F.,.F.,
 .F.,(4,1,4),(2,2),(0.,0.111556118707193,0.213811341872137),(0.,0.0499999999999999),
 .UNSPECIFIED.);
#742=B_SPLINE_SURFACE_WITH_KNOTS('',3,1,((#13821,#13822),(#13823,#13824),
(#13825,#13826),(#13827,#13828),(#13829,#13830)),.UNSPECIFIED.,.F.,.F.,
 .F.,(4,1,4),(2,2),(0.,0.0996644255722163,0.201888764156282),(0.,0.0499999999999999),
 .UNSPECIFIED.);
#743=B_SPLINE_SURFACE_WITH_KNOTS('',3,1,((#13844,#13845),(#13846,#13847),
(#13848,#13849),(#13850,#13851),(#13852,#13853)),.UNSPECIFIED.,.F.,.F.,
 .F.,(4,1,4),(2,2),(0.,0.100421303019936,0.198350416756145),(0.,0.0499999999999999),
 .UNSPECIFIED.);
#744=B_SPLINE_SURFACE_WITH_KNOTS('',3,1,((#13867,#13868),(#13869,#13870),
(#13871,#13872),(#13873,#13874),(#13875,#13876)),.UNSPECIFIED.,.F.,.F.,
 .F.,(4,1,4),(2,2),(0.,0.117517655281107,0.224439329780299),(0.,0.0499999999999999),
 .UNSPECIFIED.);
#745=B_SPLINE_SURFACE_WITH_KNOTS('',3,1,((#13890,#13891),(#13892,#13893),
(#13894,#13895),(#13896,#13897),(#13898,#13899)),.UNSPECIFIED.,.F.,.F.,
 .F.,(4,1,4),(2,2),(0.,0.108236563947264,0.219646963461589),(0.,0.0499999999999999),
 .UNSPECIFIED.);
#746=B_SPLINE_SURFACE_WITH_KNOTS('',3,1,((#13913,#13914),(#13915,#13916),
(#13917,#13918),(#13919,#13920),(#13921,#13922)),.UNSPECIFIED.,.F.,.F.,
 .F.,(4,1,4),(2,2),(0.,0.0961931760078073,0.198579674662566),(0.,0.0499999999999999),
 .UNSPECIFIED.);
#747=B_SPLINE_SURFACE_WITH_KNOTS('',3,1,((#13936,#13937),(#13938,#13939),
(#13940,#13941),(#13942,#13943),(#13944,#13945)),.UNSPECIFIED.,.F.,.F.,
 .F.,(4,1,4),(2,2),(0.,0.11805479935946,0.219304314218274),(0.,0.0499999999999999),
 .UNSPECIFIED.);
#748=B_SPLINE_SURFACE_WITH_KNOTS('',3,1,((#13959,#13960),(#13961,#13962),
(#13963,#13964),(#13965,#13966),(#13967,#13968)),.UNSPECIFIED.,.F.,.F.,
 .F.,(4,1,4),(2,2),(0.,0.108699153752313,0.225233322604535),(0.,0.0499999999999999),
 .UNSPECIFIED.);
#749=B_SPLINE_SURFACE_WITH_KNOTS('',3,1,((#13982,#13983),(#13984,#13985),
(#13986,#13987),(#13988,#13989),(#13990,#13991)),.UNSPECIFIED.,.F.,.F.,
 .F.,(4,1,4),(2,2),(0.,0.124110787714791,0.235791109973173),(0.,0.0499999999999999),
 .UNSPECIFIED.);
#750=B_SPLINE_SURFACE_WITH_KNOTS('',3,1,((#14011,#14012),(#14013,#14014),
(#14015,#14016),(#14017,#14018),(#14019,#14020)),.UNSPECIFIED.,.F.,.F.,
 .F.,(4,1,4),(2,2),(0.,0.0820518363753336,0.176125213536813),(0.,0.0499999999999999),
 .UNSPECIFIED.);
#751=B_SPLINE_SURFACE_WITH_KNOTS('',3,1,((#14202,#14203),(#14204,#14205),
(#14206,#14207),(#14208,#14209),(#14210,#14211),(#14212,#14213),(#14214,
#14215),(#14216,#14217),(#14218,#14219),(#14220,#14221)),.UNSPECIFIED.,
 .F.,.F.,.F.,(4,3,3,4),(2,2),(-0.91643998618335,-0.458219993091675,-0.0761409875746697,
0.),(0.,6.),.UNSPECIFIED.);
#752=FACE_OUTER_BOUND('',#1180,.T.);
#753=FACE_OUTER_BOUND('',#1181,.T.);
#754=FACE_OUTER_BOUND('',#1182,.T.);
#755=FACE_OUTER_BOUND('',#1183,.T.);
#756=FACE_OUTER_BOUND('',#1184,.T.);
#757=FACE_OUTER_BOUND('',#1185,.T.);
#758=FACE_OUTER_BOUND('',#1186,.T.);
#759=FACE_OUTER_BOUND('',#1187,.T.);
#760=FACE_OUTER_BOUND('',#1188,.T.);
#761=FACE_OUTER_BOUND('',#1189,.T.);
#762=FACE_OUTER_BOUND('',#1190,.T.);
#763=FACE_OUTER_BOUND('',#1191,.T.);
#764=FACE_OUTER_BOUND('',#1192,.T.);
#765=FACE_OUTER_BOUND('',#1193,.T.);
#766=FACE_OUTER_BOUND('',#1194,.T.);
#767=FACE_OUTER_BOUND('',#1195,.T.);
#768=FACE_OUTER_BOUND('',#1196,.T.);
#769=FACE_OUTER_BOUND('',#1197,.T.);
#770=FACE_OUTER_BOUND('',#1198,.T.);
#771=FACE_OUTER_BOUND('',#1199,.T.);
#772=FACE_OUTER_BOUND('',#1200,.T.);
#773=FACE_OUTER_BOUND('',#1201,.T.);
#774=FACE_OUTER_BOUND('',#1202,.T.);
#775=FACE_OUTER_BOUND('',#1203,.T.);
#776=FACE_OUTER_BOUND('',#1204,.T.);
#777=FACE_OUTER_BOUND('',#1205,.T.);
#778=FACE_OUTER_BOUND('',#1206,.T.);
#779=FACE_OUTER_BOUND('',#1207,.T.);
#780=FACE_OUTER_BOUND('',#1208,.T.);
#781=FACE_OUTER_BOUND('',#1209,.T.);
#782=FACE_OUTER_BOUND('',#1210,.T.);
#783=FACE_OUTER_BOUND('',#1211,.T.);
#784=FACE_OUTER_BOUND('',#1212,.T.);
#785=FACE_OUTER_BOUND('',#1213,.T.);
#786=FACE_OUTER_BOUND('',#1214,.T.);
#787=FACE_OUTER_BOUND('',#1215,.T.);
#788=FACE_OUTER_BOUND('',#1216,.T.);
#789=FACE_OUTER_BOUND('',#1217,.T.);
#790=FACE_OUTER_BOUND('',#1218,.T.);
#791=FACE_OUTER_BOUND('',#1219,.T.);
#792=FACE_OUTER_BOUND('',#1220,.T.);
#793=FACE_OUTER_BOUND('',#1221,.T.);
#794=FACE_OUTER_BOUND('',#1222,.T.);
#795=FACE_OUTER_BOUND('',#1223,.T.);
#796=FACE_OUTER_BOUND('',#1224,.T.);
#797=FACE_OUTER_BOUND('',#1225,.T.);
#798=FACE_OUTER_BOUND('',#1226,.T.);
#799=FACE_OUTER_BOUND('',#1227,.T.);
#800=FACE_OUTER_BOUND('',#1228,.T.);
#801=FACE_OUTER_BOUND('',#1229,.T.);
#802=FACE_OUTER_BOUND('',#1230,.T.);
#803=FACE_OUTER_BOUND('',#1231,.T.);
#804=FACE_OUTER_BOUND('',#1232,.T.);
#805=FACE_OUTER_BOUND('',#1233,.T.);
#806=FACE_OUTER_BOUND('',#1234,.T.);
#807=FACE_OUTER_BOUND('',#1235,.T.);
#808=FACE_OUTER_BOUND('',#1237,.T.);
#809=FACE_OUTER_BOUND('',#1238,.T.);
#810=FACE_OUTER_BOUND('',#1239,.T.);
#811=FACE_OUTER_BOUND('',#1240,.T.);
#812=FACE_OUTER_BOUND('',#1241,.T.);
#813=FACE_OUTER_BOUND('',#1242,.T.);
#814=FACE_OUTER_BOUND('',#1243,.T.);
#815=FACE_OUTER_BOUND('',#1244,.T.);
#816=FACE_OUTER_BOUND('',#1245,.T.);
#817=FACE_OUTER_BOUND('',#1246,.T.);
#818=FACE_OUTER_BOUND('',#1247,.T.);
#819=FACE_OUTER_BOUND('',#1248,.T.);
#820=FACE_OUTER_BOUND('',#1249,.T.);
#821=FACE_OUTER_BOUND('',#1250,.T.);
#822=FACE_OUTER_BOUND('',#1251,.T.);
#823=FACE_OUTER_BOUND('',#1252,.T.);
#824=FACE_OUTER_BOUND('',#1253,.T.);
#825=FACE_OUTER_BOUND('',#1254,.T.);
#826=FACE_OUTER_BOUND('',#1255,.T.);
#827=FACE_OUTER_BOUND('',#1256,.T.);
#828=FACE_OUTER_BOUND('',#1257,.T.);
#829=FACE_OUTER_BOUND('',#1258,.T.);
#830=FACE_OUTER_BOUND('',#1259,.T.);
#831=FACE_OUTER_BOUND('',#1260,.T.);
#832=FACE_OUTER_BOUND('',#1261,.T.);
#833=FACE_OUTER_BOUND('',#1262,.T.);
#834=FACE_OUTER_BOUND('',#1263,.T.);
#835=FACE_OUTER_BOUND('',#1264,.T.);
#836=FACE_OUTER_BOUND('',#1265,.T.);
#837=FACE_OUTER_BOUND('',#1266,.T.);
#838=FACE_OUTER_BOUND('',#1267,.T.);
#839=FACE_OUTER_BOUND('',#1268,.T.);
#840=FACE_OUTER_BOUND('',#1269,.T.);
#841=FACE_OUTER_BOUND('',#1270,.T.);
#842=FACE_OUTER_BOUND('',#1271,.T.);
#843=FACE_OUTER_BOUND('',#1272,.T.);
#844=FACE_OUTER_BOUND('',#1273,.T.);
#845=FACE_OUTER_BOUND('',#1274,.T.);
#846=FACE_OUTER_BOUND('',#1275,.T.);
#847=FACE_OUTER_BOUND('',#1276,.T.);
#848=FACE_OUTER_BOUND('',#1277,.T.);
#849=FACE_OUTER_BOUND('',#1278,.T.);
#850=FACE_OUTER_BOUND('',#1279,.T.);
#851=FACE_OUTER_BOUND('',#1280,.T.);
#852=FACE_OUTER_BOUND('',#1282,.T.);
#853=FACE_OUTER_BOUND('',#1283,.T.);
#854=FACE_OUTER_BOUND('',#1284,.T.);
#855=FACE_OUTER_BOUND('',#1285,.T.);
#856=FACE_OUTER_BOUND('',#1286,.T.);
#857=FACE_OUTER_BOUND('',#1287,.T.);
#858=FACE_OUTER_BOUND('',#1288,.T.);
#859=FACE_OUTER_BOUND('',#1289,.T.);
#860=FACE_OUTER_BOUND('',#1290,.T.);
#861=FACE_OUTER_BOUND('',#1291,.T.);
#862=FACE_OUTER_BOUND('',#1292,.T.);
#863=FACE_OUTER_BOUND('',#1293,.T.);
#864=FACE_OUTER_BOUND('',#1294,.T.);
#865=FACE_OUTER_BOUND('',#1295,.T.);
#866=FACE_OUTER_BOUND('',#1296,.T.);
#867=FACE_OUTER_BOUND('',#1297,.T.);
#868=FACE_OUTER_BOUND('',#1298,.T.);
#869=FACE_OUTER_BOUND('',#1299,.T.);
#870=FACE_OUTER_BOUND('',#1300,.T.);
#871=FACE_OUTER_BOUND('',#1301,.T.);
#872=FACE_OUTER_BOUND('',#1302,.T.);
#873=FACE_OUTER_BOUND('',#1303,.T.);
#874=FACE_OUTER_BOUND('',#1304,.T.);
#875=FACE_OUTER_BOUND('',#1305,.T.);
#876=FACE_OUTER_BOUND('',#1306,.T.);
#877=FACE_OUTER_BOUND('',#1307,.T.);
#878=FACE_OUTER_BOUND('',#1308,.T.);
#879=FACE_OUTER_BOUND('',#1309,.T.);
#880=FACE_OUTER_BOUND('',#1310,.T.);
#881=FACE_OUTER_BOUND('',#1311,.T.);
#882=FACE_OUTER_BOUND('',#1312,.T.);
#883=FACE_OUTER_BOUND('',#1313,.T.);
#884=FACE_OUTER_BOUND('',#1314,.T.);
#885=FACE_OUTER_BOUND('',#1315,.T.);
#886=FACE_OUTER_BOUND('',#1316,.T.);
#887=FACE_OUTER_BOUND('',#1317,.T.);
#888=FACE_OUTER_BOUND('',#1318,.T.);
#889=FACE_OUTER_BOUND('',#1319,.T.);
#890=FACE_OUTER_BOUND('',#1321,.T.);
#891=FACE_OUTER_BOUND('',#1322,.T.);
#892=FACE_OUTER_BOUND('',#1323,.T.);
#893=FACE_OUTER_BOUND('',#1324,.T.);
#894=FACE_OUTER_BOUND('',#1325,.T.);
#895=FACE_OUTER_BOUND('',#1326,.T.);
#896=FACE_OUTER_BOUND('',#1327,.T.);
#897=FACE_OUTER_BOUND('',#1328,.T.);
#898=FACE_OUTER_BOUND('',#1329,.T.);
#899=FACE_OUTER_BOUND('',#1330,.T.);
#900=FACE_OUTER_BOUND('',#1331,.T.);
#901=FACE_OUTER_BOUND('',#1332,.T.);
#902=FACE_OUTER_BOUND('',#1333,.T.);
#903=FACE_OUTER_BOUND('',#1334,.T.);
#904=FACE_OUTER_BOUND('',#1335,.T.);
#905=FACE_OUTER_BOUND('',#1336,.T.);
#906=FACE_OUTER_BOUND('',#1337,.T.);
#907=FACE_OUTER_BOUND('',#1338,.T.);
#908=FACE_OUTER_BOUND('',#1339,.T.);
#909=FACE_OUTER_BOUND('',#1340,.T.);
#910=FACE_OUTER_BOUND('',#1341,.T.);
#911=FACE_OUTER_BOUND('',#1342,.T.);
#912=FACE_OUTER_BOUND('',#1343,.T.);
#913=FACE_OUTER_BOUND('',#1344,.T.);
#914=FACE_OUTER_BOUND('',#1345,.T.);
#915=FACE_OUTER_BOUND('',#1346,.T.);
#916=FACE_OUTER_BOUND('',#1347,.T.);
#917=FACE_OUTER_BOUND('',#1348,.T.);
#918=FACE_OUTER_BOUND('',#1349,.T.);
#919=FACE_OUTER_BOUND('',#1350,.T.);
#920=FACE_OUTER_BOUND('',#1351,.T.);
#921=FACE_OUTER_BOUND('',#1352,.T.);
#922=FACE_OUTER_BOUND('',#1353,.T.);
#923=FACE_OUTER_BOUND('',#1354,.T.);
#924=FACE_OUTER_BOUND('',#1355,.T.);
#925=FACE_OUTER_BOUND('',#1356,.T.);
#926=FACE_OUTER_BOUND('',#1357,.T.);
#927=FACE_OUTER_BOUND('',#1358,.T.);
#928=FACE_OUTER_BOUND('',#1359,.T.);
#929=FACE_OUTER_BOUND('',#1360,.T.);
#930=FACE_OUTER_BOUND('',#1361,.T.);
#931=FACE_OUTER_BOUND('',#1362,.T.);
#932=FACE_OUTER_BOUND('',#1363,.T.);
#933=FACE_OUTER_BOUND('',#1364,.T.);
#934=FACE_OUTER_BOUND('',#1365,.T.);
#935=FACE_OUTER_BOUND('',#1366,.T.);
#936=FACE_OUTER_BOUND('',#1367,.T.);
#937=FACE_OUTER_BOUND('',#1368,.T.);
#938=FACE_OUTER_BOUND('',#1369,.T.);
#939=FACE_OUTER_BOUND('',#1370,.T.);
#940=FACE_OUTER_BOUND('',#1371,.T.);
#941=FACE_OUTER_BOUND('',#1372,.T.);
#942=FACE_OUTER_BOUND('',#1374,.T.);
#943=FACE_OUTER_BOUND('',#1375,.T.);
#944=FACE_OUTER_BOUND('',#1376,.T.);
#945=FACE_OUTER_BOUND('',#1377,.T.);
#946=FACE_OUTER_BOUND('',#1378,.T.);
#947=FACE_OUTER_BOUND('',#1379,.T.);
#948=FACE_OUTER_BOUND('',#1380,.T.);
#949=FACE_OUTER_BOUND('',#1381,.T.);
#950=FACE_OUTER_BOUND('',#1382,.T.);
#951=FACE_OUTER_BOUND('',#1383,.T.);
#952=FACE_OUTER_BOUND('',#1384,.T.);
#953=FACE_OUTER_BOUND('',#1385,.T.);
#954=FACE_OUTER_BOUND('',#1386,.T.);
#955=FACE_OUTER_BOUND('',#1387,.T.);
#956=FACE_OUTER_BOUND('',#1388,.T.);
#957=FACE_OUTER_BOUND('',#1389,.T.);
#958=FACE_OUTER_BOUND('',#1390,.T.);
#959=FACE_OUTER_BOUND('',#1391,.T.);
#960=FACE_OUTER_BOUND('',#1392,.T.);
#961=FACE_OUTER_BOUND('',#1393,.T.);
#962=FACE_OUTER_BOUND('',#1394,.T.);
#963=FACE_OUTER_BOUND('',#1395,.T.);
#964=FACE_OUTER_BOUND('',#1396,.T.);
#965=FACE_OUTER_BOUND('',#1398,.T.);
#966=FACE_OUTER_BOUND('',#1399,.T.);
#967=FACE_OUTER_BOUND('',#1400,.T.);
#968=FACE_OUTER_BOUND('',#1401,.T.);
#969=FACE_OUTER_BOUND('',#1402,.T.);
#970=FACE_OUTER_BOUND('',#1403,.T.);
#971=FACE_OUTER_BOUND('',#1404,.T.);
#972=FACE_OUTER_BOUND('',#1405,.T.);
#973=FACE_OUTER_BOUND('',#1406,.T.);
#974=FACE_OUTER_BOUND('',#1407,.T.);
#975=FACE_OUTER_BOUND('',#1408,.T.);
#976=FACE_OUTER_BOUND('',#1409,.T.);
#977=FACE_OUTER_BOUND('',#1410,.T.);
#978=FACE_OUTER_BOUND('',#1411,.T.);
#979=FACE_OUTER_BOUND('',#1412,.T.);
#980=FACE_OUTER_BOUND('',#1413,.T.);
#981=FACE_OUTER_BOUND('',#1414,.T.);
#982=FACE_OUTER_BOUND('',#1415,.T.);
#983=FACE_OUTER_BOUND('',#1416,.T.);
#984=FACE_OUTER_BOUND('',#1417,.T.);
#985=FACE_OUTER_BOUND('',#1418,.T.);
#986=FACE_OUTER_BOUND('',#1419,.T.);
#987=FACE_OUTER_BOUND('',#1420,.T.);
#988=FACE_OUTER_BOUND('',#1421,.T.);
#989=FACE_OUTER_BOUND('',#1422,.T.);
#990=FACE_OUTER_BOUND('',#1423,.T.);
#991=FACE_OUTER_BOUND('',#1424,.T.);
#992=FACE_OUTER_BOUND('',#1425,.T.);
#993=FACE_OUTER_BOUND('',#1426,.T.);
#994=FACE_OUTER_BOUND('',#1427,.T.);
#995=FACE_OUTER_BOUND('',#1428,.T.);
#996=FACE_OUTER_BOUND('',#1429,.T.);
#997=FACE_OUTER_BOUND('',#1430,.T.);
#998=FACE_OUTER_BOUND('',#1431,.T.);
#999=FACE_OUTER_BOUND('',#1432,.T.);
#1000=FACE_OUTER_BOUND('',#1446,.T.);
#1001=FACE_OUTER_BOUND('',#1447,.T.);
#1002=FACE_OUTER_BOUND('',#1448,.T.);
#1003=FACE_OUTER_BOUND('',#1449,.T.);
#1004=FACE_OUTER_BOUND('',#1454,.T.);
#1005=FACE_OUTER_BOUND('',#1455,.T.);
#1006=FACE_OUTER_BOUND('',#1456,.T.);
#1007=FACE_OUTER_BOUND('',#1457,.T.);
#1008=FACE_OUTER_BOUND('',#1458,.T.);
#1009=FACE_OUTER_BOUND('',#1459,.T.);
#1010=FACE_OUTER_BOUND('',#1464,.T.);
#1011=FACE_OUTER_BOUND('',#1465,.T.);
#1012=FACE_OUTER_BOUND('',#1466,.T.);
#1013=FACE_OUTER_BOUND('',#1467,.T.);
#1014=FACE_OUTER_BOUND('',#1468,.T.);
#1015=FACE_OUTER_BOUND('',#1469,.T.);
#1016=FACE_OUTER_BOUND('',#1470,.T.);
#1017=FACE_OUTER_BOUND('',#1471,.T.);
#1018=FACE_OUTER_BOUND('',#1472,.T.);
#1019=FACE_OUTER_BOUND('',#1473,.T.);
#1020=FACE_OUTER_BOUND('',#1474,.T.);
#1021=FACE_OUTER_BOUND('',#1475,.T.);
#1022=FACE_OUTER_BOUND('',#1476,.T.);
#1023=FACE_OUTER_BOUND('',#1477,.T.);
#1024=FACE_OUTER_BOUND('',#1478,.T.);
#1025=FACE_OUTER_BOUND('',#1479,.T.);
#1026=FACE_OUTER_BOUND('',#1480,.T.);
#1027=FACE_OUTER_BOUND('',#1481,.T.);
#1028=FACE_OUTER_BOUND('',#1482,.T.);
#1029=FACE_OUTER_BOUND('',#1483,.T.);
#1030=FACE_OUTER_BOUND('',#1484,.T.);
#1031=FACE_OUTER_BOUND('',#1485,.T.);
#1032=FACE_OUTER_BOUND('',#1486,.T.);
#1033=FACE_OUTER_BOUND('',#1488,.T.);
#1034=FACE_OUTER_BOUND('',#1489,.T.);
#1035=FACE_OUTER_BOUND('',#1490,.T.);
#1036=FACE_OUTER_BOUND('',#1491,.T.);
#1037=FACE_OUTER_BOUND('',#1492,.T.);
#1038=FACE_OUTER_BOUND('',#1493,.T.);
#1039=FACE_OUTER_BOUND('',#1494,.T.);
#1040=FACE_OUTER_BOUND('',#1495,.T.);
#1041=FACE_OUTER_BOUND('',#1496,.T.);
#1042=FACE_OUTER_BOUND('',#1497,.T.);
#1043=FACE_OUTER_BOUND('',#1498,.T.);
#1044=FACE_OUTER_BOUND('',#1499,.T.);
#1045=FACE_OUTER_BOUND('',#1500,.T.);
#1046=FACE_OUTER_BOUND('',#1501,.T.);
#1047=FACE_OUTER_BOUND('',#1502,.T.);
#1048=FACE_OUTER_BOUND('',#1503,.T.);
#1049=FACE_OUTER_BOUND('',#1504,.T.);
#1050=FACE_OUTER_BOUND('',#1505,.T.);
#1051=FACE_OUTER_BOUND('',#1506,.T.);
#1052=FACE_OUTER_BOUND('',#1507,.T.);
#1053=FACE_OUTER_BOUND('',#1508,.T.);
#1054=FACE_OUTER_BOUND('',#1510,.T.);
#1055=FACE_OUTER_BOUND('',#1520,.T.);
#1056=FACE_OUTER_BOUND('',#1521,.T.);
#1057=FACE_OUTER_BOUND('',#1522,.T.);
#1058=FACE_OUTER_BOUND('',#1523,.T.);
#1059=FACE_OUTER_BOUND('',#1524,.T.);
#1060=FACE_OUTER_BOUND('',#1525,.T.);
#1061=FACE_OUTER_BOUND('',#1526,.T.);
#1062=FACE_OUTER_BOUND('',#1527,.T.);
#1063=FACE_OUTER_BOUND('',#1528,.T.);
#1064=FACE_OUTER_BOUND('',#1534,.T.);
#1065=FACE_OUTER_BOUND('',#1535,.T.);
#1066=FACE_OUTER_BOUND('',#1536,.T.);
#1067=FACE_OUTER_BOUND('',#1537,.T.);
#1068=FACE_OUTER_BOUND('',#1538,.T.);
#1069=FACE_OUTER_BOUND('',#1539,.T.);
#1070=FACE_OUTER_BOUND('',#1540,.T.);
#1071=FACE_OUTER_BOUND('',#1541,.T.);
#1072=FACE_OUTER_BOUND('',#1542,.T.);
#1073=FACE_OUTER_BOUND('',#1543,.T.);
#1074=FACE_OUTER_BOUND('',#1544,.T.);
#1075=FACE_OUTER_BOUND('',#1545,.T.);
#1076=FACE_OUTER_BOUND('',#1546,.T.);
#1077=FACE_OUTER_BOUND('',#1547,.T.);
#1078=FACE_OUTER_BOUND('',#1548,.T.);
#1079=FACE_OUTER_BOUND('',#1549,.T.);
#1080=FACE_OUTER_BOUND('',#1550,.T.);
#1081=FACE_OUTER_BOUND('',#1551,.T.);
#1082=FACE_OUTER_BOUND('',#1552,.T.);
#1083=FACE_OUTER_BOUND('',#1553,.T.);
#1084=FACE_OUTER_BOUND('',#1554,.T.);
#1085=FACE_OUTER_BOUND('',#1555,.T.);
#1086=FACE_OUTER_BOUND('',#1556,.T.);
#1087=FACE_OUTER_BOUND('',#1557,.T.);
#1088=FACE_OUTER_BOUND('',#1558,.T.);
#1089=FACE_OUTER_BOUND('',#1559,.T.);
#1090=FACE_OUTER_BOUND('',#1560,.T.);
#1091=FACE_OUTER_BOUND('',#1561,.T.);
#1092=FACE_OUTER_BOUND('',#1562,.T.);
#1093=FACE_OUTER_BOUND('',#1563,.T.);
#1094=FACE_OUTER_BOUND('',#1564,.T.);
#1095=FACE_OUTER_BOUND('',#1565,.T.);
#1096=FACE_OUTER_BOUND('',#1566,.T.);
#1097=FACE_OUTER_BOUND('',#1567,.T.);
#1098=FACE_OUTER_BOUND('',#1568,.T.);
#1099=FACE_OUTER_BOUND('',#1569,.T.);
#1100=FACE_OUTER_BOUND('',#1570,.T.);
#1101=FACE_OUTER_BOUND('',#1571,.T.);
#1102=FACE_OUTER_BOUND('',#1572,.T.);
#1103=FACE_OUTER_BOUND('',#1573,.T.);
#1104=FACE_OUTER_BOUND('',#1574,.T.);
#1105=FACE_OUTER_BOUND('',#1575,.T.);
#1106=FACE_OUTER_BOUND('',#1576,.T.);
#1107=FACE_OUTER_BOUND('',#1577,.T.);
#1108=FACE_OUTER_BOUND('',#1578,.T.);
#1109=FACE_OUTER_BOUND('',#1579,.T.);
#1110=FACE_OUTER_BOUND('',#1580,.T.);
#1111=FACE_OUTER_BOUND('',#1581,.T.);
#1112=FACE_OUTER_BOUND('',#1582,.T.);
#1113=FACE_OUTER_BOUND('',#1583,.T.);
#1114=FACE_OUTER_BOUND('',#1584,.T.);
#1115=FACE_OUTER_BOUND('',#1585,.T.);
#1116=FACE_OUTER_BOUND('',#1586,.T.);
#1117=FACE_OUTER_BOUND('',#1587,.T.);
#1118=FACE_OUTER_BOUND('',#1588,.T.);
#1119=FACE_OUTER_BOUND('',#1589,.T.);
#1120=FACE_OUTER_BOUND('',#1590,.T.);
#1121=FACE_OUTER_BOUND('',#1591,.T.);
#1122=FACE_OUTER_BOUND('',#1592,.T.);
#1123=FACE_OUTER_BOUND('',#1593,.T.);
#1124=FACE_OUTER_BOUND('',#1594,.T.);
#1125=FACE_OUTER_BOUND('',#1595,.T.);
#1126=FACE_OUTER_BOUND('',#1596,.T.);
#1127=FACE_OUTER_BOUND('',#1597,.T.);
#1128=FACE_OUTER_BOUND('',#1598,.T.);
#1129=FACE_OUTER_BOUND('',#1603,.T.);
#1130=FACE_OUTER_BOUND('',#1605,.T.);
#1131=FACE_OUTER_BOUND('',#1606,.T.);
#1132=FACE_OUTER_BOUND('',#1607,.T.);
#1133=FACE_OUTER_BOUND('',#1608,.T.);
#1134=FACE_OUTER_BOUND('',#1609,.T.);
#1135=FACE_OUTER_BOUND('',#1610,.T.);
#1136=FACE_OUTER_BOUND('',#1611,.T.);
#1137=FACE_OUTER_BOUND('',#1612,.T.);
#1138=FACE_OUTER_BOUND('',#1613,.T.);
#1139=FACE_OUTER_BOUND('',#1614,.T.);
#1140=FACE_OUTER_BOUND('',#1615,.T.);
#1141=FACE_OUTER_BOUND('',#1616,.T.);
#1142=FACE_OUTER_BOUND('',#1617,.T.);
#1143=FACE_OUTER_BOUND('',#1618,.T.);
#1144=FACE_OUTER_BOUND('',#1619,.T.);
#1145=FACE_OUTER_BOUND('',#1620,.T.);
#1146=FACE_OUTER_BOUND('',#1621,.T.);
#1147=FACE_OUTER_BOUND('',#1622,.T.);
#1148=FACE_OUTER_BOUND('',#1623,.T.);
#1149=FACE_OUTER_BOUND('',#1624,.T.);
#1150=FACE_OUTER_BOUND('',#1625,.T.);
#1151=FACE_OUTER_BOUND('',#1626,.T.);
#1152=FACE_OUTER_BOUND('',#1627,.T.);
#1153=FACE_OUTER_BOUND('',#1628,.T.);
#1154=FACE_OUTER_BOUND('',#1629,.T.);
#1155=FACE_OUTER_BOUND('',#1630,.T.);
#1156=FACE_OUTER_BOUND('',#1631,.T.);
#1157=FACE_OUTER_BOUND('',#1632,.T.);
#1158=FACE_OUTER_BOUND('',#1633,.T.);
#1159=FACE_OUTER_BOUND('',#1634,.T.);
#1160=FACE_OUTER_BOUND('',#1635,.T.);
#1161=FACE_OUTER_BOUND('',#1636,.T.);
#1162=FACE_OUTER_BOUND('',#1637,.T.);
#1163=FACE_OUTER_BOUND('',#1638,.T.);
#1164=FACE_OUTER_BOUND('',#1639,.T.);
#1165=FACE_OUTER_BOUND('',#1640,.T.);
#1166=FACE_OUTER_BOUND('',#1641,.T.);
#1167=FACE_OUTER_BOUND('',#1642,.T.);
#1168=FACE_OUTER_BOUND('',#1643,.T.);
#1169=FACE_OUTER_BOUND('',#1644,.T.);
#1170=FACE_OUTER_BOUND('',#1645,.T.);
#1171=FACE_OUTER_BOUND('',#1646,.T.);
#1172=FACE_OUTER_BOUND('',#1647,.T.);
#1173=FACE_OUTER_BOUND('',#1653,.T.);
#1174=FACE_OUTER_BOUND('',#1654,.T.);
#1175=FACE_OUTER_BOUND('',#1655,.T.);
#1176=FACE_OUTER_BOUND('',#1657,.T.);
#1177=FACE_OUTER_BOUND('',#1659,.T.);
#1178=FACE_OUTER_BOUND('',#1660,.T.);
#1179=FACE_OUTER_BOUND('',#1661,.T.);
#1180=EDGE_LOOP('',(#5046,#5047,#5048,#5049));
#1181=EDGE_LOOP('',(#5050,#5051,#5052,#5053));
#1182=EDGE_LOOP('',(#5054,#5055,#5056,#5057));
#1183=EDGE_LOOP('',(#5058,#5059,#5060,#5061));
#1184=EDGE_LOOP('',(#5062,#5063,#5064,#5065));
#1185=EDGE_LOOP('',(#5066,#5067,#5068,#5069));
#1186=EDGE_LOOP('',(#5070,#5071,#5072,#5073));
#1187=EDGE_LOOP('',(#5074,#5075,#5076,#5077));
#1188=EDGE_LOOP('',(#5078,#5079,#5080,#5081));
#1189=EDGE_LOOP('',(#5082,#5083,#5084,#5085));
#1190=EDGE_LOOP('',(#5086,#5087,#5088,#5089));
#1191=EDGE_LOOP('',(#5090,#5091,#5092,#5093));
#1192=EDGE_LOOP('',(#5094,#5095,#5096,#5097));
#1193=EDGE_LOOP('',(#5098,#5099,#5100,#5101));
#1194=EDGE_LOOP('',(#5102,#5103,#5104,#5105));
#1195=EDGE_LOOP('',(#5106,#5107,#5108,#5109));
#1196=EDGE_LOOP('',(#5110,#5111,#5112,#5113));
#1197=EDGE_LOOP('',(#5114,#5115,#5116,#5117,#5118,#5119,#5120,#5121,#5122,
#5123,#5124,#5125,#5126,#5127,#5128,#5129,#5130));
#1198=EDGE_LOOP('',(#5131,#5132,#5133,#5134));
#1199=EDGE_LOOP('',(#5135,#5136,#5137,#5138));
#1200=EDGE_LOOP('',(#5139,#5140,#5141,#5142));
#1201=EDGE_LOOP('',(#5143,#5144,#5145,#5146));
#1202=EDGE_LOOP('',(#5147,#5148,#5149,#5150));
#1203=EDGE_LOOP('',(#5151,#5152,#5153,#5154));
#1204=EDGE_LOOP('',(#5155,#5156,#5157,#5158));
#1205=EDGE_LOOP('',(#5159,#5160,#5161,#5162));
#1206=EDGE_LOOP('',(#5163,#5164,#5165,#5166));
#1207=EDGE_LOOP('',(#5167,#5168,#5169,#5170));
#1208=EDGE_LOOP('',(#5171,#5172,#5173,#5174));
#1209=EDGE_LOOP('',(#5175,#5176,#5177,#5178));
#1210=EDGE_LOOP('',(#5179,#5180,#5181,#5182));
#1211=EDGE_LOOP('',(#5183,#5184,#5185,#5186));
#1212=EDGE_LOOP('',(#5187,#5188,#5189,#5190));
#1213=EDGE_LOOP('',(#5191,#5192,#5193,#5194));
#1214=EDGE_LOOP('',(#5195,#5196,#5197,#5198));
#1215=EDGE_LOOP('',(#5199,#5200,#5201,#5202));
#1216=EDGE_LOOP('',(#5203,#5204,#5205,#5206));
#1217=EDGE_LOOP('',(#5207,#5208,#5209,#5210));
#1218=EDGE_LOOP('',(#5211,#5212,#5213,#5214));
#1219=EDGE_LOOP('',(#5215,#5216,#5217,#5218));
#1220=EDGE_LOOP('',(#5219,#5220,#5221,#5222));
#1221=EDGE_LOOP('',(#5223,#5224,#5225,#5226));
#1222=EDGE_LOOP('',(#5227,#5228,#5229,#5230));
#1223=EDGE_LOOP('',(#5231,#5232,#5233,#5234));
#1224=EDGE_LOOP('',(#5235,#5236,#5237,#5238));
#1225=EDGE_LOOP('',(#5239,#5240,#5241,#5242));
#1226=EDGE_LOOP('',(#5243,#5244,#5245,#5246));
#1227=EDGE_LOOP('',(#5247,#5248,#5249,#5250));
#1228=EDGE_LOOP('',(#5251,#5252,#5253,#5254));
#1229=EDGE_LOOP('',(#5255,#5256,#5257,#5258));
#1230=EDGE_LOOP('',(#5259,#5260,#5261,#5262));
#1231=EDGE_LOOP('',(#5263,#5264,#5265,#5266));
#1232=EDGE_LOOP('',(#5267,#5268,#5269,#5270));
#1233=EDGE_LOOP('',(#5271,#5272,#5273,#5274));
#1234=EDGE_LOOP('',(#5275,#5276,#5277,#5278));
#1235=EDGE_LOOP('',(#5279,#5280,#5281,#5282,#5283,#5284,#5285,#5286,#5287,
#5288,#5289,#5290,#5291,#5292,#5293,#5294,#5295,#5296,#5297,#5298,#5299,
#5300,#5301,#5302,#5303,#5304,#5305));
#1236=EDGE_LOOP('',(#5306,#5307,#5308,#5309,#5310,#5311,#5312,#5313,#5314,
#5315));
#1237=EDGE_LOOP('',(#5316,#5317,#5318,#5319));
#1238=EDGE_LOOP('',(#5320,#5321,#5322,#5323));
#1239=EDGE_LOOP('',(#5324,#5325,#5326,#5327));
#1240=EDGE_LOOP('',(#5328,#5329,#5330,#5331));
#1241=EDGE_LOOP('',(#5332,#5333,#5334,#5335));
#1242=EDGE_LOOP('',(#5336,#5337,#5338,#5339));
#1243=EDGE_LOOP('',(#5340,#5341,#5342,#5343));
#1244=EDGE_LOOP('',(#5344,#5345,#5346,#5347));
#1245=EDGE_LOOP('',(#5348,#5349,#5350,#5351));
#1246=EDGE_LOOP('',(#5352,#5353,#5354,#5355));
#1247=EDGE_LOOP('',(#5356,#5357,#5358,#5359));
#1248=EDGE_LOOP('',(#5360,#5361,#5362,#5363));
#1249=EDGE_LOOP('',(#5364,#5365,#5366,#5367));
#1250=EDGE_LOOP('',(#5368,#5369,#5370,#5371));
#1251=EDGE_LOOP('',(#5372,#5373,#5374,#5375));
#1252=EDGE_LOOP('',(#5376,#5377,#5378,#5379));
#1253=EDGE_LOOP('',(#5380,#5381,#5382,#5383));
#1254=EDGE_LOOP('',(#5384,#5385,#5386,#5387));
#1255=EDGE_LOOP('',(#5388,#5389,#5390,#5391,#5392,#5393,#5394,#5395,#5396,
#5397,#5398,#5399,#5400,#5401,#5402,#5403,#5404,#5405));
#1256=EDGE_LOOP('',(#5406,#5407,#5408,#5409));
#1257=EDGE_LOOP('',(#5410,#5411,#5412,#5413));
#1258=EDGE_LOOP('',(#5414,#5415,#5416,#5417));
#1259=EDGE_LOOP('',(#5418,#5419,#5420,#5421));
#1260=EDGE_LOOP('',(#5422,#5423,#5424,#5425));
#1261=EDGE_LOOP('',(#5426,#5427,#5428,#5429));
#1262=EDGE_LOOP('',(#5430,#5431,#5432,#5433));
#1263=EDGE_LOOP('',(#5434,#5435,#5436,#5437));
#1264=EDGE_LOOP('',(#5438,#5439,#5440,#5441));
#1265=EDGE_LOOP('',(#5442,#5443,#5444,#5445));
#1266=EDGE_LOOP('',(#5446,#5447,#5448,#5449));
#1267=EDGE_LOOP('',(#5450,#5451,#5452,#5453));
#1268=EDGE_LOOP('',(#5454,#5455,#5456,#5457));
#1269=EDGE_LOOP('',(#5458,#5459,#5460,#5461));
#1270=EDGE_LOOP('',(#5462,#5463,#5464,#5465));
#1271=EDGE_LOOP('',(#5466,#5467,#5468,#5469));
#1272=EDGE_LOOP('',(#5470,#5471,#5472,#5473));
#1273=EDGE_LOOP('',(#5474,#5475,#5476,#5477));
#1274=EDGE_LOOP('',(#5478,#5479,#5480,#5481));
#1275=EDGE_LOOP('',(#5482,#5483,#5484,#5485));
#1276=EDGE_LOOP('',(#5486,#5487,#5488,#5489));
#1277=EDGE_LOOP('',(#5490,#5491,#5492,#5493));
#1278=EDGE_LOOP('',(#5494,#5495,#5496,#5497));
#1279=EDGE_LOOP('',(#5498,#5499,#5500,#5501));
#1280=EDGE_LOOP('',(#5502,#5503,#5504,#5505,#5506,#5507,#5508,#5509,#5510,
#5511,#5512));
#1281=EDGE_LOOP('',(#5513,#5514,#5515,#5516,#5517,#5518,#5519,#5520));
#1282=EDGE_LOOP('',(#5521,#5522,#5523,#5524));
#1283=EDGE_LOOP('',(#5525,#5526,#5527,#5528));
#1284=EDGE_LOOP('',(#5529,#5530,#5531,#5532));
#1285=EDGE_LOOP('',(#5533,#5534,#5535,#5536));
#1286=EDGE_LOOP('',(#5537,#5538,#5539,#5540));
#1287=EDGE_LOOP('',(#5541,#5542,#5543,#5544));
#1288=EDGE_LOOP('',(#5545,#5546,#5547,#5548));
#1289=EDGE_LOOP('',(#5549,#5550,#5551,#5552));
#1290=EDGE_LOOP('',(#5553,#5554,#5555,#5556));
#1291=EDGE_LOOP('',(#5557,#5558,#5559,#5560));
#1292=EDGE_LOOP('',(#5561,#5562,#5563,#5564));
#1293=EDGE_LOOP('',(#5565,#5566,#5567,#5568));
#1294=EDGE_LOOP('',(#5569,#5570,#5571,#5572));
#1295=EDGE_LOOP('',(#5573,#5574,#5575,#5576));
#1296=EDGE_LOOP('',(#5577,#5578,#5579,#5580));
#1297=EDGE_LOOP('',(#5581,#5582,#5583,#5584));
#1298=EDGE_LOOP('',(#5585,#5586,#5587,#5588));
#1299=EDGE_LOOP('',(#5589,#5590,#5591,#5592));
#1300=EDGE_LOOP('',(#5593,#5594,#5595,#5596));
#1301=EDGE_LOOP('',(#5597,#5598,#5599,#5600));
#1302=EDGE_LOOP('',(#5601,#5602,#5603,#5604));
#1303=EDGE_LOOP('',(#5605,#5606,#5607,#5608));
#1304=EDGE_LOOP('',(#5609,#5610,#5611,#5612));
#1305=EDGE_LOOP('',(#5613,#5614,#5615,#5616));
#1306=EDGE_LOOP('',(#5617,#5618,#5619,#5620));
#1307=EDGE_LOOP('',(#5621,#5622,#5623,#5624));
#1308=EDGE_LOOP('',(#5625,#5626,#5627,#5628));
#1309=EDGE_LOOP('',(#5629,#5630,#5631,#5632));
#1310=EDGE_LOOP('',(#5633,#5634,#5635,#5636));
#1311=EDGE_LOOP('',(#5637,#5638,#5639,#5640));
#1312=EDGE_LOOP('',(#5641,#5642,#5643,#5644));
#1313=EDGE_LOOP('',(#5645,#5646,#5647,#5648));
#1314=EDGE_LOOP('',(#5649,#5650,#5651,#5652));
#1315=EDGE_LOOP('',(#5653,#5654,#5655,#5656));
#1316=EDGE_LOOP('',(#5657,#5658,#5659,#5660));
#1317=EDGE_LOOP('',(#5661,#5662,#5663,#5664));
#1318=EDGE_LOOP('',(#5665,#5666,#5667,#5668));
#1319=EDGE_LOOP('',(#5669,#5670,#5671,#5672,#5673,#5674,#5675,#5676,#5677,
#5678,#5679,#5680,#5681,#5682,#5683,#5684,#5685,#5686,#5687,#5688,#5689,
#5690,#5691,#5692,#5693,#5694,#5695));
#1320=EDGE_LOOP('',(#5696,#5697,#5698,#5699,#5700,#5701,#5702,#5703,#5704,
#5705));
#1321=EDGE_LOOP('',(#5706,#5707,#5708,#5709));
#1322=EDGE_LOOP('',(#5710,#5711,#5712,#5713));
#1323=EDGE_LOOP('',(#5714,#5715,#5716,#5717));
#1324=EDGE_LOOP('',(#5718,#5719,#5720,#5721));
#1325=EDGE_LOOP('',(#5722,#5723,#5724,#5725));
#1326=EDGE_LOOP('',(#5726,#5727,#5728,#5729));
#1327=EDGE_LOOP('',(#5730,#5731,#5732,#5733));
#1328=EDGE_LOOP('',(#5734,#5735,#5736,#5737));
#1329=EDGE_LOOP('',(#5738,#5739,#5740,#5741));
#1330=EDGE_LOOP('',(#5742,#5743,#5744,#5745));
#1331=EDGE_LOOP('',(#5746,#5747,#5748,#5749));
#1332=EDGE_LOOP('',(#5750,#5751,#5752,#5753));
#1333=EDGE_LOOP('',(#5754,#5755,#5756,#5757));
#1334=EDGE_LOOP('',(#5758,#5759,#5760,#5761));
#1335=EDGE_LOOP('',(#5762,#5763,#5764,#5765));
#1336=EDGE_LOOP('',(#5766,#5767,#5768,#5769));
#1337=EDGE_LOOP('',(#5770,#5771,#5772,#5773));
#1338=EDGE_LOOP('',(#5774,#5775,#5776,#5777));
#1339=EDGE_LOOP('',(#5778,#5779,#5780,#5781));
#1340=EDGE_LOOP('',(#5782,#5783,#5784,#5785));
#1341=EDGE_LOOP('',(#5786,#5787,#5788,#5789,#5790,#5791,#5792,#5793,#5794,
#5795,#5796,#5797,#5798,#5799,#5800,#5801,#5802,#5803,#5804,#5805));
#1342=EDGE_LOOP('',(#5806,#5807,#5808,#5809));
#1343=EDGE_LOOP('',(#5810,#5811,#5812,#5813));
#1344=EDGE_LOOP('',(#5814,#5815,#5816,#5817));
#1345=EDGE_LOOP('',(#5818,#5819,#5820,#5821));
#1346=EDGE_LOOP('',(#5822,#5823,#5824,#5825));
#1347=EDGE_LOOP('',(#5826,#5827,#5828,#5829));
#1348=EDGE_LOOP('',(#5830,#5831,#5832,#5833));
#1349=EDGE_LOOP('',(#5834,#5835,#5836,#5837));
#1350=EDGE_LOOP('',(#5838,#5839,#5840,#5841));
#1351=EDGE_LOOP('',(#5842,#5843,#5844,#5845));
#1352=EDGE_LOOP('',(#5846,#5847,#5848,#5849));
#1353=EDGE_LOOP('',(#5850,#5851,#5852,#5853));
#1354=EDGE_LOOP('',(#5854,#5855,#5856,#5857));
#1355=EDGE_LOOP('',(#5858,#5859,#5860,#5861));
#1356=EDGE_LOOP('',(#5862,#5863,#5864,#5865));
#1357=EDGE_LOOP('',(#5866,#5867,#5868,#5869));
#1358=EDGE_LOOP('',(#5870,#5871,#5872,#5873));
#1359=EDGE_LOOP('',(#5874,#5875,#5876,#5877));
#1360=EDGE_LOOP('',(#5878,#5879,#5880,#5881));
#1361=EDGE_LOOP('',(#5882,#5883,#5884,#5885));
#1362=EDGE_LOOP('',(#5886,#5887,#5888,#5889));
#1363=EDGE_LOOP('',(#5890,#5891,#5892,#5893));
#1364=EDGE_LOOP('',(#5894,#5895,#5896,#5897));
#1365=EDGE_LOOP('',(#5898,#5899,#5900,#5901));
#1366=EDGE_LOOP('',(#5902,#5903,#5904,#5905));
#1367=EDGE_LOOP('',(#5906,#5907,#5908,#5909));
#1368=EDGE_LOOP('',(#5910,#5911,#5912,#5913));
#1369=EDGE_LOOP('',(#5914,#5915,#5916,#5917));
#1370=EDGE_LOOP('',(#5918,#5919,#5920,#5921));
#1371=EDGE_LOOP('',(#5922,#5923,#5924,#5925));
#1372=EDGE_LOOP('',(#5926,#5927,#5928,#5929,#5930,#5931,#5932,#5933,#5934,
#5935,#5936,#5937,#5938,#5939,#5940));
#1373=EDGE_LOOP('',(#5941,#5942,#5943,#5944,#5945));
#1374=EDGE_LOOP('',(#5946,#5947,#5948,#5949));
#1375=EDGE_LOOP('',(#5950,#5951,#5952,#5953));
#1376=EDGE_LOOP('',(#5954,#5955,#5956,#5957));
#1377=EDGE_LOOP('',(#5958,#5959,#5960,#5961));
#1378=EDGE_LOOP('',(#5962,#5963,#5964,#5965));
#1379=EDGE_LOOP('',(#5966,#5967,#5968,#5969));
#1380=EDGE_LOOP('',(#5970,#5971,#5972,#5973));
#1381=EDGE_LOOP('',(#5974,#5975,#5976,#5977));
#1382=EDGE_LOOP('',(#5978,#5979,#5980,#5981));
#1383=EDGE_LOOP('',(#5982,#5983,#5984,#5985));
#1384=EDGE_LOOP('',(#5986,#5987,#5988,#5989));
#1385=EDGE_LOOP('',(#5990,#5991,#5992,#5993));
#1386=EDGE_LOOP('',(#5994,#5995,#5996,#5997));
#1387=EDGE_LOOP('',(#5998,#5999,#6000,#6001));
#1388=EDGE_LOOP('',(#6002,#6003,#6004,#6005));
#1389=EDGE_LOOP('',(#6006,#6007,#6008,#6009));
#1390=EDGE_LOOP('',(#6010,#6011,#6012,#6013));
#1391=EDGE_LOOP('',(#6014,#6015,#6016,#6017));
#1392=EDGE_LOOP('',(#6018,#6019,#6020,#6021));
#1393=EDGE_LOOP('',(#6022,#6023,#6024,#6025));
#1394=EDGE_LOOP('',(#6026,#6027,#6028,#6029));
#1395=EDGE_LOOP('',(#6030,#6031,#6032,#6033));
#1396=EDGE_LOOP('',(#6034,#6035,#6036,#6037,#6038,#6039,#6040,#6041,#6042,
#6043,#6044,#6045,#6046,#6047));
#1397=EDGE_LOOP('',(#6048,#6049,#6050,#6051,#6052,#6053,#6054,#6055));
#1398=EDGE_LOOP('',(#6056,#6057,#6058,#6059));
#1399=EDGE_LOOP('',(#6060,#6061,#6062,#6063));
#1400=EDGE_LOOP('',(#6064,#6065,#6066,#6067));
#1401=EDGE_LOOP('',(#6068,#6069,#6070,#6071));
#1402=EDGE_LOOP('',(#6072,#6073,#6074,#6075));
#1403=EDGE_LOOP('',(#6076,#6077,#6078,#6079));
#1404=EDGE_LOOP('',(#6080,#6081,#6082,#6083));
#1405=EDGE_LOOP('',(#6084,#6085,#6086,#6087));
#1406=EDGE_LOOP('',(#6088,#6089,#6090,#6091));
#1407=EDGE_LOOP('',(#6092,#6093,#6094,#6095));
#1408=EDGE_LOOP('',(#6096,#6097,#6098,#6099));
#1409=EDGE_LOOP('',(#6100,#6101,#6102,#6103));
#1410=EDGE_LOOP('',(#6104,#6105,#6106,#6107));
#1411=EDGE_LOOP('',(#6108,#6109,#6110,#6111));
#1412=EDGE_LOOP('',(#6112,#6113,#6114,#6115));
#1413=EDGE_LOOP('',(#6116,#6117,#6118,#6119));
#1414=EDGE_LOOP('',(#6120,#6121,#6122,#6123));
#1415=EDGE_LOOP('',(#6124,#6125,#6126,#6127));
#1416=EDGE_LOOP('',(#6128,#6129,#6130,#6131));
#1417=EDGE_LOOP('',(#6132,#6133,#6134,#6135));
#1418=EDGE_LOOP('',(#6136,#6137,#6138,#6139));
#1419=EDGE_LOOP('',(#6140,#6141,#6142,#6143));
#1420=EDGE_LOOP('',(#6144,#6145,#6146,#6147));
#1421=EDGE_LOOP('',(#6148,#6149,#6150,#6151));
#1422=EDGE_LOOP('',(#6152,#6153,#6154,#6155));
#1423=EDGE_LOOP('',(#6156,#6157,#6158,#6159));
#1424=EDGE_LOOP('',(#6160,#6161,#6162,#6163));
#1425=EDGE_LOOP('',(#6164,#6165,#6166,#6167,#6168,#6169,#6170,#6171,#6172,
#6173,#6174,#6175,#6176,#6177,#6178,#6179,#6180,#6181,#6182,#6183,#6184,
#6185));
#1426=EDGE_LOOP('',(#6186,#6187,#6188,#6189,#6190,#6191,#6192,#6193));
#1427=EDGE_LOOP('',(#6194,#6195,#6196,#6197,#6198));
#1428=EDGE_LOOP('',(#6199,#6200,#6201,#6202,#6203,#6204,#6205,#6206,#6207,
#6208));
#1429=EDGE_LOOP('',(#6209,#6210,#6211,#6212,#6213,#6214,#6215,#6216));
#1430=EDGE_LOOP('',(#6217,#6218,#6219,#6220,#6221,#6222,#6223,#6224,#6225,
#6226));
#1431=EDGE_LOOP('',(#6227,#6228,#6229,#6230));
#1432=EDGE_LOOP('',(#6231,#6232,#6233,#6234));
#1433=EDGE_LOOP('',(#6235,#6236,#6237,#6238,#6239,#6240,#6241,#6242,#6243,
#6244,#6245,#6246,#6247,#6248,#6249,#6250,#6251,#6252,#6253,#6254,#6255,
#6256));
#1434=EDGE_LOOP('',(#6257,#6258,#6259,#6260));
#1435=EDGE_LOOP('',(#6261,#6262,#6263,#6264,#6265,#6266,#6267,#6268,#6269,
#6270,#6271,#6272,#6273,#6274));
#1436=EDGE_LOOP('',(#6275,#6276,#6277,#6278,#6279,#6280,#6281,#6282,#6283,
#6284,#6285,#6286,#6287,#6288,#6289));
#1437=EDGE_LOOP('',(#6290,#6291,#6292,#6293));
#1438=EDGE_LOOP('',(#6294,#6295,#6296,#6297));
#1439=EDGE_LOOP('',(#6298,#6299,#6300,#6301,#6302,#6303,#6304,#6305,#6306,
#6307,#6308,#6309,#6310,#6311,#6312,#6313,#6314,#6315,#6316,#6317));
#1440=EDGE_LOOP('',(#6318,#6319,#6320,#6321,#6322,#6323,#6324,#6325,#6326,
#6327,#6328,#6329,#6330,#6331,#6332,#6333,#6334,#6335,#6336,#6337,#6338,
#6339,#6340,#6341,#6342,#6343,#6344));
#1441=EDGE_LOOP('',(#6345,#6346,#6347,#6348,#6349,#6350,#6351,#6352,#6353,
#6354,#6355));
#1442=EDGE_LOOP('',(#6356,#6357,#6358,#6359));
#1443=EDGE_LOOP('',(#6360,#6361,#6362,#6363,#6364,#6365,#6366,#6367,#6368,
#6369,#6370,#6371,#6372,#6373,#6374,#6375,#6376,#6377));
#1444=EDGE_LOOP('',(#6378,#6379,#6380,#6381,#6382,#6383,#6384,#6385,#6386,
#6387,#6388,#6389,#6390,#6391,#6392,#6393,#6394,#6395,#6396,#6397,#6398,
#6399,#6400,#6401,#6402,#6403,#6404));
#1445=EDGE_LOOP('',(#6405,#6406,#6407,#6408,#6409,#6410,#6411,#6412,#6413,
#6414,#6415,#6416,#6417,#6418,#6419,#6420,#6421));
#1446=EDGE_LOOP('',(#6422,#6423,#6424,#6425));
#1447=EDGE_LOOP('',(#6426,#6427,#6428,#6429));
#1448=EDGE_LOOP('',(#6430,#6431,#6432,#6433));
#1449=EDGE_LOOP('',(#6434,#6435,#6436,#6437,#6438));
#1450=EDGE_LOOP('',(#6439,#6440,#6441,#6442,#6443));
#1451=EDGE_LOOP('',(#6444,#6445,#6446,#6447));
#1452=EDGE_LOOP('',(#6448,#6449,#6450,#6451));
#1453=EDGE_LOOP('',(#6452,#6453,#6454));
#1454=EDGE_LOOP('',(#6455,#6456,#6457,#6458));
#1455=EDGE_LOOP('',(#6459,#6460,#6461,#6462));
#1456=EDGE_LOOP('',(#6463,#6464,#6465,#6466));
#1457=EDGE_LOOP('',(#6467,#6468,#6469,#6470));
#1458=EDGE_LOOP('',(#6471,#6472,#6473,#6474));
#1459=EDGE_LOOP('',(#6475,#6476,#6477,#6478,#6479));
#1460=EDGE_LOOP('',(#6480,#6481,#6482,#6483));
#1461=EDGE_LOOP('',(#6484,#6485,#6486,#6487));
#1462=EDGE_LOOP('',(#6488,#6489,#6490));
#1463=EDGE_LOOP('',(#6491,#6492,#6493,#6494,#6495));
#1464=EDGE_LOOP('',(#6496,#6497,#6498,#6499));
#1465=EDGE_LOOP('',(#6500,#6501,#6502,#6503));
#1466=EDGE_LOOP('',(#6504,#6505,#6506,#6507));
#1467=EDGE_LOOP('',(#6508,#6509,#6510,#6511));
#1468=EDGE_LOOP('',(#6512,#6513,#6514,#6515));
#1469=EDGE_LOOP('',(#6516,#6517,#6518,#6519));
#1470=EDGE_LOOP('',(#6520,#6521,#6522,#6523));
#1471=EDGE_LOOP('',(#6524,#6525,#6526,#6527));
#1472=EDGE_LOOP('',(#6528,#6529,#6530,#6531));
#1473=EDGE_LOOP('',(#6532,#6533,#6534,#6535));
#1474=EDGE_LOOP('',(#6536,#6537,#6538,#6539));
#1475=EDGE_LOOP('',(#6540,#6541,#6542,#6543));
#1476=EDGE_LOOP('',(#6544,#6545,#6546,#6547));
#1477=EDGE_LOOP('',(#6548,#6549,#6550,#6551));
#1478=EDGE_LOOP('',(#6552,#6553,#6554,#6555));
#1479=EDGE_LOOP('',(#6556,#6557,#6558,#6559));
#1480=EDGE_LOOP('',(#6560,#6561,#6562,#6563));
#1481=EDGE_LOOP('',(#6564,#6565,#6566,#6567));
#1482=EDGE_LOOP('',(#6568,#6569,#6570,#6571));
#1483=EDGE_LOOP('',(#6572,#6573,#6574,#6575));
#1484=EDGE_LOOP('',(#6576,#6577,#6578,#6579));
#1485=EDGE_LOOP('',(#6580,#6581,#6582,#6583,#6584));
#1486=EDGE_LOOP('',(#6585,#6586,#6587,#6588));
#1487=EDGE_LOOP('',(#6589,#6590,#6591,#6592,#6593,#6594,#6595,#6596));
#1488=EDGE_LOOP('',(#6597,#6598,#6599,#6600));
#1489=EDGE_LOOP('',(#6601,#6602,#6603,#6604,#6605));
#1490=EDGE_LOOP('',(#6606,#6607,#6608,#6609));
#1491=EDGE_LOOP('',(#6610,#6611,#6612,#6613));
#1492=EDGE_LOOP('',(#6614,#6615,#6616,#6617,#6618,#6619,#6620,#6621,#6622,
#6623));
#1493=EDGE_LOOP('',(#6624,#6625,#6626,#6627));
#1494=EDGE_LOOP('',(#6628,#6629,#6630,#6631));
#1495=EDGE_LOOP('',(#6632,#6633,#6634,#6635));
#1496=EDGE_LOOP('',(#6636,#6637,#6638,#6639));
#1497=EDGE_LOOP('',(#6640,#6641,#6642,#6643));
#1498=EDGE_LOOP('',(#6644,#6645,#6646,#6647));
#1499=EDGE_LOOP('',(#6648,#6649,#6650,#6651));
#1500=EDGE_LOOP('',(#6652,#6653,#6654,#6655));
#1501=EDGE_LOOP('',(#6656,#6657,#6658,#6659));
#1502=EDGE_LOOP('',(#6660,#6661,#6662,#6663));
#1503=EDGE_LOOP('',(#6664,#6665,#6666,#6667,#6668,#6669));
#1504=EDGE_LOOP('',(#6670,#6671,#6672,#6673));
#1505=EDGE_LOOP('',(#6674,#6675,#6676,#6677));
#1506=EDGE_LOOP('',(#6678,#6679,#6680,#6681));
#1507=EDGE_LOOP('',(#6682,#6683,#6684,#6685));
#1508=EDGE_LOOP('',(#6686,#6687,#6688,#6689));
#1509=EDGE_LOOP('',(#6690));
#1510=EDGE_LOOP('',(#6691,#6692,#6693,#6694));
#1511=EDGE_LOOP('',(#6695,#6696,#6697,#6698));
#1512=EDGE_LOOP('',(#6699,#6700,#6701,#6702));
#1513=EDGE_LOOP('',(#6703,#6704,#6705,#6706));
#1514=EDGE_LOOP('',(#6707,#6708,#6709,#6710));
#1515=EDGE_LOOP('',(#6711,#6712,#6713,#6714));
#1516=EDGE_LOOP('',(#6715,#6716,#6717,#6718));
#1517=EDGE_LOOP('',(#6719,#6720,#6721,#6722));
#1518=EDGE_LOOP('',(#6723,#6724,#6725,#6726));
#1519=EDGE_LOOP('',(#6727,#6728,#6729,#6730));
#1520=EDGE_LOOP('',(#6731,#6732,#6733,#6734));
#1521=EDGE_LOOP('',(#6735,#6736,#6737,#6738,#6739,#6740,#6741,#6742,#6743,
#6744,#6745,#6746,#6747,#6748,#6749,#6750,#6751,#6752,#6753,#6754));
#1522=EDGE_LOOP('',(#6755,#6756,#6757,#6758,#6759,#6760,#6761,#6762,#6763,
#6764,#6765,#6766,#6767,#6768));
#1523=EDGE_LOOP('',(#6769,#6770,#6771,#6772));
#1524=EDGE_LOOP('',(#6773,#6774,#6775,#6776,#6777,#6778,#6779,#6780));
#1525=EDGE_LOOP('',(#6781,#6782,#6783,#6784));
#1526=EDGE_LOOP('',(#6785,#6786,#6787,#6788));
#1527=EDGE_LOOP('',(#6789,#6790,#6791,#6792));
#1528=EDGE_LOOP('',(#6793,#6794,#6795,#6796,#6797,#6798,#6799,#6800));
#1529=EDGE_LOOP('',(#6801));
#1530=EDGE_LOOP('',(#6802,#6803,#6804));
#1531=EDGE_LOOP('',(#6805,#6806,#6807));
#1532=EDGE_LOOP('',(#6808,#6809,#6810));
#1533=EDGE_LOOP('',(#6811,#6812,#6813));
#1534=EDGE_LOOP('',(#6814,#6815,#6816,#6817));
#1535=EDGE_LOOP('',(#6818,#6819));
#1536=EDGE_LOOP('',(#6820,#6821,#6822,#6823,#6824,#6825,#6826,#6827));
#1537=EDGE_LOOP('',(#6828,#6829,#6830,#6831,#6832,#6833,#6834,#6835));
#1538=EDGE_LOOP('',(#6836,#6837,#6838,#6839));
#1539=EDGE_LOOP('',(#6840));
#1540=EDGE_LOOP('',(#6841,#6842,#6843,#6844));
#1541=EDGE_LOOP('',(#6845));
#1542=EDGE_LOOP('',(#6846,#6847,#6848,#6849));
#1543=EDGE_LOOP('',(#6850));
#1544=EDGE_LOOP('',(#6851,#6852,#6853,#6854));
#1545=EDGE_LOOP('',(#6855));
#1546=EDGE_LOOP('',(#6856,#6857,#6858,#6859));
#1547=EDGE_LOOP('',(#6860,#6861,#6862,#6863,#6864,#6865,#6866,#6867));
#1548=EDGE_LOOP('',(#6868,#6869));
#1549=EDGE_LOOP('',(#6870,#6871,#6872,#6873));
#1550=EDGE_LOOP('',(#6874,#6875,#6876,#6877));
#1551=EDGE_LOOP('',(#6878,#6879,#6880,#6881));
#1552=EDGE_LOOP('',(#6882,#6883,#6884,#6885,#6886,#6887,#6888,#6889));
#1553=EDGE_LOOP('',(#6890,#6891));
#1554=EDGE_LOOP('',(#6892,#6893,#6894,#6895));
#1555=EDGE_LOOP('',(#6896,#6897,#6898,#6899));
#1556=EDGE_LOOP('',(#6900,#6901,#6902,#6903));
#1557=EDGE_LOOP('',(#6904,#6905,#6906,#6907,#6908,#6909,#6910,#6911));
#1558=EDGE_LOOP('',(#6912,#6913));
#1559=EDGE_LOOP('',(#6914,#6915,#6916,#6917));
#1560=EDGE_LOOP('',(#6918,#6919,#6920,#6921));
#1561=EDGE_LOOP('',(#6922,#6923,#6924,#6925));
#1562=EDGE_LOOP('',(#6926,#6927,#6928,#6929,#6930,#6931,#6932,#6933));
#1563=EDGE_LOOP('',(#6934,#6935));
#1564=EDGE_LOOP('',(#6936,#6937,#6938,#6939));
#1565=EDGE_LOOP('',(#6940,#6941,#6942,#6943));
#1566=EDGE_LOOP('',(#6944,#6945,#6946,#6947));
#1567=EDGE_LOOP('',(#6948,#6949,#6950,#6951,#6952,#6953,#6954,#6955));
#1568=EDGE_LOOP('',(#6956,#6957));
#1569=EDGE_LOOP('',(#6958,#6959,#6960,#6961));
#1570=EDGE_LOOP('',(#6962,#6963,#6964,#6965));
#1571=EDGE_LOOP('',(#6966,#6967,#6968,#6969));
#1572=EDGE_LOOP('',(#6970,#6971,#6972,#6973,#6974,#6975,#6976,#6977));
#1573=EDGE_LOOP('',(#6978,#6979));
#1574=EDGE_LOOP('',(#6980,#6981,#6982,#6983));
#1575=EDGE_LOOP('',(#6984,#6985,#6986,#6987));
#1576=EDGE_LOOP('',(#6988,#6989,#6990,#6991));
#1577=EDGE_LOOP('',(#6992,#6993,#6994,#6995,#6996,#6997,#6998,#6999));
#1578=EDGE_LOOP('',(#7000,#7001));
#1579=EDGE_LOOP('',(#7002,#7003,#7004,#7005));
#1580=EDGE_LOOP('',(#7006,#7007,#7008,#7009));
#1581=EDGE_LOOP('',(#7010,#7011,#7012,#7013));
#1582=EDGE_LOOP('',(#7014,#7015,#7016,#7017,#7018,#7019,#7020,#7021));
#1583=EDGE_LOOP('',(#7022,#7023));
#1584=EDGE_LOOP('',(#7024,#7025,#7026,#7027));
#1585=EDGE_LOOP('',(#7028,#7029,#7030,#7031));
#1586=EDGE_LOOP('',(#7032,#7033,#7034,#7035));
#1587=EDGE_LOOP('',(#7036,#7037,#7038,#7039,#7040,#7041,#7042,#7043));
#1588=EDGE_LOOP('',(#7044,#7045));
#1589=EDGE_LOOP('',(#7046,#7047,#7048,#7049));
#1590=EDGE_LOOP('',(#7050,#7051,#7052,#7053));
#1591=EDGE_LOOP('',(#7054,#7055,#7056,#7057,#7058,#7059,#7060,#7061,#7062,
#7063,#7064,#7065,#7066,#7067,#7068,#7069,#7070,#7071,#7072,#7073,#7074,
#7075,#7076,#7077,#7078,#7079,#7080,#7081,#7082,#7083,#7084,#7085,#7086,
#7087,#7088,#7089,#7090,#7091,#7092,#7093,#7094,#7095,#7096,#7097,#7098,
#7099));
#1592=EDGE_LOOP('',(#7100,#7101,#7102,#7103));
#1593=EDGE_LOOP('',(#7104,#7105,#7106,#7107));
#1594=EDGE_LOOP('',(#7108,#7109,#7110,#7111,#7112,#7113,#7114,#7115,#7116,
#7117));
#1595=EDGE_LOOP('',(#7118,#7119,#7120,#7121,#7122,#7123,#7124,#7125,#7126,
#7127,#7128,#7129,#7130,#7131,#7132,#7133,#7134,#7135,#7136,#7137,#7138,
#7139,#7140,#7141,#7142,#7143,#7144,#7145,#7146,#7147,#7148,#7149,#7150,
#7151,#7152,#7153,#7154,#7155,#7156,#7157,#7158,#7159,#7160,#7161,#7162,
#7163,#7164,#7165,#7166,#7167,#7168,#7169,#7170,#7171,#7172,#7173,#7174,
#7175));
#1596=EDGE_LOOP('',(#7176,#7177,#7178,#7179));
#1597=EDGE_LOOP('',(#7180,#7181,#7182,#7183,#7184,#7185,#7186));
#1598=EDGE_LOOP('',(#7187,#7188,#7189,#7190,#7191,#7192,#7193,#7194,#7195,
#7196,#7197,#7198,#7199,#7200));
#1599=EDGE_LOOP('',(#7201));
#1600=EDGE_LOOP('',(#7202));
#1601=EDGE_LOOP('',(#7203));
#1602=EDGE_LOOP('',(#7204));
#1603=EDGE_LOOP('',(#7205,#7206,#7207,#7208));
#1604=EDGE_LOOP('',(#7209,#7210,#7211,#7212,#7213,#7214,#7215,#7216));
#1605=EDGE_LOOP('',(#7217,#7218,#7219,#7220));
#1606=EDGE_LOOP('',(#7221,#7222,#7223,#7224));
#1607=EDGE_LOOP('',(#7225,#7226,#7227,#7228));
#1608=EDGE_LOOP('',(#7229,#7230,#7231,#7232));
#1609=EDGE_LOOP('',(#7233,#7234,#7235,#7236));
#1610=EDGE_LOOP('',(#7237,#7238,#7239,#7240));
#1611=EDGE_LOOP('',(#7241,#7242,#7243,#7244));
#1612=EDGE_LOOP('',(#7245,#7246,#7247,#7248));
#1613=EDGE_LOOP('',(#7249,#7250,#7251,#7252));
#1614=EDGE_LOOP('',(#7253,#7254,#7255,#7256));
#1615=EDGE_LOOP('',(#7257,#7258,#7259,#7260));
#1616=EDGE_LOOP('',(#7261,#7262,#7263,#7264));
#1617=EDGE_LOOP('',(#7265,#7266,#7267,#7268));
#1618=EDGE_LOOP('',(#7269,#7270,#7271));
#1619=EDGE_LOOP('',(#7272,#7273,#7274));
#1620=EDGE_LOOP('',(#7275,#7276,#7277));
#1621=EDGE_LOOP('',(#7278,#7279,#7280));
#1622=EDGE_LOOP('',(#7281));
#1623=EDGE_LOOP('',(#7282));
#1624=EDGE_LOOP('',(#7283,#7284,#7285,#7286));
#1625=EDGE_LOOP('',(#7287));
#1626=EDGE_LOOP('',(#7288,#7289,#7290,#7291));
#1627=EDGE_LOOP('',(#7292));
#1628=EDGE_LOOP('',(#7293,#7294,#7295,#7296));
#1629=EDGE_LOOP('',(#7297));
#1630=EDGE_LOOP('',(#7298,#7299,#7300,#7301));
#1631=EDGE_LOOP('',(#7302,#7303,#7304,#7305));
#1632=EDGE_LOOP('',(#7306,#7307,#7308,#7309));
#1633=EDGE_LOOP('',(#7310,#7311,#7312,#7313));
#1634=EDGE_LOOP('',(#7314,#7315,#7316,#7317));
#1635=EDGE_LOOP('',(#7318,#7319,#7320,#7321));
#1636=EDGE_LOOP('',(#7322,#7323,#7324,#7325));
#1637=EDGE_LOOP('',(#7326,#7327,#7328,#7329));
#1638=EDGE_LOOP('',(#7330,#7331,#7332,#7333));
#1639=EDGE_LOOP('',(#7334,#7335,#7336,#7337));
#1640=EDGE_LOOP('',(#7338,#7339,#7340,#7341));
#1641=EDGE_LOOP('',(#7342,#7343,#7344,#7345,#7346));
#1642=EDGE_LOOP('',(#7347,#7348,#7349,#7350));
#1643=EDGE_LOOP('',(#7351,#7352,#7353,#7354,#7355));
#1644=EDGE_LOOP('',(#7356,#7357,#7358,#7359));
#1645=EDGE_LOOP('',(#7360,#7361,#7362,#7363));
#1646=EDGE_LOOP('',(#7364,#7365,#7366,#7367));
#1647=EDGE_LOOP('',(#7368));
#1648=EDGE_LOOP('',(#7369));
#1649=EDGE_LOOP('',(#7370));
#1650=EDGE_LOOP('',(#7371));
#1651=EDGE_LOOP('',(#7372));
#1652=EDGE_LOOP('',(#7373));
#1653=EDGE_LOOP('',(#7374,#7375,#7376,#7377));
#1654=EDGE_LOOP('',(#7378,#7379,#7380,#7381));
#1655=EDGE_LOOP('',(#7382));
#1656=EDGE_LOOP('',(#7383));
#1657=EDGE_LOOP('',(#7384));
#1658=EDGE_LOOP('',(#7385));
#1659=EDGE_LOOP('',(#7386,#7387,#7388,#7389));
#1660=EDGE_LOOP('',(#7390,#7391,#7392,#7393));
#1661=EDGE_LOOP('',(#7394));
#1662=EDGE_LOOP('',(#7395));
#1663=LINE('',#9968,#2381);
#1664=LINE('',#9970,#2382);
#1665=LINE('',#9972,#2383);
#1666=LINE('',#9973,#2384);
#1667=LINE('',#9991,#2385);
#1668=LINE('',#10014,#2386);
#1669=LINE('',#10037,#2387);
#1670=LINE('',#10060,#2388);
#1671=LINE('',#10083,#2389);
#1672=LINE('',#10091,#2390);
#1673=LINE('',#10093,#2391);
#1674=LINE('',#10094,#2392);
#1675=LINE('',#10097,#2393);
#1676=LINE('',#10099,#2394);
#1677=LINE('',#10100,#2395);
#1678=LINE('',#10103,#2396);
#1679=LINE('',#10105,#2397);
#1680=LINE('',#10106,#2398);
#1681=LINE('',#10124,#2399);
#1682=LINE('',#10147,#2400);
#1683=LINE('',#10170,#2401);
#1684=LINE('',#10193,#2402);
#1685=LINE('',#10201,#2403);
#1686=LINE('',#10203,#2404);
#1687=LINE('',#10204,#2405);
#1688=LINE('',#10207,#2406);
#1689=LINE('',#10209,#2407);
#1690=LINE('',#10210,#2408);
#1691=LINE('',#10213,#2409);
#1692=LINE('',#10215,#2410);
#1693=LINE('',#10216,#2411);
#1694=LINE('',#10218,#2412);
#1695=LINE('',#10219,#2413);
#1696=LINE('',#10239,#2414);
#1697=LINE('',#10246,#2415);
#1698=LINE('',#10264,#2416);
#1699=LINE('',#10287,#2417);
#1700=LINE('',#10310,#2418);
#1701=LINE('',#10333,#2419);
#1702=LINE('',#10356,#2420);
#1703=LINE('',#10379,#2421);
#1704=LINE('',#10402,#2422);
#1705=LINE('',#10425,#2423);
#1706=LINE('',#10432,#2424);
#1707=LINE('',#10433,#2425);
#1708=LINE('',#10437,#2426);
#1709=LINE('',#10439,#2427);
#1710=LINE('',#10441,#2428);
#1711=LINE('',#10442,#2429);
#1712=LINE('',#10460,#2430);
#1713=LINE('',#10483,#2431);
#1714=LINE('',#10491,#2432);
#1715=LINE('',#10493,#2433);
#1716=LINE('',#10494,#2434);
#1717=LINE('',#10512,#2435);
#1718=LINE('',#10535,#2436);
#1719=LINE('',#10558,#2437);
#1720=LINE('',#10581,#2438);
#1721=LINE('',#10604,#2439);
#1722=LINE('',#10627,#2440);
#1723=LINE('',#10650,#2441);
#1724=LINE('',#10658,#2442);
#1725=LINE('',#10660,#2443);
#1726=LINE('',#10661,#2444);
#1727=LINE('',#10679,#2445);
#1728=LINE('',#10702,#2446);
#1729=LINE('',#10725,#2447);
#1730=LINE('',#10748,#2448);
#1731=LINE('',#10771,#2449);
#1732=LINE('',#10794,#2450);
#1733=LINE('',#10817,#2451);
#1734=LINE('',#10840,#2452);
#1735=LINE('',#10863,#2453);
#1736=LINE('',#10886,#2454);
#1737=LINE('',#10909,#2455);
#1738=LINE('',#10932,#2456);
#1739=LINE('',#10955,#2457);
#1740=LINE('',#10978,#2458);
#1741=LINE('',#11008,#2459);
#1742=LINE('',#11010,#2460);
#1743=LINE('',#11012,#2461);
#1744=LINE('',#11013,#2462);
#1745=LINE('',#11031,#2463);
#1746=LINE('',#11054,#2464);
#1747=LINE('',#11077,#2465);
#1748=LINE('',#11100,#2466);
#1749=LINE('',#11123,#2467);
#1750=LINE('',#11131,#2468);
#1751=LINE('',#11133,#2469);
#1752=LINE('',#11134,#2470);
#1753=LINE('',#11137,#2471);
#1754=LINE('',#11139,#2472);
#1755=LINE('',#11140,#2473);
#1756=LINE('',#11143,#2474);
#1757=LINE('',#11145,#2475);
#1758=LINE('',#11146,#2476);
#1759=LINE('',#11164,#2477);
#1760=LINE('',#11187,#2478);
#1761=LINE('',#11210,#2479);
#1762=LINE('',#11233,#2480);
#1763=LINE('',#11256,#2481);
#1764=LINE('',#11264,#2482);
#1765=LINE('',#11266,#2483);
#1766=LINE('',#11267,#2484);
#1767=LINE('',#11270,#2485);
#1768=LINE('',#11272,#2486);
#1769=LINE('',#11273,#2487);
#1770=LINE('',#11276,#2488);
#1771=LINE('',#11278,#2489);
#1772=LINE('',#11279,#2490);
#1773=LINE('',#11281,#2491);
#1774=LINE('',#11282,#2492);
#1775=LINE('',#11287,#2493);
#1776=LINE('',#11289,#2494);
#1777=LINE('',#11291,#2495);
#1778=LINE('',#11292,#2496);
#1779=LINE('',#11295,#2497);
#1780=LINE('',#11297,#2498);
#1781=LINE('',#11298,#2499);
#1782=LINE('',#11301,#2500);
#1783=LINE('',#11303,#2501);
#1784=LINE('',#11304,#2502);
#1785=LINE('',#11306,#2503);
#1786=LINE('',#11307,#2504);
#1787=LINE('',#11312,#2505);
#1788=LINE('',#11314,#2506);
#1789=LINE('',#11316,#2507);
#1790=LINE('',#11317,#2508);
#1791=LINE('',#11335,#2509);
#1792=LINE('',#11358,#2510);
#1793=LINE('',#11381,#2511);
#1794=LINE('',#11404,#2512);
#1795=LINE('',#11427,#2513);
#1796=LINE('',#11435,#2514);
#1797=LINE('',#11437,#2515);
#1798=LINE('',#11438,#2516);
#1799=LINE('',#11440,#2517);
#1800=LINE('',#11441,#2518);
#1801=LINE('',#11445,#2519);
#1802=LINE('',#11447,#2520);
#1803=LINE('',#11449,#2521);
#1804=LINE('',#11450,#2522);
#1805=LINE('',#11453,#2523);
#1806=LINE('',#11455,#2524);
#1807=LINE('',#11456,#2525);
#1808=LINE('',#11474,#2526);
#1809=LINE('',#11497,#2527);
#1810=LINE('',#11520,#2528);
#1811=LINE('',#11543,#2529);
#1812=LINE('',#11566,#2530);
#1813=LINE('',#11589,#2531);
#1814=LINE('',#11597,#2532);
#1815=LINE('',#11599,#2533);
#1816=LINE('',#11600,#2534);
#1817=LINE('',#11603,#2535);
#1818=LINE('',#11605,#2536);
#1819=LINE('',#11606,#2537);
#1820=LINE('',#11608,#2538);
#1821=LINE('',#11609,#2539);
#1822=LINE('',#11629,#2540);
#1823=LINE('',#11636,#2541);
#1824=LINE('',#11654,#2542);
#1825=LINE('',#11677,#2543);
#1826=LINE('',#11700,#2544);
#1827=LINE('',#11723,#2545);
#1828=LINE('',#11746,#2546);
#1829=LINE('',#11769,#2547);
#1830=LINE('',#11792,#2548);
#1831=LINE('',#11815,#2549);
#1832=LINE('',#11822,#2550);
#1833=LINE('',#11823,#2551);
#1834=LINE('',#11827,#2552);
#1835=LINE('',#11829,#2553);
#1836=LINE('',#11831,#2554);
#1837=LINE('',#11832,#2555);
#1838=LINE('',#11850,#2556);
#1839=LINE('',#11873,#2557);
#1840=LINE('',#11881,#2558);
#1841=LINE('',#11883,#2559);
#1842=LINE('',#11884,#2560);
#1843=LINE('',#11902,#2561);
#1844=LINE('',#11925,#2562);
#1845=LINE('',#11948,#2563);
#1846=LINE('',#11971,#2564);
#1847=LINE('',#11994,#2565);
#1848=LINE('',#12017,#2566);
#1849=LINE('',#12040,#2567);
#1850=LINE('',#12048,#2568);
#1851=LINE('',#12050,#2569);
#1852=LINE('',#12051,#2570);
#1853=LINE('',#12069,#2571);
#1854=LINE('',#12092,#2572);
#1855=LINE('',#12115,#2573);
#1856=LINE('',#12138,#2574);
#1857=LINE('',#12161,#2575);
#1858=LINE('',#12184,#2576);
#1859=LINE('',#12207,#2577);
#1860=LINE('',#12230,#2578);
#1861=LINE('',#12253,#2579);
#1862=LINE('',#12276,#2580);
#1863=LINE('',#12299,#2581);
#1864=LINE('',#12322,#2582);
#1865=LINE('',#12345,#2583);
#1866=LINE('',#12368,#2584);
#1867=LINE('',#12413,#2585);
#1868=LINE('',#12420,#2586);
#1869=LINE('',#12438,#2587);
#1870=LINE('',#12461,#2588);
#1871=LINE('',#12469,#2589);
#1872=LINE('',#12471,#2590);
#1873=LINE('',#12472,#2591);
#1874=LINE('',#12475,#2592);
#1875=LINE('',#12477,#2593);
#1876=LINE('',#12478,#2594);
#1877=LINE('',#12481,#2595);
#1878=LINE('',#12483,#2596);
#1879=LINE('',#12484,#2597);
#1880=LINE('',#12487,#2598);
#1881=LINE('',#12489,#2599);
#1882=LINE('',#12490,#2600);
#1883=LINE('',#12493,#2601);
#1884=LINE('',#12495,#2602);
#1885=LINE('',#12496,#2603);
#1886=LINE('',#12499,#2604);
#1887=LINE('',#12501,#2605);
#1888=LINE('',#12502,#2606);
#1889=LINE('',#12505,#2607);
#1890=LINE('',#12507,#2608);
#1891=LINE('',#12508,#2609);
#1892=LINE('',#12511,#2610);
#1893=LINE('',#12513,#2611);
#1894=LINE('',#12514,#2612);
#1895=LINE('',#12517,#2613);
#1896=LINE('',#12519,#2614);
#1897=LINE('',#12520,#2615);
#1898=LINE('',#12523,#2616);
#1899=LINE('',#12525,#2617);
#1900=LINE('',#12526,#2618);
#1901=LINE('',#12529,#2619);
#1902=LINE('',#12531,#2620);
#1903=LINE('',#12532,#2621);
#1904=LINE('',#12550,#2622);
#1905=LINE('',#12573,#2623);
#1906=LINE('',#12596,#2624);
#1907=LINE('',#12619,#2625);
#1908=LINE('',#12627,#2626);
#1909=LINE('',#12629,#2627);
#1910=LINE('',#12630,#2628);
#1911=LINE('',#12655,#2629);
#1912=LINE('',#12657,#2630);
#1913=LINE('',#12659,#2631);
#1914=LINE('',#12660,#2632);
#1915=LINE('',#12663,#2633);
#1916=LINE('',#12665,#2634);
#1917=LINE('',#12666,#2635);
#1918=LINE('',#12669,#2636);
#1919=LINE('',#12671,#2637);
#1920=LINE('',#12672,#2638);
#1921=LINE('',#12674,#2639);
#1922=LINE('',#12675,#2640);
#1923=LINE('',#12680,#2641);
#1924=LINE('',#12682,#2642);
#1925=LINE('',#12684,#2643);
#1926=LINE('',#12685,#2644);
#1927=LINE('',#12688,#2645);
#1928=LINE('',#12690,#2646);
#1929=LINE('',#12691,#2647);
#1930=LINE('',#12694,#2648);
#1931=LINE('',#12696,#2649);
#1932=LINE('',#12697,#2650);
#1933=LINE('',#12699,#2651);
#1934=LINE('',#12700,#2652);
#1935=LINE('',#12720,#2653);
#1936=LINE('',#12727,#2654);
#1937=LINE('',#12745,#2655);
#1938=LINE('',#12768,#2656);
#1939=LINE('',#12776,#2657);
#1940=LINE('',#12778,#2658);
#1941=LINE('',#12779,#2659);
#1942=LINE('',#12818,#2660);
#1943=LINE('',#12825,#2661);
#1944=LINE('',#12843,#2662);
#1945=LINE('',#12866,#2663);
#1946=LINE('',#12874,#2664);
#1947=LINE('',#12876,#2665);
#1948=LINE('',#12877,#2666);
#1949=LINE('',#12895,#2667);
#1950=LINE('',#12918,#2668);
#1951=LINE('',#12941,#2669);
#1952=LINE('',#12964,#2670);
#1953=LINE('',#12987,#2671);
#1954=LINE('',#13010,#2672);
#1955=LINE('',#13033,#2673);
#1956=LINE('',#13056,#2674);
#1957=LINE('',#13079,#2675);
#1958=LINE('',#13087,#2676);
#1959=LINE('',#13089,#2677);
#1960=LINE('',#13090,#2678);
#1961=LINE('',#13130,#2679);
#1962=LINE('',#13137,#2680);
#1963=LINE('',#13155,#2681);
#1964=LINE('',#13178,#2682);
#1965=LINE('',#13201,#2683);
#1966=LINE('',#13224,#2684);
#1967=LINE('',#13247,#2685);
#1968=LINE('',#13270,#2686);
#1969=LINE('',#13299,#2687);
#1970=LINE('',#13301,#2688);
#1971=LINE('',#13303,#2689);
#1972=LINE('',#13304,#2690);
#1973=LINE('',#13307,#2691);
#1974=LINE('',#13309,#2692);
#1975=LINE('',#13310,#2693);
#1976=LINE('',#13313,#2694);
#1977=LINE('',#13315,#2695);
#1978=LINE('',#13316,#2696);
#1979=LINE('',#13334,#2697);
#1980=LINE('',#13357,#2698);
#1981=LINE('',#13380,#2699);
#1982=LINE('',#13403,#2700);
#1983=LINE('',#13426,#2701);
#1984=LINE('',#13449,#2702);
#1985=LINE('',#13472,#2703);
#1986=LINE('',#13495,#2704);
#1987=LINE('',#13518,#2705);
#1988=LINE('',#13526,#2706);
#1989=LINE('',#13528,#2707);
#1990=LINE('',#13529,#2708);
#1991=LINE('',#13531,#2709);
#1992=LINE('',#13532,#2710);
#1993=LINE('',#13537,#2711);
#1994=LINE('',#13539,#2712);
#1995=LINE('',#13541,#2713);
#1996=LINE('',#13542,#2714);
#1997=LINE('',#13545,#2715);
#1998=LINE('',#13547,#2716);
#1999=LINE('',#13548,#2717);
#2000=LINE('',#13551,#2718);
#2001=LINE('',#13553,#2719);
#2002=LINE('',#13554,#2720);
#2003=LINE('',#13556,#2721);
#2004=LINE('',#13557,#2722);
#2005=LINE('',#13577,#2723);
#2006=LINE('',#13584,#2724);
#2007=LINE('',#13602,#2725);
#2008=LINE('',#13625,#2726);
#2009=LINE('',#13648,#2727);
#2010=LINE('',#13671,#2728);
#2011=LINE('',#13694,#2729);
#2012=LINE('',#13717,#2730);
#2013=LINE('',#13740,#2731);
#2014=LINE('',#13763,#2732);
#2015=LINE('',#13771,#2733);
#2016=LINE('',#13773,#2734);
#2017=LINE('',#13774,#2735);
#2018=LINE('',#13792,#2736);
#2019=LINE('',#13815,#2737);
#2020=LINE('',#13838,#2738);
#2021=LINE('',#13861,#2739);
#2022=LINE('',#13884,#2740);
#2023=LINE('',#13907,#2741);
#2024=LINE('',#13930,#2742);
#2025=LINE('',#13953,#2743);
#2026=LINE('',#13976,#2744);
#2027=LINE('',#13999,#2745);
#2028=LINE('',#14007,#2746);
#2029=LINE('',#14009,#2747);
#2030=LINE('',#14010,#2748);
#2031=LINE('',#14042,#2749);
#2032=LINE('',#14045,#2750);
#2033=LINE('',#14048,#2751);
#2034=LINE('',#14050,#2752);
#2035=LINE('',#14051,#2753);
#2036=LINE('',#14055,#2754);
#2037=LINE('',#14057,#2755);
#2038=LINE('',#14059,#2756);
#2039=LINE('',#14060,#2757);
#2040=LINE('',#14064,#2758);
#2041=LINE('',#14066,#2759);
#2042=LINE('',#14068,#2760);
#2043=LINE('',#14069,#2761);
#2044=LINE('',#14072,#2762);
#2045=LINE('',#14074,#2763);
#2046=LINE('',#14075,#2764);
#2047=LINE('',#14078,#2765);
#2048=LINE('',#14097,#2766);
#2049=LINE('',#14108,#2767);
#2050=LINE('',#14110,#2768);
#2051=LINE('',#14111,#2769);
#2052=LINE('',#14114,#2770);
#2053=LINE('',#14116,#2771);
#2054=LINE('',#14118,#2772);
#2055=LINE('',#14119,#2773);
#2056=LINE('',#14122,#2774);
#2057=LINE('',#14124,#2775);
#2058=LINE('',#14125,#2776);
#2059=LINE('',#14128,#2777);
#2060=LINE('',#14129,#2778);
#2061=LINE('',#14131,#2779);
#2062=LINE('',#14134,#2780);
#2063=LINE('',#14136,#2781);
#2064=LINE('',#14137,#2782);
#2065=LINE('',#14140,#2783);
#2066=LINE('',#14141,#2784);
#2067=LINE('',#14144,#2785);
#2068=LINE('',#14145,#2786);
#2069=LINE('',#14165,#2787);
#2070=LINE('',#14167,#2788);
#2071=LINE('',#14168,#2789);
#2072=LINE('',#14171,#2790);
#2073=LINE('',#14173,#2791);
#2074=LINE('',#14174,#2792);
#2075=LINE('',#14176,#2793);
#2076=LINE('',#14187,#2794);
#2077=LINE('',#14197,#2795);
#2078=LINE('',#14198,#2796);
#2079=LINE('',#14200,#2797);
#2080=LINE('',#14222,#2798);
#2081=LINE('',#14254,#2799);
#2082=LINE('',#14255,#2800);
#2083=LINE('',#14260,#2801);
#2084=LINE('',#14262,#2802);
#2085=LINE('',#14264,#2803);
#2086=LINE('',#14265,#2804);
#2087=LINE('',#14268,#2805);
#2088=LINE('',#14270,#2806);
#2089=LINE('',#14271,#2807);
#2090=LINE('',#14274,#2808);
#2091=LINE('',#14276,#2809);
#2092=LINE('',#14277,#2810);
#2093=LINE('',#14280,#2811);
#2094=LINE('',#14282,#2812);
#2095=LINE('',#14283,#2813);
#2096=LINE('',#14286,#2814);
#2097=LINE('',#14288,#2815);
#2098=LINE('',#14289,#2816);
#2099=LINE('',#14292,#2817);
#2100=LINE('',#14294,#2818);
#2101=LINE('',#14295,#2819);
#2102=LINE('',#14298,#2820);
#2103=LINE('',#14300,#2821);
#2104=LINE('',#14301,#2822);
#2105=LINE('',#14303,#2823);
#2106=LINE('',#14304,#2824);
#2107=LINE('',#14307,#2825);
#2108=LINE('',#14309,#2826);
#2109=LINE('',#14310,#2827);
#2110=LINE('',#14313,#2828);
#2111=LINE('',#14314,#2829);
#2112=LINE('',#14317,#2830);
#2113=LINE('',#14318,#2831);
#2114=LINE('',#14321,#2832);
#2115=LINE('',#14323,#2833);
#2116=LINE('',#14324,#2834);
#2117=LINE('',#14328,#2835);
#2118=LINE('',#14330,#2836);
#2119=LINE('',#14332,#2837);
#2120=LINE('',#14333,#2838);
#2121=LINE('',#14336,#2839);
#2122=LINE('',#14338,#2840);
#2123=LINE('',#14339,#2841);
#2124=LINE('',#14342,#2842);
#2125=LINE('',#14343,#2843);
#2126=LINE('',#14346,#2844);
#2127=LINE('',#14347,#2845);
#2128=LINE('',#14349,#2846);
#2129=LINE('',#14352,#2847);
#2130=LINE('',#14354,#2848);
#2131=LINE('',#14356,#2849);
#2132=LINE('',#14358,#2850);
#2133=LINE('',#14359,#2851);
#2134=LINE('',#14363,#2852);
#2135=LINE('',#14367,#2853);
#2136=LINE('',#14372,#2854);
#2137=LINE('',#14376,#2855);
#2138=LINE('',#14380,#2856);
#2139=LINE('',#14383,#2857);
#2140=LINE('',#14386,#2858);
#2141=LINE('',#14389,#2859);
#2142=LINE('',#14392,#2860);
#2143=LINE('',#14394,#2861);
#2144=LINE('',#14398,#2862);
#2145=LINE('',#14400,#2863);
#2146=LINE('',#14409,#2864);
#2147=LINE('',#14413,#2865);
#2148=LINE('',#14415,#2866);
#2149=LINE('',#14418,#2867);
#2150=LINE('',#14419,#2868);
#2151=LINE('',#14422,#2869);
#2152=LINE('',#14423,#2870);
#2153=LINE('',#14425,#2871);
#2154=LINE('',#14435,#2872);
#2155=LINE('',#14437,#2873);
#2156=LINE('',#14440,#2874);
#2157=LINE('',#14441,#2875);
#2158=LINE('',#14444,#2876);
#2159=LINE('',#14447,#2877);
#2160=LINE('',#14450,#2878);
#2161=LINE('',#14451,#2879);
#2162=LINE('',#14455,#2880);
#2163=LINE('',#14458,#2881);
#2164=LINE('',#14462,#2882);
#2165=LINE('',#14466,#2883);
#2166=LINE('',#14470,#2884);
#2167=LINE('',#14474,#2885);
#2168=LINE('',#14478,#2886);
#2169=LINE('',#14482,#2887);
#2170=LINE('',#14486,#2888);
#2171=LINE('',#14490,#2889);
#2172=LINE('',#14494,#2890);
#2173=LINE('',#14498,#2891);
#2174=LINE('',#14502,#2892);
#2175=LINE('',#14506,#2893);
#2176=LINE('',#14510,#2894);
#2177=LINE('',#14514,#2895);
#2178=LINE('',#14518,#2896);
#2179=LINE('',#14522,#2897);
#2180=LINE('',#14526,#2898);
#2181=LINE('',#14530,#2899);
#2182=LINE('',#14534,#2900);
#2183=LINE('',#14536,#2901);
#2184=LINE('',#14538,#2902);
#2185=LINE('',#14542,#2903);
#2186=LINE('',#14546,#2904);
#2187=LINE('',#14550,#2905);
#2188=LINE('',#14554,#2906);
#2189=LINE('',#14556,#2907);
#2190=LINE('',#14557,#2908);
#2191=LINE('',#14559,#2909);
#2192=LINE('',#14561,#2910);
#2193=LINE('',#14562,#2911);
#2194=LINE('',#14566,#2912);
#2195=LINE('',#14567,#2913);
#2196=LINE('',#14570,#2914);
#2197=LINE('',#14571,#2915);
#2198=LINE('',#14574,#2916);
#2199=LINE('',#14575,#2917);
#2200=LINE('',#14578,#2918);
#2201=LINE('',#14580,#2919);
#2202=LINE('',#14581,#2920);
#2203=LINE('',#14584,#2921);
#2204=LINE('',#14585,#2922);
#2205=LINE('',#14587,#2923);
#2206=LINE('',#14588,#2924);
#2207=LINE('',#14593,#2925);
#2208=LINE('',#14595,#2926);
#2209=LINE('',#14599,#2927);
#2210=LINE('',#14601,#2928);
#2211=LINE('',#14605,#2929);
#2212=LINE('',#14608,#2930);
#2213=LINE('',#14611,#2931);
#2214=LINE('',#14613,#2932);
#2215=LINE('',#14619,#2933);
#2216=LINE('',#14623,#2934);
#2217=LINE('',#14632,#2935);
#2218=LINE('',#14634,#2936);
#2219=LINE('',#14636,#2937);
#2220=LINE('',#14638,#2938);
#2221=LINE('',#14639,#2939);
#2222=LINE('',#14644,#2940);
#2223=LINE('',#14651,#2941);
#2224=LINE('',#14658,#2942);
#2225=LINE('',#14665,#2943);
#2226=LINE('',#14671,#2944);
#2227=LINE('',#14672,#2945);
#2228=LINE('',#14673,#2946);
#2229=LINE('',#14678,#2947);
#2230=LINE('',#14682,#2948);
#2231=LINE('',#14685,#2949);
#2232=LINE('',#14687,#2950);
#2233=LINE('',#14690,#2951);
#2234=LINE('',#14691,#2952);
#2235=LINE('',#14697,#2953);
#2236=LINE('',#14698,#2954);
#2237=LINE('',#14699,#2955);
#2238=LINE('',#14704,#2956);
#2239=LINE('',#14708,#2957);
#2240=LINE('',#14711,#2958);
#2241=LINE('',#14713,#2959);
#2242=LINE('',#14716,#2960);
#2243=LINE('',#14717,#2961);
#2244=LINE('',#14723,#2962);
#2245=LINE('',#14724,#2963);
#2246=LINE('',#14725,#2964);
#2247=LINE('',#14730,#2965);
#2248=LINE('',#14734,#2966);
#2249=LINE('',#14737,#2967);
#2250=LINE('',#14739,#2968);
#2251=LINE('',#14742,#2969);
#2252=LINE('',#14743,#2970);
#2253=LINE('',#14749,#2971);
#2254=LINE('',#14750,#2972);
#2255=LINE('',#14751,#2973);
#2256=LINE('',#14756,#2974);
#2257=LINE('',#14760,#2975);
#2258=LINE('',#14763,#2976);
#2259=LINE('',#14765,#2977);
#2260=LINE('',#14768,#2978);
#2261=LINE('',#14769,#2979);
#2262=LINE('',#14775,#2980);
#2263=LINE('',#14776,#2981);
#2264=LINE('',#14777,#2982);
#2265=LINE('',#14782,#2983);
#2266=LINE('',#14786,#2984);
#2267=LINE('',#14789,#2985);
#2268=LINE('',#14791,#2986);
#2269=LINE('',#14794,#2987);
#2270=LINE('',#14795,#2988);
#2271=LINE('',#14801,#2989);
#2272=LINE('',#14802,#2990);
#2273=LINE('',#14803,#2991);
#2274=LINE('',#14808,#2992);
#2275=LINE('',#14812,#2993);
#2276=LINE('',#14815,#2994);
#2277=LINE('',#14817,#2995);
#2278=LINE('',#14820,#2996);
#2279=LINE('',#14821,#2997);
#2280=LINE('',#14827,#2998);
#2281=LINE('',#14828,#2999);
#2282=LINE('',#14829,#3000);
#2283=LINE('',#14834,#3001);
#2284=LINE('',#14838,#3002);
#2285=LINE('',#14841,#3003);
#2286=LINE('',#14843,#3004);
#2287=LINE('',#14846,#3005);
#2288=LINE('',#14847,#3006);
#2289=LINE('',#14853,#3007);
#2290=LINE('',#14854,#3008);
#2291=LINE('',#14855,#3009);
#2292=LINE('',#14860,#3010);
#2293=LINE('',#14864,#3011);
#2294=LINE('',#14867,#3012);
#2295=LINE('',#14869,#3013);
#2296=LINE('',#14872,#3014);
#2297=LINE('',#14873,#3015);
#2298=LINE('',#14879,#3016);
#2299=LINE('',#14880,#3017);
#2300=LINE('',#14881,#3018);
#2301=LINE('',#14886,#3019);
#2302=LINE('',#14890,#3020);
#2303=LINE('',#14893,#3021);
#2304=LINE('',#14895,#3022);
#2305=LINE('',#14898,#3023);
#2306=LINE('',#14899,#3024);
#2307=LINE('',#14903,#3025);
#2308=LINE('',#14904,#3026);
#2309=LINE('',#14905,#3027);
#2310=LINE('',#14907,#3028);
#2311=LINE('',#14908,#3029);
#2312=LINE('',#14909,#3030);
#2313=LINE('',#14911,#3031);
#2314=LINE('',#14912,#3032);
#2315=LINE('',#14913,#3033);
#2316=LINE('',#14914,#3034);
#2317=LINE('',#14915,#3035);
#2318=LINE('',#14916,#3036);
#2319=LINE('',#14917,#3037);
#2320=LINE('',#14918,#3038);
#2321=LINE('',#14919,#3039);
#2322=LINE('',#14925,#3040);
#2323=LINE('',#14928,#3041);
#2324=LINE('',#14929,#3042);
#2325=LINE('',#14931,#3043);
#2326=LINE('',#14933,#3044);
#2327=LINE('',#14936,#3045);
#2328=LINE('',#14937,#3046);
#2329=LINE('',#14939,#3047);
#2330=LINE('',#14945,#3048);
#2331=LINE('',#14962,#3049);
#2332=LINE('',#14988,#3050);
#2333=LINE('',#15002,#3051);
#2334=LINE('',#15004,#3052);
#2335=LINE('',#15008,#3053);
#2336=LINE('',#15009,#3054);
#2337=LINE('',#15011,#3055);
#2338=LINE('',#15014,#3056);
#2339=LINE('',#15017,#3057);
#2340=LINE('',#15020,#3058);
#2341=LINE('',#15021,#3059);
#2342=LINE('',#15023,#3060);
#2343=LINE('',#15026,#3061);
#2344=LINE('',#15028,#3062);
#2345=LINE('',#15032,#3063);
#2346=LINE('',#15033,#3064);
#2347=LINE('',#15035,#3065);
#2348=LINE('',#15038,#3066);
#2349=LINE('',#15040,#3067);
#2350=LINE('',#15041,#3068);
#2351=LINE('',#15044,#3069);
#2352=LINE('',#15047,#3070);
#2353=LINE('',#15059,#3071);
#2354=LINE('',#15066,#3072);
#2355=LINE('',#15073,#3073);
#2356=LINE('',#15080,#3074);
#2357=LINE('',#15084,#3075);
#2358=LINE('',#15085,#3076);
#2359=LINE('',#15086,#3077);
#2360=LINE('',#15090,#3078);
#2361=LINE('',#15093,#3079);
#2362=LINE('',#15094,#3080);
#2363=LINE('',#15098,#3081);
#2364=LINE('',#15101,#3082);
#2365=LINE('',#15102,#3083);
#2366=LINE('',#15106,#3084);
#2367=LINE('',#15109,#3085);
#2368=LINE('',#15110,#3086);
#2369=LINE('',#15114,#3087);
#2370=LINE('',#15115,#3088);
#2371=LINE('',#15117,#3089);
#2372=LINE('',#15119,#3090);
#2373=LINE('',#15121,#3091);
#2374=LINE('',#15123,#3092);
#2375=LINE('',#15125,#3093);
#2376=LINE('',#15127,#3094);
#2377=LINE('',#15135,#3095);
#2378=LINE('',#15139,#3096);
#2379=LINE('',#15149,#3097);
#2380=LINE('',#15153,#3098);
#2381=VECTOR('',#8448,10.);
#2382=VECTOR('',#8449,10.);
#2383=VECTOR('',#8450,10.);
#2384=VECTOR('',#8451,10.);
#2385=VECTOR('',#8452,10.);
#2386=VECTOR('',#8453,10.);
#2387=VECTOR('',#8454,10.);
#2388=VECTOR('',#8455,10.);
#2389=VECTOR('',#8456,10.);
#2390=VECTOR('',#8459,10.);
#2391=VECTOR('',#8460,10.);
#2392=VECTOR('',#8461,10.);
#2393=VECTOR('',#8464,10.);
#2394=VECTOR('',#8465,10.);
#2395=VECTOR('',#8466,10.);
#2396=VECTOR('',#8469,10.);
#2397=VECTOR('',#8470,10.);
#2398=VECTOR('',#8471,10.);
#2399=VECTOR('',#8472,10.);
#2400=VECTOR('',#8473,10.);
#2401=VECTOR('',#8474,10.);
#2402=VECTOR('',#8475,10.);
#2403=VECTOR('',#8478,10.);
#2404=VECTOR('',#8479,10.);
#2405=VECTOR('',#8480,10.);
#2406=VECTOR('',#8483,10.);
#2407=VECTOR('',#8484,10.);
#2408=VECTOR('',#8485,10.);
#2409=VECTOR('',#8488,10.);
#2410=VECTOR('',#8489,10.);
#2411=VECTOR('',#8490,10.);
#2412=VECTOR('',#8493,10.);
#2413=VECTOR('',#8494,10.);
#2414=VECTOR('',#8497,10.);
#2415=VECTOR('',#8498,10.);
#2416=VECTOR('',#8499,10.);
#2417=VECTOR('',#8500,10.);
#2418=VECTOR('',#8501,10.);
#2419=VECTOR('',#8502,10.);
#2420=VECTOR('',#8503,10.);
#2421=VECTOR('',#8504,10.);
#2422=VECTOR('',#8505,10.);
#2423=VECTOR('',#8506,10.);
#2424=VECTOR('',#8509,10.);
#2425=VECTOR('',#8510,10.);
#2426=VECTOR('',#8513,10.);
#2427=VECTOR('',#8514,10.);
#2428=VECTOR('',#8515,10.);
#2429=VECTOR('',#8516,10.);
#2430=VECTOR('',#8517,10.);
#2431=VECTOR('',#8518,10.);
#2432=VECTOR('',#8521,10.);
#2433=VECTOR('',#8522,10.);
#2434=VECTOR('',#8523,10.);
#2435=VECTOR('',#8524,10.);
#2436=VECTOR('',#8525,10.);
#2437=VECTOR('',#8526,10.);
#2438=VECTOR('',#8527,10.);
#2439=VECTOR('',#8528,10.);
#2440=VECTOR('',#8529,10.);
#2441=VECTOR('',#8530,10.);
#2442=VECTOR('',#8533,10.);
#2443=VECTOR('',#8534,10.);
#2444=VECTOR('',#8535,10.);
#2445=VECTOR('',#8536,10.);
#2446=VECTOR('',#8537,10.);
#2447=VECTOR('',#8538,10.);
#2448=VECTOR('',#8539,10.);
#2449=VECTOR('',#8540,10.);
#2450=VECTOR('',#8541,10.);
#2451=VECTOR('',#8542,10.);
#2452=VECTOR('',#8543,10.);
#2453=VECTOR('',#8544,10.);
#2454=VECTOR('',#8545,10.);
#2455=VECTOR('',#8546,10.);
#2456=VECTOR('',#8547,10.);
#2457=VECTOR('',#8548,10.);
#2458=VECTOR('',#8549,10.);
#2459=VECTOR('',#8554,10.);
#2460=VECTOR('',#8555,10.);
#2461=VECTOR('',#8556,10.);
#2462=VECTOR('',#8557,10.);
#2463=VECTOR('',#8558,10.);
#2464=VECTOR('',#8559,10.);
#2465=VECTOR('',#8560,10.);
#2466=VECTOR('',#8561,10.);
#2467=VECTOR('',#8562,10.);
#2468=VECTOR('',#8565,10.);
#2469=VECTOR('',#8566,10.);
#2470=VECTOR('',#8567,10.);
#2471=VECTOR('',#8570,10.);
#2472=VECTOR('',#8571,10.);
#2473=VECTOR('',#8572,10.);
#2474=VECTOR('',#8575,10.);
#2475=VECTOR('',#8576,10.);
#2476=VECTOR('',#8577,10.);
#2477=VECTOR('',#8578,10.);
#2478=VECTOR('',#8579,10.);
#2479=VECTOR('',#8580,10.);
#2480=VECTOR('',#8581,10.);
#2481=VECTOR('',#8582,10.);
#2482=VECTOR('',#8585,10.);
#2483=VECTOR('',#8586,10.);
#2484=VECTOR('',#8587,10.);
#2485=VECTOR('',#8590,10.);
#2486=VECTOR('',#8591,10.);
#2487=VECTOR('',#8592,10.);
#2488=VECTOR('',#8595,10.);
#2489=VECTOR('',#8596,10.);
#2490=VECTOR('',#8597,10.);
#2491=VECTOR('',#8600,10.);
#2492=VECTOR('',#8601,10.);
#2493=VECTOR('',#8606,10.);
#2494=VECTOR('',#8607,10.);
#2495=VECTOR('',#8608,10.);
#2496=VECTOR('',#8609,10.);
#2497=VECTOR('',#8612,10.);
#2498=VECTOR('',#8613,10.);
#2499=VECTOR('',#8614,10.);
#2500=VECTOR('',#8617,10.);
#2501=VECTOR('',#8618,10.);
#2502=VECTOR('',#8619,10.);
#2503=VECTOR('',#8622,10.);
#2504=VECTOR('',#8623,10.);
#2505=VECTOR('',#8628,10.);
#2506=VECTOR('',#8629,10.);
#2507=VECTOR('',#8630,10.);
#2508=VECTOR('',#8631,10.);
#2509=VECTOR('',#8632,10.);
#2510=VECTOR('',#8633,10.);
#2511=VECTOR('',#8634,10.);
#2512=VECTOR('',#8635,10.);
#2513=VECTOR('',#8636,10.);
#2514=VECTOR('',#8639,10.);
#2515=VECTOR('',#8640,10.);
#2516=VECTOR('',#8641,10.);
#2517=VECTOR('',#8644,10.);
#2518=VECTOR('',#8645,10.);
#2519=VECTOR('',#8648,10.);
#2520=VECTOR('',#8649,10.);
#2521=VECTOR('',#8650,10.);
#2522=VECTOR('',#8651,10.);
#2523=VECTOR('',#8654,10.);
#2524=VECTOR('',#8655,10.);
#2525=VECTOR('',#8656,10.);
#2526=VECTOR('',#8657,10.);
#2527=VECTOR('',#8658,10.);
#2528=VECTOR('',#8659,10.);
#2529=VECTOR('',#8660,10.);
#2530=VECTOR('',#8661,10.);
#2531=VECTOR('',#8662,10.);
#2532=VECTOR('',#8665,10.);
#2533=VECTOR('',#8666,10.);
#2534=VECTOR('',#8667,10.);
#2535=VECTOR('',#8670,10.);
#2536=VECTOR('',#8671,10.);
#2537=VECTOR('',#8672,10.);
#2538=VECTOR('',#8675,10.);
#2539=VECTOR('',#8676,10.);
#2540=VECTOR('',#8679,10.);
#2541=VECTOR('',#8680,10.);
#2542=VECTOR('',#8681,10.);
#2543=VECTOR('',#8682,10.);
#2544=VECTOR('',#8683,10.);
#2545=VECTOR('',#8684,10.);
#2546=VECTOR('',#8685,10.);
#2547=VECTOR('',#8686,10.);
#2548=VECTOR('',#8687,10.);
#2549=VECTOR('',#8688,10.);
#2550=VECTOR('',#8691,10.);
#2551=VECTOR('',#8692,10.);
#2552=VECTOR('',#8695,10.);
#2553=VECTOR('',#8696,10.);
#2554=VECTOR('',#8697,10.);
#2555=VECTOR('',#8698,10.);
#2556=VECTOR('',#8699,10.);
#2557=VECTOR('',#8700,10.);
#2558=VECTOR('',#8703,10.);
#2559=VECTOR('',#8704,10.);
#2560=VECTOR('',#8705,10.);
#2561=VECTOR('',#8706,10.);
#2562=VECTOR('',#8707,10.);
#2563=VECTOR('',#8708,10.);
#2564=VECTOR('',#8709,10.);
#2565=VECTOR('',#8710,10.);
#2566=VECTOR('',#8711,10.);
#2567=VECTOR('',#8712,10.);
#2568=VECTOR('',#8715,10.);
#2569=VECTOR('',#8716,10.);
#2570=VECTOR('',#8717,10.);
#2571=VECTOR('',#8718,10.);
#2572=VECTOR('',#8719,10.);
#2573=VECTOR('',#8720,10.);
#2574=VECTOR('',#8721,10.);
#2575=VECTOR('',#8722,10.);
#2576=VECTOR('',#8723,10.);
#2577=VECTOR('',#8724,10.);
#2578=VECTOR('',#8725,10.);
#2579=VECTOR('',#8726,10.);
#2580=VECTOR('',#8727,10.);
#2581=VECTOR('',#8728,10.);
#2582=VECTOR('',#8729,10.);
#2583=VECTOR('',#8730,10.);
#2584=VECTOR('',#8731,10.);
#2585=VECTOR('',#8734,10.);
#2586=VECTOR('',#8735,10.);
#2587=VECTOR('',#8736,10.);
#2588=VECTOR('',#8737,10.);
#2589=VECTOR('',#8740,10.);
#2590=VECTOR('',#8741,10.);
#2591=VECTOR('',#8742,10.);
#2592=VECTOR('',#8745,10.);
#2593=VECTOR('',#8746,10.);
#2594=VECTOR('',#8747,10.);
#2595=VECTOR('',#8750,10.);
#2596=VECTOR('',#8751,10.);
#2597=VECTOR('',#8752,10.);
#2598=VECTOR('',#8755,10.);
#2599=VECTOR('',#8756,10.);
#2600=VECTOR('',#8757,10.);
#2601=VECTOR('',#8760,10.);
#2602=VECTOR('',#8761,10.);
#2603=VECTOR('',#8762,10.);
#2604=VECTOR('',#8765,10.);
#2605=VECTOR('',#8766,10.);
#2606=VECTOR('',#8767,10.);
#2607=VECTOR('',#8770,10.);
#2608=VECTOR('',#8771,10.);
#2609=VECTOR('',#8772,10.);
#2610=VECTOR('',#8775,10.);
#2611=VECTOR('',#8776,10.);
#2612=VECTOR('',#8777,10.);
#2613=VECTOR('',#8780,10.);
#2614=VECTOR('',#8781,10.);
#2615=VECTOR('',#8782,10.);
#2616=VECTOR('',#8785,10.);
#2617=VECTOR('',#8786,10.);
#2618=VECTOR('',#8787,10.);
#2619=VECTOR('',#8790,10.);
#2620=VECTOR('',#8791,10.);
#2621=VECTOR('',#8792,10.);
#2622=VECTOR('',#8793,10.);
#2623=VECTOR('',#8794,10.);
#2624=VECTOR('',#8795,10.);
#2625=VECTOR('',#8796,10.);
#2626=VECTOR('',#8799,10.);
#2627=VECTOR('',#8800,10.);
#2628=VECTOR('',#8801,10.);
#2629=VECTOR('',#8806,10.);
#2630=VECTOR('',#8807,10.);
#2631=VECTOR('',#8808,10.);
#2632=VECTOR('',#8809,10.);
#2633=VECTOR('',#8812,10.);
#2634=VECTOR('',#8813,10.);
#2635=VECTOR('',#8814,10.);
#2636=VECTOR('',#8817,10.);
#2637=VECTOR('',#8818,10.);
#2638=VECTOR('',#8819,10.);
#2639=VECTOR('',#8822,10.);
#2640=VECTOR('',#8823,10.);
#2641=VECTOR('',#8828,10.);
#2642=VECTOR('',#8829,10.);
#2643=VECTOR('',#8830,10.);
#2644=VECTOR('',#8831,10.);
#2645=VECTOR('',#8834,10.);
#2646=VECTOR('',#8835,10.);
#2647=VECTOR('',#8836,10.);
#2648=VECTOR('',#8839,10.);
#2649=VECTOR('',#8840,10.);
#2650=VECTOR('',#8841,10.);
#2651=VECTOR('',#8844,10.);
#2652=VECTOR('',#8845,10.);
#2653=VECTOR('',#8848,10.);
#2654=VECTOR('',#8849,10.);
#2655=VECTOR('',#8850,10.);
#2656=VECTOR('',#8851,10.);
#2657=VECTOR('',#8854,10.);
#2658=VECTOR('',#8855,10.);
#2659=VECTOR('',#8856,10.);
#2660=VECTOR('',#8857,10.);
#2661=VECTOR('',#8858,10.);
#2662=VECTOR('',#8859,10.);
#2663=VECTOR('',#8860,10.);
#2664=VECTOR('',#8863,10.);
#2665=VECTOR('',#8864,10.);
#2666=VECTOR('',#8865,10.);
#2667=VECTOR('',#8866,10.);
#2668=VECTOR('',#8867,10.);
#2669=VECTOR('',#8868,10.);
#2670=VECTOR('',#8869,10.);
#2671=VECTOR('',#8870,10.);
#2672=VECTOR('',#8871,10.);
#2673=VECTOR('',#8872,10.);
#2674=VECTOR('',#8873,10.);
#2675=VECTOR('',#8874,10.);
#2676=VECTOR('',#8877,10.);
#2677=VECTOR('',#8878,10.);
#2678=VECTOR('',#8879,10.);
#2679=VECTOR('',#8882,10.);
#2680=VECTOR('',#8883,10.);
#2681=VECTOR('',#8884,10.);
#2682=VECTOR('',#8885,10.);
#2683=VECTOR('',#8886,10.);
#2684=VECTOR('',#8887,10.);
#2685=VECTOR('',#8888,10.);
#2686=VECTOR('',#8889,10.);
#2687=VECTOR('',#8892,10.);
#2688=VECTOR('',#8893,10.);
#2689=VECTOR('',#8894,10.);
#2690=VECTOR('',#8895,10.);
#2691=VECTOR('',#8898,10.);
#2692=VECTOR('',#8899,10.);
#2693=VECTOR('',#8900,10.);
#2694=VECTOR('',#8903,10.);
#2695=VECTOR('',#8904,10.);
#2696=VECTOR('',#8905,10.);
#2697=VECTOR('',#8906,10.);
#2698=VECTOR('',#8907,10.);
#2699=VECTOR('',#8908,10.);
#2700=VECTOR('',#8909,10.);
#2701=VECTOR('',#8910,10.);
#2702=VECTOR('',#8911,10.);
#2703=VECTOR('',#8912,10.);
#2704=VECTOR('',#8913,10.);
#2705=VECTOR('',#8914,10.);
#2706=VECTOR('',#8917,10.);
#2707=VECTOR('',#8918,10.);
#2708=VECTOR('',#8919,10.);
#2709=VECTOR('',#8922,10.);
#2710=VECTOR('',#8923,10.);
#2711=VECTOR('',#8928,10.);
#2712=VECTOR('',#8929,10.);
#2713=VECTOR('',#8930,10.);
#2714=VECTOR('',#8931,10.);
#2715=VECTOR('',#8934,10.);
#2716=VECTOR('',#8935,10.);
#2717=VECTOR('',#8936,10.);
#2718=VECTOR('',#8939,10.);
#2719=VECTOR('',#8940,10.);
#2720=VECTOR('',#8941,10.);
#2721=VECTOR('',#8944,10.);
#2722=VECTOR('',#8945,10.);
#2723=VECTOR('',#8948,10.);
#2724=VECTOR('',#8949,10.);
#2725=VECTOR('',#8950,10.);
#2726=VECTOR('',#8951,10.);
#2727=VECTOR('',#8952,10.);
#2728=VECTOR('',#8953,10.);
#2729=VECTOR('',#8954,10.);
#2730=VECTOR('',#8955,10.);
#2731=VECTOR('',#8956,10.);
#2732=VECTOR('',#8957,10.);
#2733=VECTOR('',#8960,10.);
#2734=VECTOR('',#8961,10.);
#2735=VECTOR('',#8962,10.);
#2736=VECTOR('',#8963,10.);
#2737=VECTOR('',#8964,10.);
#2738=VECTOR('',#8965,10.);
#2739=VECTOR('',#8966,10.);
#2740=VECTOR('',#8967,10.);
#2741=VECTOR('',#8968,10.);
#2742=VECTOR('',#8969,10.);
#2743=VECTOR('',#8970,10.);
#2744=VECTOR('',#8971,10.);
#2745=VECTOR('',#8972,10.);
#2746=VECTOR('',#8975,10.);
#2747=VECTOR('',#8976,10.);
#2748=VECTOR('',#8977,10.);
#2749=VECTOR('',#8994,10.);
#2750=VECTOR('',#8997,10.);
#2751=VECTOR('',#9000,10.);
#2752=VECTOR('',#9001,10.);
#2753=VECTOR('',#9002,10.);
#2754=VECTOR('',#9005,10.);
#2755=VECTOR('',#9006,10.);
#2756=VECTOR('',#9007,10.);
#2757=VECTOR('',#9008,10.);
#2758=VECTOR('',#9011,10.);
#2759=VECTOR('',#9012,10.);
#2760=VECTOR('',#9013,10.);
#2761=VECTOR('',#9014,10.);
#2762=VECTOR('',#9017,10.);
#2763=VECTOR('',#9018,10.);
#2764=VECTOR('',#9019,10.);
#2765=VECTOR('',#9022,10.);
#2766=VECTOR('',#9025,10.);
#2767=VECTOR('',#9028,10.);
#2768=VECTOR('',#9029,10.);
#2769=VECTOR('',#9030,10.);
#2770=VECTOR('',#9031,10.);
#2771=VECTOR('',#9032,10.);
#2772=VECTOR('',#9033,10.);
#2773=VECTOR('',#9034,10.);
#2774=VECTOR('',#9035,10.);
#2775=VECTOR('',#9036,10.);
#2776=VECTOR('',#9037,10.);
#2777=VECTOR('',#9040,10.);
#2778=VECTOR('',#9041,10.);
#2779=VECTOR('',#9044,10.);
#2780=VECTOR('',#9047,10.);
#2781=VECTOR('',#9048,10.);
#2782=VECTOR('',#9049,10.);
#2783=VECTOR('',#9052,10.);
#2784=VECTOR('',#9053,10.);
#2785=VECTOR('',#9056,10.);
#2786=VECTOR('',#9057,10.);
#2787=VECTOR('',#9062,10.);
#2788=VECTOR('',#9063,10.);
#2789=VECTOR('',#9064,10.);
#2790=VECTOR('',#9065,10.);
#2791=VECTOR('',#9066,10.);
#2792=VECTOR('',#9067,10.);
#2793=VECTOR('',#9068,10.);
#2794=VECTOR('',#9073,10.);
#2795=VECTOR('',#9080,10.);
#2796=VECTOR('',#9081,10.);
#2797=VECTOR('',#9084,10.);
#2798=VECTOR('',#9087,10.);
#2799=VECTOR('',#9090,10.);
#2800=VECTOR('',#9091,10.);
#2801=VECTOR('',#9096,10.);
#2802=VECTOR('',#9097,10.);
#2803=VECTOR('',#9098,10.);
#2804=VECTOR('',#9099,10.);
#2805=VECTOR('',#9102,10.);
#2806=VECTOR('',#9103,10.);
#2807=VECTOR('',#9104,10.);
#2808=VECTOR('',#9107,10.);
#2809=VECTOR('',#9108,10.);
#2810=VECTOR('',#9109,10.);
#2811=VECTOR('',#9112,10.);
#2812=VECTOR('',#9113,10.);
#2813=VECTOR('',#9114,10.);
#2814=VECTOR('',#9117,10.);
#2815=VECTOR('',#9118,10.);
#2816=VECTOR('',#9119,10.);
#2817=VECTOR('',#9122,10.);
#2818=VECTOR('',#9123,10.);
#2819=VECTOR('',#9124,10.);
#2820=VECTOR('',#9127,10.);
#2821=VECTOR('',#9128,10.);
#2822=VECTOR('',#9129,10.);
#2823=VECTOR('',#9132,10.);
#2824=VECTOR('',#9133,10.);
#2825=VECTOR('',#9136,10.);
#2826=VECTOR('',#9137,10.);
#2827=VECTOR('',#9138,10.);
#2828=VECTOR('',#9141,10.);
#2829=VECTOR('',#9142,10.);
#2830=VECTOR('',#9145,10.);
#2831=VECTOR('',#9146,10.);
#2832=VECTOR('',#9149,10.);
#2833=VECTOR('',#9150,10.);
#2834=VECTOR('',#9151,10.);
#2835=VECTOR('',#9154,10.);
#2836=VECTOR('',#9155,10.);
#2837=VECTOR('',#9156,10.);
#2838=VECTOR('',#9157,10.);
#2839=VECTOR('',#9160,10.);
#2840=VECTOR('',#9161,10.);
#2841=VECTOR('',#9162,10.);
#2842=VECTOR('',#9165,10.);
#2843=VECTOR('',#9166,10.);
#2844=VECTOR('',#9169,10.);
#2845=VECTOR('',#9170,10.);
#2846=VECTOR('',#9173,10.);
#2847=VECTOR('',#9176,10.);
#2848=VECTOR('',#9177,10.);
#2849=VECTOR('',#9178,10.);
#2850=VECTOR('',#9179,10.);
#2851=VECTOR('',#9180,10.);
#2852=VECTOR('',#9183,10.);
#2853=VECTOR('',#9186,10.);
#2854=VECTOR('',#9191,10.);
#2855=VECTOR('',#9194,10.);
#2856=VECTOR('',#9199,10.);
#2857=VECTOR('',#9202,10.);
#2858=VECTOR('',#9205,10.);
#2859=VECTOR('',#9208,10.);
#2860=VECTOR('',#9211,10.);
#2861=VECTOR('',#9212,10.);
#2862=VECTOR('',#9217,10.);
#2863=VECTOR('',#9218,10.);
#2864=VECTOR('',#9231,10.);
#2865=VECTOR('',#9236,10.);
#2866=VECTOR('',#9237,10.);
#2867=VECTOR('',#9242,10.);
#2868=VECTOR('',#9243,10.);
#2869=VECTOR('',#9246,10.);
#2870=VECTOR('',#9247,10.);
#2871=VECTOR('',#9248,10.);
#2872=VECTOR('',#9261,10.);
#2873=VECTOR('',#9262,10.);
#2874=VECTOR('',#9267,10.);
#2875=VECTOR('',#9268,10.);
#2876=VECTOR('',#9271,10.);
#2877=VECTOR('',#9274,10.);
#2878=VECTOR('',#9277,10.);
#2879=VECTOR('',#9278,10.);
#2880=VECTOR('',#9283,10.);
#2881=VECTOR('',#9284,10.);
#2882=VECTOR('',#9287,10.);
#2883=VECTOR('',#9290,10.);
#2884=VECTOR('',#9293,10.);
#2885=VECTOR('',#9296,10.);
#2886=VECTOR('',#9299,10.);
#2887=VECTOR('',#9302,10.);
#2888=VECTOR('',#9305,10.);
#2889=VECTOR('',#9308,10.);
#2890=VECTOR('',#9311,10.);
#2891=VECTOR('',#9314,10.);
#2892=VECTOR('',#9317,10.);
#2893=VECTOR('',#9320,10.);
#2894=VECTOR('',#9323,10.);
#2895=VECTOR('',#9326,10.);
#2896=VECTOR('',#9329,10.);
#2897=VECTOR('',#9332,10.);
#2898=VECTOR('',#9335,10.);
#2899=VECTOR('',#9340,10.);
#2900=VECTOR('',#9345,10.);
#2901=VECTOR('',#9346,10.);
#2902=VECTOR('',#9347,10.);
#2903=VECTOR('',#9350,10.);
#2904=VECTOR('',#9353,10.);
#2905=VECTOR('',#9356,10.);
#2906=VECTOR('',#9359,10.);
#2907=VECTOR('',#9360,10.);
#2908=VECTOR('',#9361,10.);
#2909=VECTOR('',#9362,10.);
#2910=VECTOR('',#9363,10.);
#2911=VECTOR('',#9364,10.);
#2912=VECTOR('',#9369,10.);
#2913=VECTOR('',#9370,10.);
#2914=VECTOR('',#9373,10.);
#2915=VECTOR('',#9374,10.);
#2916=VECTOR('',#9377,10.);
#2917=VECTOR('',#9378,10.);
#2918=VECTOR('',#9381,10.);
#2919=VECTOR('',#9382,10.);
#2920=VECTOR('',#9383,10.);
#2921=VECTOR('',#9386,10.);
#2922=VECTOR('',#9387,10.);
#2923=VECTOR('',#9390,10.);
#2924=VECTOR('',#9391,10.);
#2925=VECTOR('',#9394,10.);
#2926=VECTOR('',#9395,10.);
#2927=VECTOR('',#9398,10.);
#2928=VECTOR('',#9399,10.);
#2929=VECTOR('',#9402,10.);
#2930=VECTOR('',#9405,10.);
#2931=VECTOR('',#9406,10.);
#2932=VECTOR('',#9407,10.);
#2933=VECTOR('',#9414,10.);
#2934=VECTOR('',#9419,6.);
#2935=VECTOR('',#9430,10.);
#2936=VECTOR('',#9431,10.);
#2937=VECTOR('',#9432,10.);
#2938=VECTOR('',#9433,10.);
#2939=VECTOR('',#9434,10.);
#2940=VECTOR('',#9439,2.49999999999999);
#2941=VECTOR('',#9448,2.49999999999999);
#2942=VECTOR('',#9457,2.49999999999999);
#2943=VECTOR('',#9466,2.49999999999999);
#2944=VECTOR('',#9473,10.);
#2945=VECTOR('',#9474,10.);
#2946=VECTOR('',#9475,10.);
#2947=VECTOR('',#9480,10.);
#2948=VECTOR('',#9483,10.);
#2949=VECTOR('',#9486,10.);
#2950=VECTOR('',#9489,10.);
#2951=VECTOR('',#9492,10.);
#2952=VECTOR('',#9493,10.);
#2953=VECTOR('',#9500,10.);
#2954=VECTOR('',#9501,10.);
#2955=VECTOR('',#9502,10.);
#2956=VECTOR('',#9507,10.);
#2957=VECTOR('',#9510,10.);
#2958=VECTOR('',#9513,10.);
#2959=VECTOR('',#9516,10.);
#2960=VECTOR('',#9519,10.);
#2961=VECTOR('',#9520,10.);
#2962=VECTOR('',#9527,10.);
#2963=VECTOR('',#9528,10.);
#2964=VECTOR('',#9529,10.);
#2965=VECTOR('',#9534,10.);
#2966=VECTOR('',#9537,10.);
#2967=VECTOR('',#9540,10.);
#2968=VECTOR('',#9543,10.);
#2969=VECTOR('',#9546,10.);
#2970=VECTOR('',#9547,10.);
#2971=VECTOR('',#9554,10.);
#2972=VECTOR('',#9555,10.);
#2973=VECTOR('',#9556,10.);
#2974=VECTOR('',#9561,10.);
#2975=VECTOR('',#9564,10.);
#2976=VECTOR('',#9567,10.);
#2977=VECTOR('',#9570,10.);
#2978=VECTOR('',#9573,10.);
#2979=VECTOR('',#9574,10.);
#2980=VECTOR('',#9581,10.);
#2981=VECTOR('',#9582,10.);
#2982=VECTOR('',#9583,10.);
#2983=VECTOR('',#9588,10.);
#2984=VECTOR('',#9591,10.);
#2985=VECTOR('',#9594,10.);
#2986=VECTOR('',#9597,10.);
#2987=VECTOR('',#9600,10.);
#2988=VECTOR('',#9601,10.);
#2989=VECTOR('',#9608,10.);
#2990=VECTOR('',#9609,10.);
#2991=VECTOR('',#9610,10.);
#2992=VECTOR('',#9615,10.);
#2993=VECTOR('',#9618,10.);
#2994=VECTOR('',#9621,10.);
#2995=VECTOR('',#9624,10.);
#2996=VECTOR('',#9627,10.);
#2997=VECTOR('',#9628,10.);
#2998=VECTOR('',#9635,10.);
#2999=VECTOR('',#9636,10.);
#3000=VECTOR('',#9637,10.);
#3001=VECTOR('',#9642,10.);
#3002=VECTOR('',#9645,10.);
#3003=VECTOR('',#9648,10.);
#3004=VECTOR('',#9651,10.);
#3005=VECTOR('',#9654,10.);
#3006=VECTOR('',#9655,10.);
#3007=VECTOR('',#9662,10.);
#3008=VECTOR('',#9663,10.);
#3009=VECTOR('',#9664,10.);
#3010=VECTOR('',#9669,10.);
#3011=VECTOR('',#9672,10.);
#3012=VECTOR('',#9675,10.);
#3013=VECTOR('',#9678,10.);
#3014=VECTOR('',#9681,10.);
#3015=VECTOR('',#9682,10.);
#3016=VECTOR('',#9689,10.);
#3017=VECTOR('',#9690,10.);
#3018=VECTOR('',#9691,10.);
#3019=VECTOR('',#9696,10.);
#3020=VECTOR('',#9699,10.);
#3021=VECTOR('',#9702,10.);
#3022=VECTOR('',#9705,10.);
#3023=VECTOR('',#9708,10.);
#3024=VECTOR('',#9709,10.);
#3025=VECTOR('',#9716,10.);
#3026=VECTOR('',#9717,10.);
#3027=VECTOR('',#9718,10.);
#3028=VECTOR('',#9719,10.);
#3029=VECTOR('',#9720,10.);
#3030=VECTOR('',#9721,10.);
#3031=VECTOR('',#9722,10.);
#3032=VECTOR('',#9723,10.);
#3033=VECTOR('',#9724,10.);
#3034=VECTOR('',#9725,10.);
#3035=VECTOR('',#9726,10.);
#3036=VECTOR('',#9727,10.);
#3037=VECTOR('',#9728,10.);
#3038=VECTOR('',#9729,10.);
#3039=VECTOR('',#9730,10.);
#3040=VECTOR('',#9737,10.);
#3041=VECTOR('',#9740,10.);
#3042=VECTOR('',#9741,10.);
#3043=VECTOR('',#9744,10.);
#3044=VECTOR('',#9747,10.);
#3045=VECTOR('',#9750,10.);
#3046=VECTOR('',#9751,10.);
#3047=VECTOR('',#9754,10.);
#3048=VECTOR('',#9761,84.5);
#3049=VECTOR('',#9766,10.);
#3050=VECTOR('',#9769,10.);
#3051=VECTOR('',#9774,10.);
#3052=VECTOR('',#9775,10.);
#3053=VECTOR('',#9780,10.);
#3054=VECTOR('',#9781,10.);
#3055=VECTOR('',#9784,10.);
#3056=VECTOR('',#9787,10.);
#3057=VECTOR('',#9790,10.);
#3058=VECTOR('',#9793,10.);
#3059=VECTOR('',#9794,10.);
#3060=VECTOR('',#9797,10.);
#3061=VECTOR('',#9800,10.);
#3062=VECTOR('',#9801,10.);
#3063=VECTOR('',#9806,10.);
#3064=VECTOR('',#9807,10.);
#3065=VECTOR('',#9810,10.);
#3066=VECTOR('',#9813,10.);
#3067=VECTOR('',#9814,10.);
#3068=VECTOR('',#9815,10.);
#3069=VECTOR('',#9818,10.);
#3070=VECTOR('',#9823,10.);
#3071=VECTOR('',#9842,2.5);
#3072=VECTOR('',#9851,2.5);
#3073=VECTOR('',#9860,2.5);
#3074=VECTOR('',#9869,2.5);
#3075=VECTOR('',#9872,10.);
#3076=VECTOR('',#9873,10.);
#3077=VECTOR('',#9874,10.);
#3078=VECTOR('',#9879,10.);
#3079=VECTOR('',#9882,10.);
#3080=VECTOR('',#9883,10.);
#3081=VECTOR('',#9888,10.);
#3082=VECTOR('',#9891,10.);
#3083=VECTOR('',#9892,10.);
#3084=VECTOR('',#9897,10.);
#3085=VECTOR('',#9900,10.);
#3086=VECTOR('',#9901,10.);
#3087=VECTOR('',#9908,10.);
#3088=VECTOR('',#9909,10.);
#3089=VECTOR('',#9912,10.);
#3090=VECTOR('',#9915,10.);
#3091=VECTOR('',#9918,10.);
#3092=VECTOR('',#9921,10.);
#3093=VECTOR('',#9924,10.);
#3094=VECTOR('',#9927,10.);
#3095=VECTOR('',#9938,94.);
#3096=VECTOR('',#9943,92.);
#3097=VECTOR('',#9956,92.);
#3098=VECTOR('',#9961,94.);
#3099=VERTEX_POINT('',#9966);
#3100=VERTEX_POINT('',#9967);
#3101=VERTEX_POINT('',#9969);
#3102=VERTEX_POINT('',#9971);
#3103=VERTEX_POINT('',#9984);
#3104=VERTEX_POINT('',#9990);
#3105=VERTEX_POINT('',#10007);
#3106=VERTEX_POINT('',#10013);
#3107=VERTEX_POINT('',#10030);
#3108=VERTEX_POINT('',#10036);
#3109=VERTEX_POINT('',#10053);
#3110=VERTEX_POINT('',#10059);
#3111=VERTEX_POINT('',#10076);
#3112=VERTEX_POINT('',#10082);
#3113=VERTEX_POINT('',#10090);
#3114=VERTEX_POINT('',#10092);
#3115=VERTEX_POINT('',#10096);
#3116=VERTEX_POINT('',#10098);
#3117=VERTEX_POINT('',#10102);
#3118=VERTEX_POINT('',#10104);
#3119=VERTEX_POINT('',#10117);
#3120=VERTEX_POINT('',#10123);
#3121=VERTEX_POINT('',#10140);
#3122=VERTEX_POINT('',#10146);
#3123=VERTEX_POINT('',#10163);
#3124=VERTEX_POINT('',#10169);
#3125=VERTEX_POINT('',#10186);
#3126=VERTEX_POINT('',#10192);
#3127=VERTEX_POINT('',#10200);
#3128=VERTEX_POINT('',#10202);
#3129=VERTEX_POINT('',#10206);
#3130=VERTEX_POINT('',#10208);
#3131=VERTEX_POINT('',#10212);
#3132=VERTEX_POINT('',#10214);
#3133=VERTEX_POINT('',#10231);
#3134=VERTEX_POINT('',#10232);
#3135=VERTEX_POINT('',#10238);
#3136=VERTEX_POINT('',#10240);
#3137=VERTEX_POINT('',#10257);
#3138=VERTEX_POINT('',#10263);
#3139=VERTEX_POINT('',#10280);
#3140=VERTEX_POINT('',#10286);
#3141=VERTEX_POINT('',#10303);
#3142=VERTEX_POINT('',#10309);
#3143=VERTEX_POINT('',#10326);
#3144=VERTEX_POINT('',#10332);
#3145=VERTEX_POINT('',#10349);
#3146=VERTEX_POINT('',#10355);
#3147=VERTEX_POINT('',#10372);
#3148=VERTEX_POINT('',#10378);
#3149=VERTEX_POINT('',#10395);
#3150=VERTEX_POINT('',#10401);
#3151=VERTEX_POINT('',#10418);
#3152=VERTEX_POINT('',#10424);
#3153=VERTEX_POINT('',#10435);
#3154=VERTEX_POINT('',#10436);
#3155=VERTEX_POINT('',#10438);
#3156=VERTEX_POINT('',#10440);
#3157=VERTEX_POINT('',#10453);
#3158=VERTEX_POINT('',#10459);
#3159=VERTEX_POINT('',#10476);
#3160=VERTEX_POINT('',#10482);
#3161=VERTEX_POINT('',#10490);
#3162=VERTEX_POINT('',#10492);
#3163=VERTEX_POINT('',#10505);
#3164=VERTEX_POINT('',#10511);
#3165=VERTEX_POINT('',#10528);
#3166=VERTEX_POINT('',#10534);
#3167=VERTEX_POINT('',#10551);
#3168=VERTEX_POINT('',#10557);
#3169=VERTEX_POINT('',#10574);
#3170=VERTEX_POINT('',#10580);
#3171=VERTEX_POINT('',#10597);
#3172=VERTEX_POINT('',#10603);
#3173=VERTEX_POINT('',#10620);
#3174=VERTEX_POINT('',#10626);
#3175=VERTEX_POINT('',#10643);
#3176=VERTEX_POINT('',#10649);
#3177=VERTEX_POINT('',#10657);
#3178=VERTEX_POINT('',#10659);
#3179=VERTEX_POINT('',#10672);
#3180=VERTEX_POINT('',#10678);
#3181=VERTEX_POINT('',#10695);
#3182=VERTEX_POINT('',#10701);
#3183=VERTEX_POINT('',#10718);
#3184=VERTEX_POINT('',#10724);
#3185=VERTEX_POINT('',#10741);
#3186=VERTEX_POINT('',#10747);
#3187=VERTEX_POINT('',#10764);
#3188=VERTEX_POINT('',#10770);
#3189=VERTEX_POINT('',#10787);
#3190=VERTEX_POINT('',#10793);
#3191=VERTEX_POINT('',#10810);
#3192=VERTEX_POINT('',#10816);
#3193=VERTEX_POINT('',#10833);
#3194=VERTEX_POINT('',#10839);
#3195=VERTEX_POINT('',#10856);
#3196=VERTEX_POINT('',#10862);
#3197=VERTEX_POINT('',#10879);
#3198=VERTEX_POINT('',#10885);
#3199=VERTEX_POINT('',#10902);
#3200=VERTEX_POINT('',#10908);
#3201=VERTEX_POINT('',#10925);
#3202=VERTEX_POINT('',#10931);
#3203=VERTEX_POINT('',#10948);
#3204=VERTEX_POINT('',#10954);
#3205=VERTEX_POINT('',#10971);
#3206=VERTEX_POINT('',#10977);
#3207=VERTEX_POINT('',#11006);
#3208=VERTEX_POINT('',#11007);
#3209=VERTEX_POINT('',#11009);
#3210=VERTEX_POINT('',#11011);
#3211=VERTEX_POINT('',#11024);
#3212=VERTEX_POINT('',#11030);
#3213=VERTEX_POINT('',#11047);
#3214=VERTEX_POINT('',#11053);
#3215=VERTEX_POINT('',#11070);
#3216=VERTEX_POINT('',#11076);
#3217=VERTEX_POINT('',#11093);
#3218=VERTEX_POINT('',#11099);
#3219=VERTEX_POINT('',#11116);
#3220=VERTEX_POINT('',#11122);
#3221=VERTEX_POINT('',#11130);
#3222=VERTEX_POINT('',#11132);
#3223=VERTEX_POINT('',#11136);
#3224=VERTEX_POINT('',#11138);
#3225=VERTEX_POINT('',#11142);
#3226=VERTEX_POINT('',#11144);
#3227=VERTEX_POINT('',#11157);
#3228=VERTEX_POINT('',#11163);
#3229=VERTEX_POINT('',#11180);
#3230=VERTEX_POINT('',#11186);
#3231=VERTEX_POINT('',#11203);
#3232=VERTEX_POINT('',#11209);
#3233=VERTEX_POINT('',#11226);
#3234=VERTEX_POINT('',#11232);
#3235=VERTEX_POINT('',#11249);
#3236=VERTEX_POINT('',#11255);
#3237=VERTEX_POINT('',#11263);
#3238=VERTEX_POINT('',#11265);
#3239=VERTEX_POINT('',#11269);
#3240=VERTEX_POINT('',#11271);
#3241=VERTEX_POINT('',#11275);
#3242=VERTEX_POINT('',#11277);
#3243=VERTEX_POINT('',#11285);
#3244=VERTEX_POINT('',#11286);
#3245=VERTEX_POINT('',#11288);
#3246=VERTEX_POINT('',#11290);
#3247=VERTEX_POINT('',#11294);
#3248=VERTEX_POINT('',#11296);
#3249=VERTEX_POINT('',#11300);
#3250=VERTEX_POINT('',#11302);
#3251=VERTEX_POINT('',#11310);
#3252=VERTEX_POINT('',#11311);
#3253=VERTEX_POINT('',#11313);
#3254=VERTEX_POINT('',#11315);
#3255=VERTEX_POINT('',#11328);
#3256=VERTEX_POINT('',#11334);
#3257=VERTEX_POINT('',#11351);
#3258=VERTEX_POINT('',#11357);
#3259=VERTEX_POINT('',#11374);
#3260=VERTEX_POINT('',#11380);
#3261=VERTEX_POINT('',#11397);
#3262=VERTEX_POINT('',#11403);
#3263=VERTEX_POINT('',#11420);
#3264=VERTEX_POINT('',#11426);
#3265=VERTEX_POINT('',#11434);
#3266=VERTEX_POINT('',#11436);
#3267=VERTEX_POINT('',#11443);
#3268=VERTEX_POINT('',#11444);
#3269=VERTEX_POINT('',#11446);
#3270=VERTEX_POINT('',#11448);
#3271=VERTEX_POINT('',#11452);
#3272=VERTEX_POINT('',#11454);
#3273=VERTEX_POINT('',#11467);
#3274=VERTEX_POINT('',#11473);
#3275=VERTEX_POINT('',#11490);
#3276=VERTEX_POINT('',#11496);
#3277=VERTEX_POINT('',#11513);
#3278=VERTEX_POINT('',#11519);
#3279=VERTEX_POINT('',#11536);
#3280=VERTEX_POINT('',#11542);
#3281=VERTEX_POINT('',#11559);
#3282=VERTEX_POINT('',#11565);
#3283=VERTEX_POINT('',#11582);
#3284=VERTEX_POINT('',#11588);
#3285=VERTEX_POINT('',#11596);
#3286=VERTEX_POINT('',#11598);
#3287=VERTEX_POINT('',#11602);
#3288=VERTEX_POINT('',#11604);
#3289=VERTEX_POINT('',#11621);
#3290=VERTEX_POINT('',#11622);
#3291=VERTEX_POINT('',#11628);
#3292=VERTEX_POINT('',#11630);
#3293=VERTEX_POINT('',#11647);
#3294=VERTEX_POINT('',#11653);
#3295=VERTEX_POINT('',#11670);
#3296=VERTEX_POINT('',#11676);
#3297=VERTEX_POINT('',#11693);
#3298=VERTEX_POINT('',#11699);
#3299=VERTEX_POINT('',#11716);
#3300=VERTEX_POINT('',#11722);
#3301=VERTEX_POINT('',#11739);
#3302=VERTEX_POINT('',#11745);
#3303=VERTEX_POINT('',#11762);
#3304=VERTEX_POINT('',#11768);
#3305=VERTEX_POINT('',#11785);
#3306=VERTEX_POINT('',#11791);
#3307=VERTEX_POINT('',#11808);
#3308=VERTEX_POINT('',#11814);
#3309=VERTEX_POINT('',#11825);
#3310=VERTEX_POINT('',#11826);
#3311=VERTEX_POINT('',#11828);
#3312=VERTEX_POINT('',#11830);
#3313=VERTEX_POINT('',#11843);
#3314=VERTEX_POINT('',#11849);
#3315=VERTEX_POINT('',#11866);
#3316=VERTEX_POINT('',#11872);
#3317=VERTEX_POINT('',#11880);
#3318=VERTEX_POINT('',#11882);
#3319=VERTEX_POINT('',#11895);
#3320=VERTEX_POINT('',#11901);
#3321=VERTEX_POINT('',#11918);
#3322=VERTEX_POINT('',#11924);
#3323=VERTEX_POINT('',#11941);
#3324=VERTEX_POINT('',#11947);
#3325=VERTEX_POINT('',#11964);
#3326=VERTEX_POINT('',#11970);
#3327=VERTEX_POINT('',#11987);
#3328=VERTEX_POINT('',#11993);
#3329=VERTEX_POINT('',#12010);
#3330=VERTEX_POINT('',#12016);
#3331=VERTEX_POINT('',#12033);
#3332=VERTEX_POINT('',#12039);
#3333=VERTEX_POINT('',#12047);
#3334=VERTEX_POINT('',#12049);
#3335=VERTEX_POINT('',#12062);
#3336=VERTEX_POINT('',#12068);
#3337=VERTEX_POINT('',#12085);
#3338=VERTEX_POINT('',#12091);
#3339=VERTEX_POINT('',#12108);
#3340=VERTEX_POINT('',#12114);
#3341=VERTEX_POINT('',#12131);
#3342=VERTEX_POINT('',#12137);
#3343=VERTEX_POINT('',#12154);
#3344=VERTEX_POINT('',#12160);
#3345=VERTEX_POINT('',#12177);
#3346=VERTEX_POINT('',#12183);
#3347=VERTEX_POINT('',#12200);
#3348=VERTEX_POINT('',#12206);
#3349=VERTEX_POINT('',#12223);
#3350=VERTEX_POINT('',#12229);
#3351=VERTEX_POINT('',#12246);
#3352=VERTEX_POINT('',#12252);
#3353=VERTEX_POINT('',#12269);
#3354=VERTEX_POINT('',#12275);
#3355=VERTEX_POINT('',#12292);
#3356=VERTEX_POINT('',#12298);
#3357=VERTEX_POINT('',#12315);
#3358=VERTEX_POINT('',#12321);
#3359=VERTEX_POINT('',#12338);
#3360=VERTEX_POINT('',#12344);
#3361=VERTEX_POINT('',#12361);
#3362=VERTEX_POINT('',#12367);
#3363=VERTEX_POINT('',#12405);
#3364=VERTEX_POINT('',#12406);
#3365=VERTEX_POINT('',#12412);
#3366=VERTEX_POINT('',#12414);
#3367=VERTEX_POINT('',#12431);
#3368=VERTEX_POINT('',#12437);
#3369=VERTEX_POINT('',#12454);
#3370=VERTEX_POINT('',#12460);
#3371=VERTEX_POINT('',#12468);
#3372=VERTEX_POINT('',#12470);
#3373=VERTEX_POINT('',#12474);
#3374=VERTEX_POINT('',#12476);
#3375=VERTEX_POINT('',#12480);
#3376=VERTEX_POINT('',#12482);
#3377=VERTEX_POINT('',#12486);
#3378=VERTEX_POINT('',#12488);
#3379=VERTEX_POINT('',#12492);
#3380=VERTEX_POINT('',#12494);
#3381=VERTEX_POINT('',#12498);
#3382=VERTEX_POINT('',#12500);
#3383=VERTEX_POINT('',#12504);
#3384=VERTEX_POINT('',#12506);
#3385=VERTEX_POINT('',#12510);
#3386=VERTEX_POINT('',#12512);
#3387=VERTEX_POINT('',#12516);
#3388=VERTEX_POINT('',#12518);
#3389=VERTEX_POINT('',#12522);
#3390=VERTEX_POINT('',#12524);
#3391=VERTEX_POINT('',#12528);
#3392=VERTEX_POINT('',#12530);
#3393=VERTEX_POINT('',#12543);
#3394=VERTEX_POINT('',#12549);
#3395=VERTEX_POINT('',#12566);
#3396=VERTEX_POINT('',#12572);
#3397=VERTEX_POINT('',#12589);
#3398=VERTEX_POINT('',#12595);
#3399=VERTEX_POINT('',#12612);
#3400=VERTEX_POINT('',#12618);
#3401=VERTEX_POINT('',#12626);
#3402=VERTEX_POINT('',#12628);
#3403=VERTEX_POINT('',#12653);
#3404=VERTEX_POINT('',#12654);
#3405=VERTEX_POINT('',#12656);
#3406=VERTEX_POINT('',#12658);
#3407=VERTEX_POINT('',#12662);
#3408=VERTEX_POINT('',#12664);
#3409=VERTEX_POINT('',#12668);
#3410=VERTEX_POINT('',#12670);
#3411=VERTEX_POINT('',#12678);
#3412=VERTEX_POINT('',#12679);
#3413=VERTEX_POINT('',#12681);
#3414=VERTEX_POINT('',#12683);
#3415=VERTEX_POINT('',#12687);
#3416=VERTEX_POINT('',#12689);
#3417=VERTEX_POINT('',#12693);
#3418=VERTEX_POINT('',#12695);
#3419=VERTEX_POINT('',#12712);
#3420=VERTEX_POINT('',#12713);
#3421=VERTEX_POINT('',#12719);
#3422=VERTEX_POINT('',#12721);
#3423=VERTEX_POINT('',#12738);
#3424=VERTEX_POINT('',#12744);
#3425=VERTEX_POINT('',#12761);
#3426=VERTEX_POINT('',#12767);
#3427=VERTEX_POINT('',#12775);
#3428=VERTEX_POINT('',#12777);
#3429=VERTEX_POINT('',#12810);
#3430=VERTEX_POINT('',#12811);
#3431=VERTEX_POINT('',#12817);
#3432=VERTEX_POINT('',#12819);
#3433=VERTEX_POINT('',#12836);
#3434=VERTEX_POINT('',#12842);
#3435=VERTEX_POINT('',#12859);
#3436=VERTEX_POINT('',#12865);
#3437=VERTEX_POINT('',#12873);
#3438=VERTEX_POINT('',#12875);
#3439=VERTEX_POINT('',#12888);
#3440=VERTEX_POINT('',#12894);
#3441=VERTEX_POINT('',#12911);
#3442=VERTEX_POINT('',#12917);
#3443=VERTEX_POINT('',#12934);
#3444=VERTEX_POINT('',#12940);
#3445=VERTEX_POINT('',#12957);
#3446=VERTEX_POINT('',#12963);
#3447=VERTEX_POINT('',#12980);
#3448=VERTEX_POINT('',#12986);
#3449=VERTEX_POINT('',#13003);
#3450=VERTEX_POINT('',#13009);
#3451=VERTEX_POINT('',#13026);
#3452=VERTEX_POINT('',#13032);
#3453=VERTEX_POINT('',#13049);
#3454=VERTEX_POINT('',#13055);
#3455=VERTEX_POINT('',#13072);
#3456=VERTEX_POINT('',#13078);
#3457=VERTEX_POINT('',#13086);
#3458=VERTEX_POINT('',#13088);
#3459=VERTEX_POINT('',#13122);
#3460=VERTEX_POINT('',#13123);
#3461=VERTEX_POINT('',#13129);
#3462=VERTEX_POINT('',#13131);
#3463=VERTEX_POINT('',#13148);
#3464=VERTEX_POINT('',#13154);
#3465=VERTEX_POINT('',#13171);
#3466=VERTEX_POINT('',#13177);
#3467=VERTEX_POINT('',#13194);
#3468=VERTEX_POINT('',#13200);
#3469=VERTEX_POINT('',#13217);
#3470=VERTEX_POINT('',#13223);
#3471=VERTEX_POINT('',#13240);
#3472=VERTEX_POINT('',#13246);
#3473=VERTEX_POINT('',#13263);
#3474=VERTEX_POINT('',#13269);
#3475=VERTEX_POINT('',#13297);
#3476=VERTEX_POINT('',#13298);
#3477=VERTEX_POINT('',#13300);
#3478=VERTEX_POINT('',#13302);
#3479=VERTEX_POINT('',#13306);
#3480=VERTEX_POINT('',#13308);
#3481=VERTEX_POINT('',#13312);
#3482=VERTEX_POINT('',#13314);
#3483=VERTEX_POINT('',#13327);
#3484=VERTEX_POINT('',#13333);
#3485=VERTEX_POINT('',#13350);
#3486=VERTEX_POINT('',#13356);
#3487=VERTEX_POINT('',#13373);
#3488=VERTEX_POINT('',#13379);
#3489=VERTEX_POINT('',#13396);
#3490=VERTEX_POINT('',#13402);
#3491=VERTEX_POINT('',#13419);
#3492=VERTEX_POINT('',#13425);
#3493=VERTEX_POINT('',#13442);
#3494=VERTEX_POINT('',#13448);
#3495=VERTEX_POINT('',#13465);
#3496=VERTEX_POINT('',#13471);
#3497=VERTEX_POINT('',#13488);
#3498=VERTEX_POINT('',#13494);
#3499=VERTEX_POINT('',#13511);
#3500=VERTEX_POINT('',#13517);
#3501=VERTEX_POINT('',#13525);
#3502=VERTEX_POINT('',#13527);
#3503=VERTEX_POINT('',#13535);
#3504=VERTEX_POINT('',#13536);
#3505=VERTEX_POINT('',#13538);
#3506=VERTEX_POINT('',#13540);
#3507=VERTEX_POINT('',#13544);
#3508=VERTEX_POINT('',#13546);
#3509=VERTEX_POINT('',#13550);
#3510=VERTEX_POINT('',#13552);
#3511=VERTEX_POINT('',#13569);
#3512=VERTEX_POINT('',#13570);
#3513=VERTEX_POINT('',#13576);
#3514=VERTEX_POINT('',#13578);
#3515=VERTEX_POINT('',#13595);
#3516=VERTEX_POINT('',#13601);
#3517=VERTEX_POINT('',#13618);
#3518=VERTEX_POINT('',#13624);
#3519=VERTEX_POINT('',#13641);
#3520=VERTEX_POINT('',#13647);
#3521=VERTEX_POINT('',#13664);
#3522=VERTEX_POINT('',#13670);
#3523=VERTEX_POINT('',#13687);
#3524=VERTEX_POINT('',#13693);
#3525=VERTEX_POINT('',#13710);
#3526=VERTEX_POINT('',#13716);
#3527=VERTEX_POINT('',#13733);
#3528=VERTEX_POINT('',#13739);
#3529=VERTEX_POINT('',#13756);
#3530=VERTEX_POINT('',#13762);
#3531=VERTEX_POINT('',#13770);
#3532=VERTEX_POINT('',#13772);
#3533=VERTEX_POINT('',#13785);
#3534=VERTEX_POINT('',#13791);
#3535=VERTEX_POINT('',#13808);
#3536=VERTEX_POINT('',#13814);
#3537=VERTEX_POINT('',#13831);
#3538=VERTEX_POINT('',#13837);
#3539=VERTEX_POINT('',#13854);
#3540=VERTEX_POINT('',#13860);
#3541=VERTEX_POINT('',#13877);
#3542=VERTEX_POINT('',#13883);
#3543=VERTEX_POINT('',#13900);
#3544=VERTEX_POINT('',#13906);
#3545=VERTEX_POINT('',#13923);
#3546=VERTEX_POINT('',#13929);
#3547=VERTEX_POINT('',#13946);
#3548=VERTEX_POINT('',#13952);
#3549=VERTEX_POINT('',#13969);
#3550=VERTEX_POINT('',#13975);
#3551=VERTEX_POINT('',#13992);
#3552=VERTEX_POINT('',#13998);
#3553=VERTEX_POINT('',#14006);
#3554=VERTEX_POINT('',#14008);
#3555=VERTEX_POINT('',#14038);
#3556=VERTEX_POINT('',#14039);
#3557=VERTEX_POINT('',#14041);
#3558=VERTEX_POINT('',#14043);
#3559=VERTEX_POINT('',#14047);
#3560=VERTEX_POINT('',#14049);
#3561=VERTEX_POINT('',#14053);
#3562=VERTEX_POINT('',#14054);
#3563=VERTEX_POINT('',#14056);
#3564=VERTEX_POINT('',#14058);
#3565=VERTEX_POINT('',#14062);
#3566=VERTEX_POINT('',#14063);
#3567=VERTEX_POINT('',#14065);
#3568=VERTEX_POINT('',#14067);
#3569=VERTEX_POINT('',#14071);
#3570=VERTEX_POINT('',#14073);
#3571=VERTEX_POINT('',#14077);
#3572=VERTEX_POINT('',#14079);
#3573=VERTEX_POINT('',#14096);
#3574=VERTEX_POINT('',#14098);
#3575=VERTEX_POINT('',#14100);
#3576=VERTEX_POINT('',#14109);
#3577=VERTEX_POINT('',#14112);
#3578=VERTEX_POINT('',#14113);
#3579=VERTEX_POINT('',#14115);
#3580=VERTEX_POINT('',#14117);
#3581=VERTEX_POINT('',#14120);
#3582=VERTEX_POINT('',#14121);
#3583=VERTEX_POINT('',#14123);
#3584=VERTEX_POINT('',#14127);
#3585=VERTEX_POINT('',#14133);
#3586=VERTEX_POINT('',#14135);
#3587=VERTEX_POINT('',#14139);
#3588=VERTEX_POINT('',#14143);
#3589=VERTEX_POINT('',#14147);
#3590=VERTEX_POINT('',#14149);
#3591=VERTEX_POINT('',#14166);
#3592=VERTEX_POINT('',#14169);
#3593=VERTEX_POINT('',#14170);
#3594=VERTEX_POINT('',#14172);
#3595=VERTEX_POINT('',#14175);
#3596=VERTEX_POINT('',#14177);
#3597=VERTEX_POINT('',#14258);
#3598=VERTEX_POINT('',#14259);
#3599=VERTEX_POINT('',#14261);
#3600=VERTEX_POINT('',#14263);
#3601=VERTEX_POINT('',#14267);
#3602=VERTEX_POINT('',#14269);
#3603=VERTEX_POINT('',#14273);
#3604=VERTEX_POINT('',#14275);
#3605=VERTEX_POINT('',#14279);
#3606=VERTEX_POINT('',#14281);
#3607=VERTEX_POINT('',#14285);
#3608=VERTEX_POINT('',#14287);
#3609=VERTEX_POINT('',#14291);
#3610=VERTEX_POINT('',#14293);
#3611=VERTEX_POINT('',#14297);
#3612=VERTEX_POINT('',#14299);
#3613=VERTEX_POINT('',#14306);
#3614=VERTEX_POINT('',#14308);
#3615=VERTEX_POINT('',#14312);
#3616=VERTEX_POINT('',#14316);
#3617=VERTEX_POINT('',#14320);
#3618=VERTEX_POINT('',#14322);
#3619=VERTEX_POINT('',#14326);
#3620=VERTEX_POINT('',#14327);
#3621=VERTEX_POINT('',#14329);
#3622=VERTEX_POINT('',#14331);
#3623=VERTEX_POINT('',#14335);
#3624=VERTEX_POINT('',#14337);
#3625=VERTEX_POINT('',#14341);
#3626=VERTEX_POINT('',#14345);
#3627=VERTEX_POINT('',#14351);
#3628=VERTEX_POINT('',#14353);
#3629=VERTEX_POINT('',#14355);
#3630=VERTEX_POINT('',#14357);
#3631=VERTEX_POINT('',#14361);
#3632=VERTEX_POINT('',#14362);
#3633=VERTEX_POINT('',#14364);
#3634=VERTEX_POINT('',#14366);
#3635=VERTEX_POINT('',#14370);
#3636=VERTEX_POINT('',#14371);
#3637=VERTEX_POINT('',#14373);
#3638=VERTEX_POINT('',#14375);
#3639=VERTEX_POINT('',#14379);
#3640=VERTEX_POINT('',#14381);
#3641=VERTEX_POINT('',#14385);
#3642=VERTEX_POINT('',#14387);
#3643=VERTEX_POINT('',#14391);
#3644=VERTEX_POINT('',#14393);
#3645=VERTEX_POINT('',#14397);
#3646=VERTEX_POINT('',#14399);
#3647=VERTEX_POINT('',#14403);
#3648=VERTEX_POINT('',#14408);
#3649=VERTEX_POINT('',#14412);
#3650=VERTEX_POINT('',#14414);
#3651=VERTEX_POINT('',#14421);
#3652=VERTEX_POINT('',#14424);
#3653=VERTEX_POINT('',#14428);
#3654=VERTEX_POINT('',#14429);
#3655=VERTEX_POINT('',#14434);
#3656=VERTEX_POINT('',#14436);
#3657=VERTEX_POINT('',#14443);
#3658=VERTEX_POINT('',#14445);
#3659=VERTEX_POINT('',#14449);
#3660=VERTEX_POINT('',#14452);
#3661=VERTEX_POINT('',#14456);
#3662=VERTEX_POINT('',#14457);
#3663=VERTEX_POINT('',#14459);
#3664=VERTEX_POINT('',#14461);
#3665=VERTEX_POINT('',#14464);
#3666=VERTEX_POINT('',#14465);
#3667=VERTEX_POINT('',#14467);
#3668=VERTEX_POINT('',#14469);
#3669=VERTEX_POINT('',#14472);
#3670=VERTEX_POINT('',#14473);
#3671=VERTEX_POINT('',#14475);
#3672=VERTEX_POINT('',#14477);
#3673=VERTEX_POINT('',#14480);
#3674=VERTEX_POINT('',#14481);
#3675=VERTEX_POINT('',#14483);
#3676=VERTEX_POINT('',#14485);
#3677=VERTEX_POINT('',#14488);
#3678=VERTEX_POINT('',#14489);
#3679=VERTEX_POINT('',#14491);
#3680=VERTEX_POINT('',#14493);
#3681=VERTEX_POINT('',#14496);
#3682=VERTEX_POINT('',#14497);
#3683=VERTEX_POINT('',#14499);
#3684=VERTEX_POINT('',#14501);
#3685=VERTEX_POINT('',#14504);
#3686=VERTEX_POINT('',#14505);
#3687=VERTEX_POINT('',#14507);
#3688=VERTEX_POINT('',#14509);
#3689=VERTEX_POINT('',#14512);
#3690=VERTEX_POINT('',#14513);
#3691=VERTEX_POINT('',#14515);
#3692=VERTEX_POINT('',#14517);
#3693=VERTEX_POINT('',#14520);
#3694=VERTEX_POINT('',#14521);
#3695=VERTEX_POINT('',#14523);
#3696=VERTEX_POINT('',#14525);
#3697=VERTEX_POINT('',#14529);
#3698=VERTEX_POINT('',#14533);
#3699=VERTEX_POINT('',#14535);
#3700=VERTEX_POINT('',#14537);
#3701=VERTEX_POINT('',#14539);
#3702=VERTEX_POINT('',#14541);
#3703=VERTEX_POINT('',#14543);
#3704=VERTEX_POINT('',#14545);
#3705=VERTEX_POINT('',#14547);
#3706=VERTEX_POINT('',#14549);
#3707=VERTEX_POINT('',#14551);
#3708=VERTEX_POINT('',#14553);
#3709=VERTEX_POINT('',#14555);
#3710=VERTEX_POINT('',#14558);
#3711=VERTEX_POINT('',#14560);
#3712=VERTEX_POINT('',#14565);
#3713=VERTEX_POINT('',#14569);
#3714=VERTEX_POINT('',#14573);
#3715=VERTEX_POINT('',#14577);
#3716=VERTEX_POINT('',#14579);
#3717=VERTEX_POINT('',#14583);
#3718=VERTEX_POINT('',#14589);
#3719=VERTEX_POINT('',#14591);
#3720=VERTEX_POINT('',#14592);
#3721=VERTEX_POINT('',#14594);
#3722=VERTEX_POINT('',#14597);
#3723=VERTEX_POINT('',#14598);
#3724=VERTEX_POINT('',#14600);
#3725=VERTEX_POINT('',#14603);
#3726=VERTEX_POINT('',#14604);
#3727=VERTEX_POINT('',#14606);
#3728=VERTEX_POINT('',#14609);
#3729=VERTEX_POINT('',#14610);
#3730=VERTEX_POINT('',#14612);
#3731=VERTEX_POINT('',#14617);
#3732=VERTEX_POINT('',#14618);
#3733=VERTEX_POINT('',#14622);
#3734=VERTEX_POINT('',#14624);
#3735=VERTEX_POINT('',#14627);
#3736=VERTEX_POINT('',#14631);
#3737=VERTEX_POINT('',#14633);
#3738=VERTEX_POINT('',#14635);
#3739=VERTEX_POINT('',#14637);
#3740=VERTEX_POINT('',#14641);
#3741=VERTEX_POINT('',#14643);
#3742=VERTEX_POINT('',#14648);
#3743=VERTEX_POINT('',#14650);
#3744=VERTEX_POINT('',#14655);
#3745=VERTEX_POINT('',#14657);
#3746=VERTEX_POINT('',#14662);
#3747=VERTEX_POINT('',#14664);
#3748=VERTEX_POINT('',#14669);
#3749=VERTEX_POINT('',#14670);
#3750=VERTEX_POINT('',#14675);
#3751=VERTEX_POINT('',#14677);
#3752=VERTEX_POINT('',#14679);
#3753=VERTEX_POINT('',#14681);
#3754=VERTEX_POINT('',#14683);
#3755=VERTEX_POINT('',#14689);
#3756=VERTEX_POINT('',#14695);
#3757=VERTEX_POINT('',#14696);
#3758=VERTEX_POINT('',#14701);
#3759=VERTEX_POINT('',#14703);
#3760=VERTEX_POINT('',#14705);
#3761=VERTEX_POINT('',#14707);
#3762=VERTEX_POINT('',#14709);
#3763=VERTEX_POINT('',#14715);
#3764=VERTEX_POINT('',#14721);
#3765=VERTEX_POINT('',#14722);
#3766=VERTEX_POINT('',#14727);
#3767=VERTEX_POINT('',#14729);
#3768=VERTEX_POINT('',#14731);
#3769=VERTEX_POINT('',#14733);
#3770=VERTEX_POINT('',#14735);
#3771=VERTEX_POINT('',#14741);
#3772=VERTEX_POINT('',#14747);
#3773=VERTEX_POINT('',#14748);
#3774=VERTEX_POINT('',#14753);
#3775=VERTEX_POINT('',#14755);
#3776=VERTEX_POINT('',#14757);
#3777=VERTEX_POINT('',#14759);
#3778=VERTEX_POINT('',#14761);
#3779=VERTEX_POINT('',#14767);
#3780=VERTEX_POINT('',#14773);
#3781=VERTEX_POINT('',#14774);
#3782=VERTEX_POINT('',#14779);
#3783=VERTEX_POINT('',#14781);
#3784=VERTEX_POINT('',#14783);
#3785=VERTEX_POINT('',#14785);
#3786=VERTEX_POINT('',#14787);
#3787=VERTEX_POINT('',#14793);
#3788=VERTEX_POINT('',#14799);
#3789=VERTEX_POINT('',#14800);
#3790=VERTEX_POINT('',#14805);
#3791=VERTEX_POINT('',#14807);
#3792=VERTEX_POINT('',#14809);
#3793=VERTEX_POINT('',#14811);
#3794=VERTEX_POINT('',#14813);
#3795=VERTEX_POINT('',#14819);
#3796=VERTEX_POINT('',#14825);
#3797=VERTEX_POINT('',#14826);
#3798=VERTEX_POINT('',#14831);
#3799=VERTEX_POINT('',#14833);
#3800=VERTEX_POINT('',#14835);
#3801=VERTEX_POINT('',#14837);
#3802=VERTEX_POINT('',#14839);
#3803=VERTEX_POINT('',#14845);
#3804=VERTEX_POINT('',#14851);
#3805=VERTEX_POINT('',#14852);
#3806=VERTEX_POINT('',#14857);
#3807=VERTEX_POINT('',#14859);
#3808=VERTEX_POINT('',#14861);
#3809=VERTEX_POINT('',#14863);
#3810=VERTEX_POINT('',#14865);
#3811=VERTEX_POINT('',#14871);
#3812=VERTEX_POINT('',#14877);
#3813=VERTEX_POINT('',#14878);
#3814=VERTEX_POINT('',#14883);
#3815=VERTEX_POINT('',#14885);
#3816=VERTEX_POINT('',#14887);
#3817=VERTEX_POINT('',#14889);
#3818=VERTEX_POINT('',#14891);
#3819=VERTEX_POINT('',#14897);
#3820=VERTEX_POINT('',#14906);
#3821=VERTEX_POINT('',#14910);
#3822=VERTEX_POINT('',#14921);
#3823=VERTEX_POINT('',#14923);
#3824=VERTEX_POINT('',#14927);
#3825=VERTEX_POINT('',#14935);
#3826=VERTEX_POINT('',#14942);
#3827=VERTEX_POINT('',#14944);
#3828=VERTEX_POINT('',#14947);
#3829=VERTEX_POINT('',#14948);
#3830=VERTEX_POINT('',#14950);
#3831=VERTEX_POINT('',#14961);
#3832=VERTEX_POINT('',#14963);
#3833=VERTEX_POINT('',#14974);
#3834=VERTEX_POINT('',#14976);
#3835=VERTEX_POINT('',#14987);
#3836=VERTEX_POINT('',#15001);
#3837=VERTEX_POINT('',#15003);
#3838=VERTEX_POINT('',#15007);
#3839=VERTEX_POINT('',#15013);
#3840=VERTEX_POINT('',#15015);
#3841=VERTEX_POINT('',#15019);
#3842=VERTEX_POINT('',#15025);
#3843=VERTEX_POINT('',#15027);
#3844=VERTEX_POINT('',#15031);
#3845=VERTEX_POINT('',#15037);
#3846=VERTEX_POINT('',#15039);
#3847=VERTEX_POINT('',#15043);
#3848=VERTEX_POINT('',#15054);
#3849=VERTEX_POINT('',#15057);
#3850=VERTEX_POINT('',#15061);
#3851=VERTEX_POINT('',#15064);
#3852=VERTEX_POINT('',#15068);
#3853=VERTEX_POINT('',#15071);
#3854=VERTEX_POINT('',#15075);
#3855=VERTEX_POINT('',#15078);
#3856=VERTEX_POINT('',#15082);
#3857=VERTEX_POINT('',#15083);
#3858=VERTEX_POINT('',#15088);
#3859=VERTEX_POINT('',#15092);
#3860=VERTEX_POINT('',#15096);
#3861=VERTEX_POINT('',#15100);
#3862=VERTEX_POINT('',#15104);
#3863=VERTEX_POINT('',#15108);
#3864=VERTEX_POINT('',#15130);
#3865=VERTEX_POINT('',#15133);
#3866=VERTEX_POINT('',#15137);
#3867=VERTEX_POINT('',#15142);
#3868=VERTEX_POINT('',#15144);
#3869=VERTEX_POINT('',#15147);
#3870=VERTEX_POINT('',#15151);
#3871=EDGE_CURVE('',#3099,#3100,#1663,.T.);
#3872=EDGE_CURVE('',#3099,#3101,#1664,.T.);
#3873=EDGE_CURVE('',#3101,#3102,#1665,.T.);
#3874=EDGE_CURVE('',#3100,#3102,#1666,.T.);
#3875=EDGE_CURVE('',#3103,#3099,#270,.T.);
#3876=EDGE_CURVE('',#3103,#3104,#1667,.T.);
#3877=EDGE_CURVE('',#3104,#3101,#271,.T.);
#3878=EDGE_CURVE('',#3105,#3103,#272,.T.);
#3879=EDGE_CURVE('',#3105,#3106,#1668,.T.);
#3880=EDGE_CURVE('',#3106,#3104,#273,.T.);
#3881=EDGE_CURVE('',#3107,#3105,#274,.T.);
#3882=EDGE_CURVE('',#3107,#3108,#1669,.T.);
#3883=EDGE_CURVE('',#3108,#3106,#275,.T.);
#3884=EDGE_CURVE('',#3109,#3107,#276,.T.);
#3885=EDGE_CURVE('',#3109,#3110,#1670,.T.);
#3886=EDGE_CURVE('',#3110,#3108,#277,.T.);
#3887=EDGE_CURVE('',#3111,#3109,#278,.T.);
#3888=EDGE_CURVE('',#3111,#3112,#1671,.T.);
#3889=EDGE_CURVE('',#3112,#3110,#279,.T.);
#3890=EDGE_CURVE('',#3113,#3111,#1672,.T.);
#3891=EDGE_CURVE('',#3113,#3114,#1673,.T.);
#3892=EDGE_CURVE('',#3114,#3112,#1674,.T.);
#3893=EDGE_CURVE('',#3115,#3113,#1675,.T.);
#3894=EDGE_CURVE('',#3115,#3116,#1676,.T.);
#3895=EDGE_CURVE('',#3116,#3114,#1677,.T.);
#3896=EDGE_CURVE('',#3117,#3115,#1678,.T.);
#3897=EDGE_CURVE('',#3117,#3118,#1679,.T.);
#3898=EDGE_CURVE('',#3118,#3116,#1680,.T.);
#3899=EDGE_CURVE('',#3119,#3117,#280,.T.);
#3900=EDGE_CURVE('',#3119,#3120,#1681,.T.);
#3901=EDGE_CURVE('',#3120,#3118,#281,.T.);
#3902=EDGE_CURVE('',#3121,#3119,#282,.T.);
#3903=EDGE_CURVE('',#3121,#3122,#1682,.T.);
#3904=EDGE_CURVE('',#3122,#3120,#283,.T.);
#3905=EDGE_CURVE('',#3123,#3121,#284,.T.);
#3906=EDGE_CURVE('',#3123,#3124,#1683,.T.);
#3907=EDGE_CURVE('',#3124,#3122,#285,.T.);
#3908=EDGE_CURVE('',#3125,#3123,#286,.T.);
#3909=EDGE_CURVE('',#3125,#3126,#1684,.T.);
#3910=EDGE_CURVE('',#3126,#3124,#287,.T.);
#3911=EDGE_CURVE('',#3127,#3125,#1685,.T.);
#3912=EDGE_CURVE('',#3127,#3128,#1686,.T.);
#3913=EDGE_CURVE('',#3128,#3126,#1687,.T.);
#3914=EDGE_CURVE('',#3129,#3127,#1688,.T.);
#3915=EDGE_CURVE('',#3129,#3130,#1689,.T.);
#3916=EDGE_CURVE('',#3130,#3128,#1690,.T.);
#3917=EDGE_CURVE('',#3131,#3129,#1691,.T.);
#3918=EDGE_CURVE('',#3131,#3132,#1692,.T.);
#3919=EDGE_CURVE('',#3132,#3130,#1693,.T.);
#3920=EDGE_CURVE('',#3100,#3131,#1694,.T.);
#3921=EDGE_CURVE('',#3102,#3132,#1695,.T.);
#3922=EDGE_CURVE('',#3133,#3134,#288,.T.);
#3923=EDGE_CURVE('',#3133,#3135,#1696,.T.);
#3924=EDGE_CURVE('',#3135,#3136,#289,.T.);
#3925=EDGE_CURVE('',#3134,#3136,#1697,.T.);
#3926=EDGE_CURVE('',#3137,#3133,#290,.T.);
#3927=EDGE_CURVE('',#3137,#3138,#1698,.T.);
#3928=EDGE_CURVE('',#3138,#3135,#291,.T.);
#3929=EDGE_CURVE('',#3139,#3137,#292,.T.);
#3930=EDGE_CURVE('',#3139,#3140,#1699,.T.);
#3931=EDGE_CURVE('',#3140,#3138,#293,.T.);
#3932=EDGE_CURVE('',#3141,#3139,#294,.T.);
#3933=EDGE_CURVE('',#3141,#3142,#1700,.T.);
#3934=EDGE_CURVE('',#3142,#3140,#295,.T.);
#3935=EDGE_CURVE('',#3143,#3141,#296,.T.);
#3936=EDGE_CURVE('',#3143,#3144,#1701,.T.);
#3937=EDGE_CURVE('',#3144,#3142,#297,.T.);
#3938=EDGE_CURVE('',#3145,#3143,#298,.T.);
#3939=EDGE_CURVE('',#3145,#3146,#1702,.T.);
#3940=EDGE_CURVE('',#3146,#3144,#299,.T.);
#3941=EDGE_CURVE('',#3147,#3145,#300,.T.);
#3942=EDGE_CURVE('',#3147,#3148,#1703,.T.);
#3943=EDGE_CURVE('',#3148,#3146,#301,.T.);
#3944=EDGE_CURVE('',#3149,#3147,#302,.T.);
#3945=EDGE_CURVE('',#3149,#3150,#1704,.T.);
#3946=EDGE_CURVE('',#3150,#3148,#303,.T.);
#3947=EDGE_CURVE('',#3151,#3149,#304,.T.);
#3948=EDGE_CURVE('',#3151,#3152,#1705,.T.);
#3949=EDGE_CURVE('',#3152,#3150,#305,.T.);
#3950=EDGE_CURVE('',#3134,#3151,#1706,.T.);
#3951=EDGE_CURVE('',#3136,#3152,#1707,.T.);
#3952=EDGE_CURVE('',#3153,#3154,#1708,.T.);
#3953=EDGE_CURVE('',#3153,#3155,#1709,.T.);
#3954=EDGE_CURVE('',#3155,#3156,#1710,.T.);
#3955=EDGE_CURVE('',#3154,#3156,#1711,.T.);
#3956=EDGE_CURVE('',#3157,#3153,#306,.T.);
#3957=EDGE_CURVE('',#3157,#3158,#1712,.T.);
#3958=EDGE_CURVE('',#3158,#3155,#307,.T.);
#3959=EDGE_CURVE('',#3159,#3157,#308,.T.);
#3960=EDGE_CURVE('',#3159,#3160,#1713,.T.);
#3961=EDGE_CURVE('',#3160,#3158,#309,.T.);
#3962=EDGE_CURVE('',#3161,#3159,#1714,.T.);
#3963=EDGE_CURVE('',#3161,#3162,#1715,.T.);
#3964=EDGE_CURVE('',#3162,#3160,#1716,.T.);
#3965=EDGE_CURVE('',#3163,#3161,#310,.T.);
#3966=EDGE_CURVE('',#3163,#3164,#1717,.T.);
#3967=EDGE_CURVE('',#3164,#3162,#311,.T.);
#3968=EDGE_CURVE('',#3165,#3163,#312,.T.);
#3969=EDGE_CURVE('',#3165,#3166,#1718,.T.);
#3970=EDGE_CURVE('',#3166,#3164,#313,.T.);
#3971=EDGE_CURVE('',#3167,#3165,#314,.T.);
#3972=EDGE_CURVE('',#3167,#3168,#1719,.T.);
#3973=EDGE_CURVE('',#3168,#3166,#315,.T.);
#3974=EDGE_CURVE('',#3169,#3167,#316,.T.);
#3975=EDGE_CURVE('',#3169,#3170,#1720,.T.);
#3976=EDGE_CURVE('',#3170,#3168,#317,.T.);
#3977=EDGE_CURVE('',#3171,#3169,#318,.T.);
#3978=EDGE_CURVE('',#3171,#3172,#1721,.T.);
#3979=EDGE_CURVE('',#3172,#3170,#319,.T.);
#3980=EDGE_CURVE('',#3173,#3171,#320,.T.);
#3981=EDGE_CURVE('',#3173,#3174,#1722,.T.);
#3982=EDGE_CURVE('',#3174,#3172,#321,.T.);
#3983=EDGE_CURVE('',#3175,#3173,#322,.T.);
#3984=EDGE_CURVE('',#3175,#3176,#1723,.T.);
#3985=EDGE_CURVE('',#3176,#3174,#323,.T.);
#3986=EDGE_CURVE('',#3177,#3175,#1724,.T.);
#3987=EDGE_CURVE('',#3177,#3178,#1725,.T.);
#3988=EDGE_CURVE('',#3178,#3176,#1726,.T.);
#3989=EDGE_CURVE('',#3179,#3177,#324,.T.);
#3990=EDGE_CURVE('',#3179,#3180,#1727,.T.);
#3991=EDGE_CURVE('',#3180,#3178,#325,.T.);
#3992=EDGE_CURVE('',#3181,#3179,#326,.T.);
#3993=EDGE_CURVE('',#3181,#3182,#1728,.T.);
#3994=EDGE_CURVE('',#3182,#3180,#327,.T.);
#3995=EDGE_CURVE('',#3183,#3181,#328,.T.);
#3996=EDGE_CURVE('',#3183,#3184,#1729,.T.);
#3997=EDGE_CURVE('',#3184,#3182,#329,.T.);
#3998=EDGE_CURVE('',#3185,#3183,#330,.T.);
#3999=EDGE_CURVE('',#3185,#3186,#1730,.T.);
#4000=EDGE_CURVE('',#3186,#3184,#331,.T.);
#4001=EDGE_CURVE('',#3187,#3185,#332,.T.);
#4002=EDGE_CURVE('',#3187,#3188,#1731,.T.);
#4003=EDGE_CURVE('',#3188,#3186,#333,.T.);
#4004=EDGE_CURVE('',#3189,#3187,#334,.T.);
#4005=EDGE_CURVE('',#3189,#3190,#1732,.T.);
#4006=EDGE_CURVE('',#3190,#3188,#335,.T.);
#4007=EDGE_CURVE('',#3191,#3189,#336,.T.);
#4008=EDGE_CURVE('',#3191,#3192,#1733,.T.);
#4009=EDGE_CURVE('',#3192,#3190,#337,.T.);
#4010=EDGE_CURVE('',#3193,#3191,#338,.T.);
#4011=EDGE_CURVE('',#3193,#3194,#1734,.T.);
#4012=EDGE_CURVE('',#3194,#3192,#339,.T.);
#4013=EDGE_CURVE('',#3195,#3193,#340,.T.);
#4014=EDGE_CURVE('',#3195,#3196,#1735,.T.);
#4015=EDGE_CURVE('',#3196,#3194,#341,.T.);
#4016=EDGE_CURVE('',#3197,#3195,#342,.T.);
#4017=EDGE_CURVE('',#3197,#3198,#1736,.T.);
#4018=EDGE_CURVE('',#3198,#3196,#343,.T.);
#4019=EDGE_CURVE('',#3199,#3197,#344,.T.);
#4020=EDGE_CURVE('',#3199,#3200,#1737,.T.);
#4021=EDGE_CURVE('',#3200,#3198,#345,.T.);
#4022=EDGE_CURVE('',#3201,#3199,#346,.T.);
#4023=EDGE_CURVE('',#3201,#3202,#1738,.T.);
#4024=EDGE_CURVE('',#3202,#3200,#347,.T.);
#4025=EDGE_CURVE('',#3203,#3201,#348,.T.);
#4026=EDGE_CURVE('',#3203,#3204,#1739,.T.);
#4027=EDGE_CURVE('',#3204,#3202,#349,.T.);
#4028=EDGE_CURVE('',#3205,#3203,#350,.T.);
#4029=EDGE_CURVE('',#3205,#3206,#1740,.T.);
#4030=EDGE_CURVE('',#3206,#3204,#351,.T.);
#4031=EDGE_CURVE('',#3154,#3205,#352,.T.);
#4032=EDGE_CURVE('',#3156,#3206,#353,.T.);
#4033=EDGE_CURVE('',#3207,#3208,#1741,.T.);
#4034=EDGE_CURVE('',#3207,#3209,#1742,.T.);
#4035=EDGE_CURVE('',#3209,#3210,#1743,.T.);
#4036=EDGE_CURVE('',#3208,#3210,#1744,.T.);
#4037=EDGE_CURVE('',#3211,#3207,#354,.T.);
#4038=EDGE_CURVE('',#3211,#3212,#1745,.T.);
#4039=EDGE_CURVE('',#3212,#3209,#355,.T.);
#4040=EDGE_CURVE('',#3213,#3211,#356,.T.);
#4041=EDGE_CURVE('',#3213,#3214,#1746,.T.);
#4042=EDGE_CURVE('',#3214,#3212,#357,.T.);
#4043=EDGE_CURVE('',#3215,#3213,#358,.T.);
#4044=EDGE_CURVE('',#3215,#3216,#1747,.T.);
#4045=EDGE_CURVE('',#3216,#3214,#359,.T.);
#4046=EDGE_CURVE('',#3217,#3215,#360,.T.);
#4047=EDGE_CURVE('',#3217,#3218,#1748,.T.);
#4048=EDGE_CURVE('',#3218,#3216,#361,.T.);
#4049=EDGE_CURVE('',#3219,#3217,#362,.T.);
#4050=EDGE_CURVE('',#3219,#3220,#1749,.T.);
#4051=EDGE_CURVE('',#3220,#3218,#363,.T.);
#4052=EDGE_CURVE('',#3221,#3219,#1750,.T.);
#4053=EDGE_CURVE('',#3221,#3222,#1751,.T.);
#4054=EDGE_CURVE('',#3222,#3220,#1752,.T.);
#4055=EDGE_CURVE('',#3223,#3221,#1753,.T.);
#4056=EDGE_CURVE('',#3223,#3224,#1754,.T.);
#4057=EDGE_CURVE('',#3224,#3222,#1755,.T.);
#4058=EDGE_CURVE('',#3225,#3223,#1756,.T.);
#4059=EDGE_CURVE('',#3225,#3226,#1757,.T.);
#4060=EDGE_CURVE('',#3226,#3224,#1758,.T.);
#4061=EDGE_CURVE('',#3227,#3225,#364,.T.);
#4062=EDGE_CURVE('',#3227,#3228,#1759,.T.);
#4063=EDGE_CURVE('',#3228,#3226,#365,.T.);
#4064=EDGE_CURVE('',#3229,#3227,#366,.T.);
#4065=EDGE_CURVE('',#3229,#3230,#1760,.T.);
#4066=EDGE_CURVE('',#3230,#3228,#367,.T.);
#4067=EDGE_CURVE('',#3231,#3229,#368,.T.);
#4068=EDGE_CURVE('',#3231,#3232,#1761,.T.);
#4069=EDGE_CURVE('',#3232,#3230,#369,.T.);
#4070=EDGE_CURVE('',#3233,#3231,#370,.T.);
#4071=EDGE_CURVE('',#3233,#3234,#1762,.T.);
#4072=EDGE_CURVE('',#3234,#3232,#371,.T.);
#4073=EDGE_CURVE('',#3235,#3233,#372,.T.);
#4074=EDGE_CURVE('',#3235,#3236,#1763,.T.);
#4075=EDGE_CURVE('',#3236,#3234,#373,.T.);
#4076=EDGE_CURVE('',#3237,#3235,#1764,.T.);
#4077=EDGE_CURVE('',#3237,#3238,#1765,.T.);
#4078=EDGE_CURVE('',#3238,#3236,#1766,.T.);
#4079=EDGE_CURVE('',#3239,#3237,#1767,.T.);
#4080=EDGE_CURVE('',#3239,#3240,#1768,.T.);
#4081=EDGE_CURVE('',#3240,#3238,#1769,.T.);
#4082=EDGE_CURVE('',#3241,#3239,#1770,.T.);
#4083=EDGE_CURVE('',#3241,#3242,#1771,.T.);
#4084=EDGE_CURVE('',#3242,#3240,#1772,.T.);
#4085=EDGE_CURVE('',#3208,#3241,#1773,.T.);
#4086=EDGE_CURVE('',#3210,#3242,#1774,.T.);
#4087=EDGE_CURVE('',#3243,#3244,#1775,.T.);
#4088=EDGE_CURVE('',#3243,#3245,#1776,.T.);
#4089=EDGE_CURVE('',#3245,#3246,#1777,.T.);
#4090=EDGE_CURVE('',#3244,#3246,#1778,.T.);
#4091=EDGE_CURVE('',#3247,#3243,#1779,.T.);
#4092=EDGE_CURVE('',#3247,#3248,#1780,.T.);
#4093=EDGE_CURVE('',#3248,#3245,#1781,.T.);
#4094=EDGE_CURVE('',#3249,#3247,#1782,.T.);
#4095=EDGE_CURVE('',#3249,#3250,#1783,.T.);
#4096=EDGE_CURVE('',#3250,#3248,#1784,.T.);
#4097=EDGE_CURVE('',#3244,#3249,#1785,.T.);
#4098=EDGE_CURVE('',#3246,#3250,#1786,.T.);
#4099=EDGE_CURVE('',#3251,#3252,#1787,.T.);
#4100=EDGE_CURVE('',#3251,#3253,#1788,.T.);
#4101=EDGE_CURVE('',#3253,#3254,#1789,.T.);
#4102=EDGE_CURVE('',#3252,#3254,#1790,.T.);
#4103=EDGE_CURVE('',#3255,#3251,#374,.T.);
#4104=EDGE_CURVE('',#3255,#3256,#1791,.T.);
#4105=EDGE_CURVE('',#3256,#3253,#375,.T.);
#4106=EDGE_CURVE('',#3257,#3255,#376,.T.);
#4107=EDGE_CURVE('',#3257,#3258,#1792,.T.);
#4108=EDGE_CURVE('',#3258,#3256,#377,.T.);
#4109=EDGE_CURVE('',#3259,#3257,#378,.T.);
#4110=EDGE_CURVE('',#3259,#3260,#1793,.T.);
#4111=EDGE_CURVE('',#3260,#3258,#379,.T.);
#4112=EDGE_CURVE('',#3261,#3259,#380,.T.);
#4113=EDGE_CURVE('',#3261,#3262,#1794,.T.);
#4114=EDGE_CURVE('',#3262,#3260,#381,.T.);
#4115=EDGE_CURVE('',#3263,#3261,#382,.T.);
#4116=EDGE_CURVE('',#3263,#3264,#1795,.T.);
#4117=EDGE_CURVE('',#3264,#3262,#383,.T.);
#4118=EDGE_CURVE('',#3265,#3263,#1796,.T.);
#4119=EDGE_CURVE('',#3265,#3266,#1797,.T.);
#4120=EDGE_CURVE('',#3266,#3264,#1798,.T.);
#4121=EDGE_CURVE('',#3252,#3265,#1799,.T.);
#4122=EDGE_CURVE('',#3254,#3266,#1800,.T.);
#4123=EDGE_CURVE('',#3267,#3268,#1801,.T.);
#4124=EDGE_CURVE('',#3267,#3269,#1802,.T.);
#4125=EDGE_CURVE('',#3269,#3270,#1803,.T.);
#4126=EDGE_CURVE('',#3268,#3270,#1804,.T.);
#4127=EDGE_CURVE('',#3271,#3267,#1805,.T.);
#4128=EDGE_CURVE('',#3271,#3272,#1806,.T.);
#4129=EDGE_CURVE('',#3272,#3269,#1807,.T.);
#4130=EDGE_CURVE('',#3273,#3271,#384,.T.);
#4131=EDGE_CURVE('',#3273,#3274,#1808,.T.);
#4132=EDGE_CURVE('',#3274,#3272,#385,.T.);
#4133=EDGE_CURVE('',#3275,#3273,#386,.T.);
#4134=EDGE_CURVE('',#3275,#3276,#1809,.T.);
#4135=EDGE_CURVE('',#3276,#3274,#387,.T.);
#4136=EDGE_CURVE('',#3277,#3275,#388,.T.);
#4137=EDGE_CURVE('',#3277,#3278,#1810,.T.);
#4138=EDGE_CURVE('',#3278,#3276,#389,.T.);
#4139=EDGE_CURVE('',#3279,#3277,#390,.T.);
#4140=EDGE_CURVE('',#3279,#3280,#1811,.T.);
#4141=EDGE_CURVE('',#3280,#3278,#391,.T.);
#4142=EDGE_CURVE('',#3281,#3279,#392,.T.);
#4143=EDGE_CURVE('',#3281,#3282,#1812,.T.);
#4144=EDGE_CURVE('',#3282,#3280,#393,.T.);
#4145=EDGE_CURVE('',#3283,#3281,#394,.T.);
#4146=EDGE_CURVE('',#3283,#3284,#1813,.T.);
#4147=EDGE_CURVE('',#3284,#3282,#395,.T.);
#4148=EDGE_CURVE('',#3285,#3283,#1814,.T.);
#4149=EDGE_CURVE('',#3285,#3286,#1815,.T.);
#4150=EDGE_CURVE('',#3286,#3284,#1816,.T.);
#4151=EDGE_CURVE('',#3287,#3285,#1817,.T.);
#4152=EDGE_CURVE('',#3287,#3288,#1818,.T.);
#4153=EDGE_CURVE('',#3288,#3286,#1819,.T.);
#4154=EDGE_CURVE('',#3268,#3287,#1820,.T.);
#4155=EDGE_CURVE('',#3270,#3288,#1821,.T.);
#4156=EDGE_CURVE('',#3289,#3290,#396,.T.);
#4157=EDGE_CURVE('',#3289,#3291,#1822,.T.);
#4158=EDGE_CURVE('',#3291,#3292,#397,.T.);
#4159=EDGE_CURVE('',#3290,#3292,#1823,.T.);
#4160=EDGE_CURVE('',#3293,#3289,#398,.T.);
#4161=EDGE_CURVE('',#3293,#3294,#1824,.T.);
#4162=EDGE_CURVE('',#3294,#3291,#399,.T.);
#4163=EDGE_CURVE('',#3295,#3293,#400,.T.);
#4164=EDGE_CURVE('',#3295,#3296,#1825,.T.);
#4165=EDGE_CURVE('',#3296,#3294,#401,.T.);
#4166=EDGE_CURVE('',#3297,#3295,#402,.T.);
#4167=EDGE_CURVE('',#3297,#3298,#1826,.T.);
#4168=EDGE_CURVE('',#3298,#3296,#403,.T.);
#4169=EDGE_CURVE('',#3299,#3297,#404,.T.);
#4170=EDGE_CURVE('',#3299,#3300,#1827,.T.);
#4171=EDGE_CURVE('',#3300,#3298,#405,.T.);
#4172=EDGE_CURVE('',#3301,#3299,#406,.T.);
#4173=EDGE_CURVE('',#3301,#3302,#1828,.T.);
#4174=EDGE_CURVE('',#3302,#3300,#407,.T.);
#4175=EDGE_CURVE('',#3303,#3301,#408,.T.);
#4176=EDGE_CURVE('',#3303,#3304,#1829,.T.);
#4177=EDGE_CURVE('',#3304,#3302,#409,.T.);
#4178=EDGE_CURVE('',#3305,#3303,#410,.T.);
#4179=EDGE_CURVE('',#3305,#3306,#1830,.T.);
#4180=EDGE_CURVE('',#3306,#3304,#411,.T.);
#4181=EDGE_CURVE('',#3307,#3305,#412,.T.);
#4182=EDGE_CURVE('',#3307,#3308,#1831,.T.);
#4183=EDGE_CURVE('',#3308,#3306,#413,.T.);
#4184=EDGE_CURVE('',#3290,#3307,#1832,.T.);
#4185=EDGE_CURVE('',#3292,#3308,#1833,.T.);
#4186=EDGE_CURVE('',#3309,#3310,#1834,.T.);
#4187=EDGE_CURVE('',#3309,#3311,#1835,.T.);
#4188=EDGE_CURVE('',#3311,#3312,#1836,.T.);
#4189=EDGE_CURVE('',#3310,#3312,#1837,.T.);
#4190=EDGE_CURVE('',#3313,#3309,#414,.T.);
#4191=EDGE_CURVE('',#3313,#3314,#1838,.T.);
#4192=EDGE_CURVE('',#3314,#3311,#415,.T.);
#4193=EDGE_CURVE('',#3315,#3313,#416,.T.);
#4194=EDGE_CURVE('',#3315,#3316,#1839,.T.);
#4195=EDGE_CURVE('',#3316,#3314,#417,.T.);
#4196=EDGE_CURVE('',#3317,#3315,#1840,.T.);
#4197=EDGE_CURVE('',#3317,#3318,#1841,.T.);
#4198=EDGE_CURVE('',#3318,#3316,#1842,.T.);
#4199=EDGE_CURVE('',#3319,#3317,#418,.T.);
#4200=EDGE_CURVE('',#3319,#3320,#1843,.T.);
#4201=EDGE_CURVE('',#3320,#3318,#419,.T.);
#4202=EDGE_CURVE('',#3321,#3319,#420,.T.);
#4203=EDGE_CURVE('',#3321,#3322,#1844,.T.);
#4204=EDGE_CURVE('',#3322,#3320,#421,.T.);
#4205=EDGE_CURVE('',#3323,#3321,#422,.T.);
#4206=EDGE_CURVE('',#3323,#3324,#1845,.T.);
#4207=EDGE_CURVE('',#3324,#3322,#423,.T.);
#4208=EDGE_CURVE('',#3325,#3323,#424,.T.);
#4209=EDGE_CURVE('',#3325,#3326,#1846,.T.);
#4210=EDGE_CURVE('',#3326,#3324,#425,.T.);
#4211=EDGE_CURVE('',#3327,#3325,#426,.T.);
#4212=EDGE_CURVE('',#3327,#3328,#1847,.T.);
#4213=EDGE_CURVE('',#3328,#3326,#427,.T.);
#4214=EDGE_CURVE('',#3329,#3327,#428,.T.);
#4215=EDGE_CURVE('',#3329,#3330,#1848,.T.);
#4216=EDGE_CURVE('',#3330,#3328,#429,.T.);
#4217=EDGE_CURVE('',#3331,#3329,#430,.T.);
#4218=EDGE_CURVE('',#3331,#3332,#1849,.T.);
#4219=EDGE_CURVE('',#3332,#3330,#431,.T.);
#4220=EDGE_CURVE('',#3333,#3331,#1850,.T.);
#4221=EDGE_CURVE('',#3333,#3334,#1851,.T.);
#4222=EDGE_CURVE('',#3334,#3332,#1852,.T.);
#4223=EDGE_CURVE('',#3335,#3333,#432,.T.);
#4224=EDGE_CURVE('',#3335,#3336,#1853,.T.);
#4225=EDGE_CURVE('',#3336,#3334,#433,.T.);
#4226=EDGE_CURVE('',#3337,#3335,#434,.T.);
#4227=EDGE_CURVE('',#3337,#3338,#1854,.T.);
#4228=EDGE_CURVE('',#3338,#3336,#435,.T.);
#4229=EDGE_CURVE('',#3339,#3337,#436,.T.);
#4230=EDGE_CURVE('',#3339,#3340,#1855,.T.);
#4231=EDGE_CURVE('',#3340,#3338,#437,.T.);
#4232=EDGE_CURVE('',#3341,#3339,#438,.T.);
#4233=EDGE_CURVE('',#3341,#3342,#1856,.T.);
#4234=EDGE_CURVE('',#3342,#3340,#439,.T.);
#4235=EDGE_CURVE('',#3343,#3341,#440,.T.);
#4236=EDGE_CURVE('',#3343,#3344,#1857,.T.);
#4237=EDGE_CURVE('',#3344,#3342,#441,.T.);
#4238=EDGE_CURVE('',#3345,#3343,#442,.T.);
#4239=EDGE_CURVE('',#3345,#3346,#1858,.T.);
#4240=EDGE_CURVE('',#3346,#3344,#443,.T.);
#4241=EDGE_CURVE('',#3347,#3345,#444,.T.);
#4242=EDGE_CURVE('',#3347,#3348,#1859,.T.);
#4243=EDGE_CURVE('',#3348,#3346,#445,.T.);
#4244=EDGE_CURVE('',#3349,#3347,#446,.T.);
#4245=EDGE_CURVE('',#3349,#3350,#1860,.T.);
#4246=EDGE_CURVE('',#3350,#3348,#447,.T.);
#4247=EDGE_CURVE('',#3351,#3349,#448,.T.);
#4248=EDGE_CURVE('',#3351,#3352,#1861,.T.);
#4249=EDGE_CURVE('',#3352,#3350,#449,.T.);
#4250=EDGE_CURVE('',#3353,#3351,#450,.T.);
#4251=EDGE_CURVE('',#3353,#3354,#1862,.T.);
#4252=EDGE_CURVE('',#3354,#3352,#451,.T.);
#4253=EDGE_CURVE('',#3355,#3353,#452,.T.);
#4254=EDGE_CURVE('',#3355,#3356,#1863,.T.);
#4255=EDGE_CURVE('',#3356,#3354,#453,.T.);
#4256=EDGE_CURVE('',#3357,#3355,#454,.T.);
#4257=EDGE_CURVE('',#3357,#3358,#1864,.T.);
#4258=EDGE_CURVE('',#3358,#3356,#455,.T.);
#4259=EDGE_CURVE('',#3359,#3357,#456,.T.);
#4260=EDGE_CURVE('',#3359,#3360,#1865,.T.);
#4261=EDGE_CURVE('',#3360,#3358,#457,.T.);
#4262=EDGE_CURVE('',#3361,#3359,#458,.T.);
#4263=EDGE_CURVE('',#3361,#3362,#1866,.T.);
#4264=EDGE_CURVE('',#3362,#3360,#459,.T.);
#4265=EDGE_CURVE('',#3310,#3361,#460,.T.);
#4266=EDGE_CURVE('',#3312,#3362,#461,.T.);
#4267=EDGE_CURVE('',#3363,#3364,#462,.T.);
#4268=EDGE_CURVE('',#3363,#3365,#1867,.T.);
#4269=EDGE_CURVE('',#3365,#3366,#463,.T.);
#4270=EDGE_CURVE('',#3364,#3366,#1868,.T.);
#4271=EDGE_CURVE('',#3367,#3363,#464,.T.);
#4272=EDGE_CURVE('',#3367,#3368,#1869,.T.);
#4273=EDGE_CURVE('',#3368,#3365,#465,.T.);
#4274=EDGE_CURVE('',#3369,#3367,#466,.T.);
#4275=EDGE_CURVE('',#3369,#3370,#1870,.T.);
#4276=EDGE_CURVE('',#3370,#3368,#467,.T.);
#4277=EDGE_CURVE('',#3371,#3369,#1871,.T.);
#4278=EDGE_CURVE('',#3371,#3372,#1872,.T.);
#4279=EDGE_CURVE('',#3372,#3370,#1873,.T.);
#4280=EDGE_CURVE('',#3373,#3371,#1874,.T.);
#4281=EDGE_CURVE('',#3373,#3374,#1875,.T.);
#4282=EDGE_CURVE('',#3374,#3372,#1876,.T.);
#4283=EDGE_CURVE('',#3375,#3373,#1877,.T.);
#4284=EDGE_CURVE('',#3375,#3376,#1878,.T.);
#4285=EDGE_CURVE('',#3376,#3374,#1879,.T.);
#4286=EDGE_CURVE('',#3377,#3375,#1880,.T.);
#4287=EDGE_CURVE('',#3377,#3378,#1881,.T.);
#4288=EDGE_CURVE('',#3378,#3376,#1882,.T.);
#4289=EDGE_CURVE('',#3379,#3377,#1883,.T.);
#4290=EDGE_CURVE('',#3379,#3380,#1884,.T.);
#4291=EDGE_CURVE('',#3380,#3378,#1885,.T.);
#4292=EDGE_CURVE('',#3381,#3379,#1886,.T.);
#4293=EDGE_CURVE('',#3381,#3382,#1887,.T.);
#4294=EDGE_CURVE('',#3382,#3380,#1888,.T.);
#4295=EDGE_CURVE('',#3383,#3381,#1889,.T.);
#4296=EDGE_CURVE('',#3383,#3384,#1890,.T.);
#4297=EDGE_CURVE('',#3384,#3382,#1891,.T.);
#4298=EDGE_CURVE('',#3385,#3383,#1892,.T.);
#4299=EDGE_CURVE('',#3385,#3386,#1893,.T.);
#4300=EDGE_CURVE('',#3386,#3384,#1894,.T.);
#4301=EDGE_CURVE('',#3387,#3385,#1895,.T.);
#4302=EDGE_CURVE('',#3387,#3388,#1896,.T.);
#4303=EDGE_CURVE('',#3388,#3386,#1897,.T.);
#4304=EDGE_CURVE('',#3389,#3387,#1898,.T.);
#4305=EDGE_CURVE('',#3389,#3390,#1899,.T.);
#4306=EDGE_CURVE('',#3390,#3388,#1900,.T.);
#4307=EDGE_CURVE('',#3391,#3389,#1901,.T.);
#4308=EDGE_CURVE('',#3391,#3392,#1902,.T.);
#4309=EDGE_CURVE('',#3392,#3390,#1903,.T.);
#4310=EDGE_CURVE('',#3393,#3391,#468,.T.);
#4311=EDGE_CURVE('',#3393,#3394,#1904,.T.);
#4312=EDGE_CURVE('',#3394,#3392,#469,.T.);
#4313=EDGE_CURVE('',#3395,#3393,#470,.T.);
#4314=EDGE_CURVE('',#3395,#3396,#1905,.T.);
#4315=EDGE_CURVE('',#3396,#3394,#471,.T.);
#4316=EDGE_CURVE('',#3397,#3395,#472,.T.);
#4317=EDGE_CURVE('',#3397,#3398,#1906,.T.);
#4318=EDGE_CURVE('',#3398,#3396,#473,.T.);
#4319=EDGE_CURVE('',#3399,#3397,#474,.T.);
#4320=EDGE_CURVE('',#3399,#3400,#1907,.T.);
#4321=EDGE_CURVE('',#3400,#3398,#475,.T.);
#4322=EDGE_CURVE('',#3401,#3399,#1908,.T.);
#4323=EDGE_CURVE('',#3401,#3402,#1909,.T.);
#4324=EDGE_CURVE('',#3402,#3400,#1910,.T.);
#4325=EDGE_CURVE('',#3364,#3401,#476,.T.);
#4326=EDGE_CURVE('',#3366,#3402,#477,.T.);
#4327=EDGE_CURVE('',#3403,#3404,#1911,.T.);
#4328=EDGE_CURVE('',#3403,#3405,#1912,.T.);
#4329=EDGE_CURVE('',#3405,#3406,#1913,.T.);
#4330=EDGE_CURVE('',#3404,#3406,#1914,.T.);
#4331=EDGE_CURVE('',#3407,#3403,#1915,.T.);
#4332=EDGE_CURVE('',#3407,#3408,#1916,.T.);
#4333=EDGE_CURVE('',#3408,#3405,#1917,.T.);
#4334=EDGE_CURVE('',#3409,#3407,#1918,.T.);
#4335=EDGE_CURVE('',#3409,#3410,#1919,.T.);
#4336=EDGE_CURVE('',#3410,#3408,#1920,.T.);
#4337=EDGE_CURVE('',#3404,#3409,#1921,.T.);
#4338=EDGE_CURVE('',#3406,#3410,#1922,.T.);
#4339=EDGE_CURVE('',#3411,#3412,#1923,.T.);
#4340=EDGE_CURVE('',#3411,#3413,#1924,.T.);
#4341=EDGE_CURVE('',#3413,#3414,#1925,.T.);
#4342=EDGE_CURVE('',#3412,#3414,#1926,.T.);
#4343=EDGE_CURVE('',#3415,#3411,#1927,.T.);
#4344=EDGE_CURVE('',#3415,#3416,#1928,.T.);
#4345=EDGE_CURVE('',#3416,#3413,#1929,.T.);
#4346=EDGE_CURVE('',#3417,#3415,#1930,.T.);
#4347=EDGE_CURVE('',#3417,#3418,#1931,.T.);
#4348=EDGE_CURVE('',#3418,#3416,#1932,.T.);
#4349=EDGE_CURVE('',#3412,#3417,#1933,.T.);
#4350=EDGE_CURVE('',#3414,#3418,#1934,.T.);
#4351=EDGE_CURVE('',#3419,#3420,#478,.T.);
#4352=EDGE_CURVE('',#3419,#3421,#1935,.T.);
#4353=EDGE_CURVE('',#3421,#3422,#479,.T.);
#4354=EDGE_CURVE('',#3420,#3422,#1936,.T.);
#4355=EDGE_CURVE('',#3423,#3419,#480,.T.);
#4356=EDGE_CURVE('',#3423,#3424,#1937,.T.);
#4357=EDGE_CURVE('',#3424,#3421,#481,.T.);
#4358=EDGE_CURVE('',#3425,#3423,#482,.T.);
#4359=EDGE_CURVE('',#3425,#3426,#1938,.T.);
#4360=EDGE_CURVE('',#3426,#3424,#483,.T.);
#4361=EDGE_CURVE('',#3427,#3425,#1939,.T.);
#4362=EDGE_CURVE('',#3427,#3428,#1940,.T.);
#4363=EDGE_CURVE('',#3428,#3426,#1941,.T.);
#4364=EDGE_CURVE('',#3420,#3427,#484,.T.);
#4365=EDGE_CURVE('',#3422,#3428,#485,.T.);
#4366=EDGE_CURVE('',#3429,#3430,#486,.T.);
#4367=EDGE_CURVE('',#3429,#3431,#1942,.T.);
#4368=EDGE_CURVE('',#3431,#3432,#487,.T.);
#4369=EDGE_CURVE('',#3430,#3432,#1943,.T.);
#4370=EDGE_CURVE('',#3433,#3429,#488,.T.);
#4371=EDGE_CURVE('',#3433,#3434,#1944,.T.);
#4372=EDGE_CURVE('',#3434,#3431,#489,.T.);
#4373=EDGE_CURVE('',#3435,#3433,#490,.T.);
#4374=EDGE_CURVE('',#3435,#3436,#1945,.T.);
#4375=EDGE_CURVE('',#3436,#3434,#491,.T.);
#4376=EDGE_CURVE('',#3437,#3435,#1946,.T.);
#4377=EDGE_CURVE('',#3437,#3438,#1947,.T.);
#4378=EDGE_CURVE('',#3438,#3436,#1948,.T.);
#4379=EDGE_CURVE('',#3439,#3437,#492,.T.);
#4380=EDGE_CURVE('',#3439,#3440,#1949,.T.);
#4381=EDGE_CURVE('',#3440,#3438,#493,.T.);
#4382=EDGE_CURVE('',#3441,#3439,#494,.T.);
#4383=EDGE_CURVE('',#3441,#3442,#1950,.T.);
#4384=EDGE_CURVE('',#3442,#3440,#495,.T.);
#4385=EDGE_CURVE('',#3443,#3441,#496,.T.);
#4386=EDGE_CURVE('',#3443,#3444,#1951,.T.);
#4387=EDGE_CURVE('',#3444,#3442,#497,.T.);
#4388=EDGE_CURVE('',#3445,#3443,#498,.T.);
#4389=EDGE_CURVE('',#3445,#3446,#1952,.T.);
#4390=EDGE_CURVE('',#3446,#3444,#499,.T.);
#4391=EDGE_CURVE('',#3447,#3445,#500,.T.);
#4392=EDGE_CURVE('',#3447,#3448,#1953,.T.);
#4393=EDGE_CURVE('',#3448,#3446,#501,.T.);
#4394=EDGE_CURVE('',#3449,#3447,#502,.T.);
#4395=EDGE_CURVE('',#3449,#3450,#1954,.T.);
#4396=EDGE_CURVE('',#3450,#3448,#503,.T.);
#4397=EDGE_CURVE('',#3451,#3449,#504,.T.);
#4398=EDGE_CURVE('',#3451,#3452,#1955,.T.);
#4399=EDGE_CURVE('',#3452,#3450,#505,.T.);
#4400=EDGE_CURVE('',#3453,#3451,#506,.T.);
#4401=EDGE_CURVE('',#3453,#3454,#1956,.T.);
#4402=EDGE_CURVE('',#3454,#3452,#507,.T.);
#4403=EDGE_CURVE('',#3455,#3453,#508,.T.);
#4404=EDGE_CURVE('',#3455,#3456,#1957,.T.);
#4405=EDGE_CURVE('',#3456,#3454,#509,.T.);
#4406=EDGE_CURVE('',#3457,#3455,#1958,.T.);
#4407=EDGE_CURVE('',#3457,#3458,#1959,.T.);
#4408=EDGE_CURVE('',#3458,#3456,#1960,.T.);
#4409=EDGE_CURVE('',#3430,#3457,#510,.T.);
#4410=EDGE_CURVE('',#3432,#3458,#511,.T.);
#4411=EDGE_CURVE('',#3459,#3460,#512,.T.);
#4412=EDGE_CURVE('',#3459,#3461,#1961,.T.);
#4413=EDGE_CURVE('',#3461,#3462,#513,.T.);
#4414=EDGE_CURVE('',#3460,#3462,#1962,.T.);
#4415=EDGE_CURVE('',#3463,#3459,#514,.T.);
#4416=EDGE_CURVE('',#3463,#3464,#1963,.T.);
#4417=EDGE_CURVE('',#3464,#3461,#515,.T.);
#4418=EDGE_CURVE('',#3465,#3463,#516,.T.);
#4419=EDGE_CURVE('',#3465,#3466,#1964,.T.);
#4420=EDGE_CURVE('',#3466,#3464,#517,.T.);
#4421=EDGE_CURVE('',#3467,#3465,#518,.T.);
#4422=EDGE_CURVE('',#3467,#3468,#1965,.T.);
#4423=EDGE_CURVE('',#3468,#3466,#519,.T.);
#4424=EDGE_CURVE('',#3469,#3467,#520,.T.);
#4425=EDGE_CURVE('',#3469,#3470,#1966,.T.);
#4426=EDGE_CURVE('',#3470,#3468,#521,.T.);
#4427=EDGE_CURVE('',#3471,#3469,#522,.T.);
#4428=EDGE_CURVE('',#3471,#3472,#1967,.T.);
#4429=EDGE_CURVE('',#3472,#3470,#523,.T.);
#4430=EDGE_CURVE('',#3473,#3471,#524,.T.);
#4431=EDGE_CURVE('',#3473,#3474,#1968,.T.);
#4432=EDGE_CURVE('',#3474,#3472,#525,.T.);
#4433=EDGE_CURVE('',#3460,#3473,#526,.T.);
#4434=EDGE_CURVE('',#3462,#3474,#527,.T.);
#4435=EDGE_CURVE('',#3475,#3476,#1969,.T.);
#4436=EDGE_CURVE('',#3475,#3477,#1970,.T.);
#4437=EDGE_CURVE('',#3477,#3478,#1971,.T.);
#4438=EDGE_CURVE('',#3476,#3478,#1972,.T.);
#4439=EDGE_CURVE('',#3479,#3475,#1973,.T.);
#4440=EDGE_CURVE('',#3479,#3480,#1974,.T.);
#4441=EDGE_CURVE('',#3480,#3477,#1975,.T.);
#4442=EDGE_CURVE('',#3481,#3479,#1976,.T.);
#4443=EDGE_CURVE('',#3481,#3482,#1977,.T.);
#4444=EDGE_CURVE('',#3482,#3480,#1978,.T.);
#4445=EDGE_CURVE('',#3483,#3481,#528,.T.);
#4446=EDGE_CURVE('',#3483,#3484,#1979,.T.);
#4447=EDGE_CURVE('',#3484,#3482,#529,.T.);
#4448=EDGE_CURVE('',#3485,#3483,#530,.T.);
#4449=EDGE_CURVE('',#3485,#3486,#1980,.T.);
#4450=EDGE_CURVE('',#3486,#3484,#531,.T.);
#4451=EDGE_CURVE('',#3487,#3485,#532,.T.);
#4452=EDGE_CURVE('',#3487,#3488,#1981,.T.);
#4453=EDGE_CURVE('',#3488,#3486,#533,.T.);
#4454=EDGE_CURVE('',#3489,#3487,#534,.T.);
#4455=EDGE_CURVE('',#3489,#3490,#1982,.T.);
#4456=EDGE_CURVE('',#3490,#3488,#535,.T.);
#4457=EDGE_CURVE('',#3491,#3489,#536,.T.);
#4458=EDGE_CURVE('',#3491,#3492,#1983,.T.);
#4459=EDGE_CURVE('',#3492,#3490,#537,.T.);
#4460=EDGE_CURVE('',#3493,#3491,#538,.T.);
#4461=EDGE_CURVE('',#3493,#3494,#1984,.T.);
#4462=EDGE_CURVE('',#3494,#3492,#539,.T.);
#4463=EDGE_CURVE('',#3495,#3493,#540,.T.);
#4464=EDGE_CURVE('',#3495,#3496,#1985,.T.);
#4465=EDGE_CURVE('',#3496,#3494,#541,.T.);
#4466=EDGE_CURVE('',#3497,#3495,#542,.T.);
#4467=EDGE_CURVE('',#3497,#3498,#1986,.T.);
#4468=EDGE_CURVE('',#3498,#3496,#543,.T.);
#4469=EDGE_CURVE('',#3499,#3497,#544,.T.);
#4470=EDGE_CURVE('',#3499,#3500,#1987,.T.);
#4471=EDGE_CURVE('',#3500,#3498,#545,.T.);
#4472=EDGE_CURVE('',#3501,#3499,#1988,.T.);
#4473=EDGE_CURVE('',#3501,#3502,#1989,.T.);
#4474=EDGE_CURVE('',#3502,#3500,#1990,.T.);
#4475=EDGE_CURVE('',#3476,#3501,#1991,.T.);
#4476=EDGE_CURVE('',#3478,#3502,#1992,.T.);
#4477=EDGE_CURVE('',#3503,#3504,#1993,.T.);
#4478=EDGE_CURVE('',#3503,#3505,#1994,.T.);
#4479=EDGE_CURVE('',#3505,#3506,#1995,.T.);
#4480=EDGE_CURVE('',#3504,#3506,#1996,.T.);
#4481=EDGE_CURVE('',#3507,#3503,#1997,.T.);
#4482=EDGE_CURVE('',#3507,#3508,#1998,.T.);
#4483=EDGE_CURVE('',#3508,#3505,#1999,.T.);
#4484=EDGE_CURVE('',#3509,#3507,#2000,.T.);
#4485=EDGE_CURVE('',#3509,#3510,#2001,.T.);
#4486=EDGE_CURVE('',#3510,#3508,#2002,.T.);
#4487=EDGE_CURVE('',#3504,#3509,#2003,.T.);
#4488=EDGE_CURVE('',#3506,#3510,#2004,.T.);
#4489=EDGE_CURVE('',#3511,#3512,#546,.T.);
#4490=EDGE_CURVE('',#3511,#3513,#2005,.T.);
#4491=EDGE_CURVE('',#3513,#3514,#547,.T.);
#4492=EDGE_CURVE('',#3512,#3514,#2006,.T.);
#4493=EDGE_CURVE('',#3515,#3511,#548,.T.);
#4494=EDGE_CURVE('',#3515,#3516,#2007,.T.);
#4495=EDGE_CURVE('',#3516,#3513,#549,.T.);
#4496=EDGE_CURVE('',#3517,#3515,#550,.T.);
#4497=EDGE_CURVE('',#3517,#3518,#2008,.T.);
#4498=EDGE_CURVE('',#3518,#3516,#551,.T.);
#4499=EDGE_CURVE('',#3519,#3517,#552,.T.);
#4500=EDGE_CURVE('',#3519,#3520,#2009,.T.);
#4501=EDGE_CURVE('',#3520,#3518,#553,.T.);
#4502=EDGE_CURVE('',#3521,#3519,#554,.T.);
#4503=EDGE_CURVE('',#3521,#3522,#2010,.T.);
#4504=EDGE_CURVE('',#3522,#3520,#555,.T.);
#4505=EDGE_CURVE('',#3523,#3521,#556,.T.);
#4506=EDGE_CURVE('',#3523,#3524,#2011,.T.);
#4507=EDGE_CURVE('',#3524,#3522,#557,.T.);
#4508=EDGE_CURVE('',#3525,#3523,#558,.T.);
#4509=EDGE_CURVE('',#3525,#3526,#2012,.T.);
#4510=EDGE_CURVE('',#3526,#3524,#559,.T.);
#4511=EDGE_CURVE('',#3527,#3525,#560,.T.);
#4512=EDGE_CURVE('',#3527,#3528,#2013,.T.);
#4513=EDGE_CURVE('',#3528,#3526,#561,.T.);
#4514=EDGE_CURVE('',#3529,#3527,#562,.T.);
#4515=EDGE_CURVE('',#3529,#3530,#2014,.T.);
#4516=EDGE_CURVE('',#3530,#3528,#563,.T.);
#4517=EDGE_CURVE('',#3531,#3529,#2015,.T.);
#4518=EDGE_CURVE('',#3531,#3532,#2016,.T.);
#4519=EDGE_CURVE('',#3532,#3530,#2017,.T.);
#4520=EDGE_CURVE('',#3533,#3531,#564,.T.);
#4521=EDGE_CURVE('',#3533,#3534,#2018,.T.);
#4522=EDGE_CURVE('',#3534,#3532,#565,.T.);
#4523=EDGE_CURVE('',#3535,#3533,#566,.T.);
#4524=EDGE_CURVE('',#3535,#3536,#2019,.T.);
#4525=EDGE_CURVE('',#3536,#3534,#567,.T.);
#4526=EDGE_CURVE('',#3537,#3535,#568,.T.);
#4527=EDGE_CURVE('',#3537,#3538,#2020,.T.);
#4528=EDGE_CURVE('',#3538,#3536,#569,.T.);
#4529=EDGE_CURVE('',#3539,#3537,#570,.T.);
#4530=EDGE_CURVE('',#3539,#3540,#2021,.T.);
#4531=EDGE_CURVE('',#3540,#3538,#571,.T.);
#4532=EDGE_CURVE('',#3541,#3539,#572,.T.);
#4533=EDGE_CURVE('',#3541,#3542,#2022,.T.);
#4534=EDGE_CURVE('',#3542,#3540,#573,.T.);
#4535=EDGE_CURVE('',#3543,#3541,#574,.T.);
#4536=EDGE_CURVE('',#3543,#3544,#2023,.T.);
#4537=EDGE_CURVE('',#3544,#3542,#575,.T.);
#4538=EDGE_CURVE('',#3545,#3543,#576,.T.);
#4539=EDGE_CURVE('',#3545,#3546,#2024,.T.);
#4540=EDGE_CURVE('',#3546,#3544,#577,.T.);
#4541=EDGE_CURVE('',#3547,#3545,#578,.T.);
#4542=EDGE_CURVE('',#3547,#3548,#2025,.T.);
#4543=EDGE_CURVE('',#3548,#3546,#579,.T.);
#4544=EDGE_CURVE('',#3549,#3547,#580,.T.);
#4545=EDGE_CURVE('',#3549,#3550,#2026,.T.);
#4546=EDGE_CURVE('',#3550,#3548,#581,.T.);
#4547=EDGE_CURVE('',#3551,#3549,#582,.T.);
#4548=EDGE_CURVE('',#3551,#3552,#2027,.T.);
#4549=EDGE_CURVE('',#3552,#3550,#583,.T.);
#4550=EDGE_CURVE('',#3553,#3551,#2028,.T.);
#4551=EDGE_CURVE('',#3553,#3554,#2029,.T.);
#4552=EDGE_CURVE('',#3554,#3552,#2030,.T.);
#4553=EDGE_CURVE('',#3512,#3553,#584,.T.);
#4554=EDGE_CURVE('',#3514,#3554,#585,.T.);
#4555=EDGE_CURVE('',#3555,#3556,#38,.T.);
#4556=EDGE_CURVE('',#3556,#3557,#2031,.T.);
#4557=EDGE_CURVE('',#3557,#3558,#39,.T.);
#4558=EDGE_CURVE('',#3558,#3555,#2032,.T.);
#4559=EDGE_CURVE('',#3556,#3559,#2033,.T.);
#4560=EDGE_CURVE('',#3559,#3560,#2034,.T.);
#4561=EDGE_CURVE('',#3557,#3560,#2035,.T.);
#4562=EDGE_CURVE('',#3561,#3562,#2036,.T.);
#4563=EDGE_CURVE('',#3561,#3563,#2037,.T.);
#4564=EDGE_CURVE('',#3564,#3563,#2038,.T.);
#4565=EDGE_CURVE('',#3562,#3564,#2039,.T.);
#4566=EDGE_CURVE('',#3565,#3566,#2040,.T.);
#4567=EDGE_CURVE('',#3567,#3565,#2041,.T.);
#4568=EDGE_CURVE('',#3568,#3567,#2042,.T.);
#4569=EDGE_CURVE('',#3568,#3566,#2043,.T.);
#4570=EDGE_CURVE('',#3569,#3566,#2044,.T.);
#4571=EDGE_CURVE('',#3569,#3570,#2045,.T.);
#4572=EDGE_CURVE('',#3565,#3570,#2046,.T.);
#4573=EDGE_CURVE('',#3571,#3555,#2047,.T.);
#4574=EDGE_CURVE('',#3571,#3572,#36,.T.);
#4575=EDGE_CURVE('',#3559,#3572,#40,.T.);
#4576=EDGE_CURVE('',#3561,#3573,#2048,.T.);
#4577=EDGE_CURVE('',#3573,#3574,#41,.T.);
#4578=EDGE_CURVE('',#3574,#3575,#586,.T.);
#4579=EDGE_CURVE('',#3575,#3563,#2049,.T.);
#4580=EDGE_CURVE('',#3568,#3576,#2050,.T.);
#4581=EDGE_CURVE('',#3569,#3576,#2051,.T.);
#4582=EDGE_CURVE('',#3577,#3578,#2052,.T.);
#4583=EDGE_CURVE('',#3577,#3579,#2053,.T.);
#4584=EDGE_CURVE('',#3580,#3579,#2054,.T.);
#4585=EDGE_CURVE('',#3580,#3578,#2055,.T.);
#4586=EDGE_CURVE('',#3581,#3582,#2056,.T.);
#4587=EDGE_CURVE('',#3581,#3583,#2057,.T.);
#4588=EDGE_CURVE('',#3583,#3582,#2058,.T.);
#4589=EDGE_CURVE('',#3584,#3567,#2059,.T.);
#4590=EDGE_CURVE('',#3584,#3576,#2060,.T.);
#4591=EDGE_CURVE('',#3570,#3584,#2061,.T.);
#4592=EDGE_CURVE('',#3585,#3578,#2062,.T.);
#4593=EDGE_CURVE('',#3586,#3585,#2063,.T.);
#4594=EDGE_CURVE('',#3577,#3586,#2064,.T.);
#4595=EDGE_CURVE('',#3587,#3562,#2065,.T.);
#4596=EDGE_CURVE('',#3573,#3587,#2066,.T.);
#4597=EDGE_CURVE('',#3580,#3588,#2067,.T.);
#4598=EDGE_CURVE('',#3585,#3588,#2068,.T.);
#4599=EDGE_CURVE('',#3560,#3589,#42,.T.);
#4600=EDGE_CURVE('',#3589,#3590,#37,.T.);
#4601=EDGE_CURVE('',#3558,#3590,#2069,.T.);
#4602=EDGE_CURVE('',#3588,#3591,#2070,.T.);
#4603=EDGE_CURVE('',#3591,#3586,#2071,.T.);
#4604=EDGE_CURVE('',#3592,#3593,#2072,.T.);
#4605=EDGE_CURVE('',#3593,#3594,#2073,.T.);
#4606=EDGE_CURVE('',#3594,#3592,#2074,.T.);
#4607=EDGE_CURVE('',#3564,#3595,#2075,.T.);
#4608=EDGE_CURVE('',#3595,#3596,#587,.T.);
#4609=EDGE_CURVE('',#3596,#3587,#43,.T.);
#4610=EDGE_CURVE('',#3591,#3579,#2076,.T.);
#4611=EDGE_CURVE('',#3575,#3595,#588,.T.);
#4612=EDGE_CURVE('',#3592,#3582,#2077,.T.);
#4613=EDGE_CURVE('',#3581,#3594,#2078,.T.);
#4614=EDGE_CURVE('',#3583,#3593,#2079,.F.);
#4615=EDGE_CURVE('',#3574,#3596,#2080,.T.);
#4616=EDGE_CURVE('',#3590,#3571,#2081,.T.);
#4617=EDGE_CURVE('',#3572,#3589,#2082,.T.);
#4618=EDGE_CURVE('',#3597,#3598,#2083,.T.);
#4619=EDGE_CURVE('',#3598,#3599,#2084,.T.);
#4620=EDGE_CURVE('',#3599,#3600,#2085,.T.);
#4621=EDGE_CURVE('',#3597,#3600,#2086,.T.);
#4622=EDGE_CURVE('',#3598,#3601,#2087,.T.);
#4623=EDGE_CURVE('',#3601,#3602,#2088,.T.);
#4624=EDGE_CURVE('',#3602,#3599,#2089,.T.);
#4625=EDGE_CURVE('',#3601,#3603,#2090,.T.);
#4626=EDGE_CURVE('',#3603,#3604,#2091,.T.);
#4627=EDGE_CURVE('',#3604,#3602,#2092,.T.);
#4628=EDGE_CURVE('',#3603,#3605,#2093,.T.);
#4629=EDGE_CURVE('',#3605,#3606,#2094,.T.);
#4630=EDGE_CURVE('',#3606,#3604,#2095,.T.);
#4631=EDGE_CURVE('',#3605,#3607,#2096,.T.);
#4632=EDGE_CURVE('',#3607,#3608,#2097,.T.);
#4633=EDGE_CURVE('',#3608,#3606,#2098,.T.);
#4634=EDGE_CURVE('',#3609,#3608,#2099,.T.);
#4635=EDGE_CURVE('',#3607,#3610,#2100,.T.);
#4636=EDGE_CURVE('',#3610,#3609,#2101,.T.);
#4637=EDGE_CURVE('',#3611,#3609,#2102,.T.);
#4638=EDGE_CURVE('',#3610,#3612,#2103,.T.);
#4639=EDGE_CURVE('',#3612,#3611,#2104,.T.);
#4640=EDGE_CURVE('',#3600,#3611,#2105,.T.);
#4641=EDGE_CURVE('',#3612,#3597,#2106,.T.);
#4642=EDGE_CURVE('',#3609,#3613,#2107,.T.);
#4643=EDGE_CURVE('',#3613,#3614,#2108,.T.);
#4644=EDGE_CURVE('',#3614,#3608,#2109,.T.);
#4645=EDGE_CURVE('',#3615,#3611,#2110,.T.);
#4646=EDGE_CURVE('',#3613,#3615,#2111,.T.);
#4647=EDGE_CURVE('',#3600,#3616,#2112,.T.);
#4648=EDGE_CURVE('',#3616,#3615,#2113,.T.);
#4649=EDGE_CURVE('',#3617,#3599,#2114,.T.);
#4650=EDGE_CURVE('',#3618,#3617,#2115,.T.);
#4651=EDGE_CURVE('',#3616,#3618,#2116,.T.);
#4652=EDGE_CURVE('',#3619,#3620,#2117,.T.);
#4653=EDGE_CURVE('',#3621,#3619,#2118,.T.);
#4654=EDGE_CURVE('',#3621,#3622,#2119,.T.);
#4655=EDGE_CURVE('',#3620,#3622,#2120,.T.);
#4656=EDGE_CURVE('',#3606,#3623,#2121,.T.);
#4657=EDGE_CURVE('',#3623,#3624,#2122,.T.);
#4658=EDGE_CURVE('',#3624,#3604,#2123,.T.);
#4659=EDGE_CURVE('',#3625,#3614,#2124,.T.);
#4660=EDGE_CURVE('',#3623,#3625,#2125,.T.);
#4661=EDGE_CURVE('',#3602,#3626,#2126,.T.);
#4662=EDGE_CURVE('',#3626,#3617,#2127,.T.);
#4663=EDGE_CURVE('',#3626,#3624,#2128,.T.);
#4664=EDGE_CURVE('',#3618,#3627,#2129,.T.);
#4665=EDGE_CURVE('',#3627,#3628,#2130,.T.);
#4666=EDGE_CURVE('',#3628,#3629,#2131,.T.);
#4667=EDGE_CURVE('',#3629,#3630,#2132,.T.);
#4668=EDGE_CURVE('',#3630,#3625,#2133,.T.);
#4669=EDGE_CURVE('',#3631,#3632,#2134,.T.);
#4670=EDGE_CURVE('',#3632,#3633,#44,.T.);
#4671=EDGE_CURVE('',#3633,#3634,#2135,.T.);
#4672=EDGE_CURVE('',#3634,#3631,#23,.T.);
#4673=EDGE_CURVE('',#3635,#3636,#2136,.T.);
#4674=EDGE_CURVE('',#3636,#3637,#45,.T.);
#4675=EDGE_CURVE('',#3637,#3638,#2137,.T.);
#4676=EDGE_CURVE('',#3638,#3635,#24,.T.);
#4677=EDGE_CURVE('',#3638,#3639,#2138,.T.);
#4678=EDGE_CURVE('',#3639,#3640,#25,.T.);
#4679=EDGE_CURVE('',#3640,#3635,#2139,.T.);
#4680=EDGE_CURVE('',#3639,#3641,#2140,.T.);
#4681=EDGE_CURVE('',#3641,#3642,#26,.T.);
#4682=EDGE_CURVE('',#3642,#3640,#2141,.T.);
#4683=EDGE_CURVE('',#3643,#3642,#2142,.T.);
#4684=EDGE_CURVE('',#3641,#3644,#2143,.T.);
#4685=EDGE_CURVE('',#3644,#3643,#27,.T.);
#4686=EDGE_CURVE('',#3645,#3643,#2144,.T.);
#4687=EDGE_CURVE('',#3644,#3646,#2145,.T.);
#4688=EDGE_CURVE('',#3646,#3645,#28,.T.);
#4689=EDGE_CURVE('',#3619,#3647,#46,.T.);
#4690=EDGE_CURVE('',#3647,#3637,#47,.T.);
#4691=EDGE_CURVE('',#3636,#3619,#48,.T.);
#4692=EDGE_CURVE('',#3648,#3647,#2146,.T.);
#4693=EDGE_CURVE('',#3620,#3648,#29,.T.);
#4694=EDGE_CURVE('',#3649,#3645,#2147,.T.);
#4695=EDGE_CURVE('',#3646,#3650,#2148,.T.);
#4696=EDGE_CURVE('',#3650,#3649,#30,.T.);
#4697=EDGE_CURVE('',#3634,#3648,#2149,.T.);
#4698=EDGE_CURVE('',#3620,#3631,#2150,.T.);
#4699=EDGE_CURVE('',#3651,#3590,#2151,.T.);
#4700=EDGE_CURVE('',#3571,#3649,#2152,.T.);
#4701=EDGE_CURVE('',#3650,#3652,#2153,.T.);
#4702=EDGE_CURVE('',#3652,#3651,#31,.T.);
#4703=EDGE_CURVE('',#3653,#3654,#49,.T.);
#4704=EDGE_CURVE('',#3654,#3633,#50,.T.);
#4705=EDGE_CURVE('',#3632,#3653,#51,.T.);
#4706=EDGE_CURVE('',#3655,#3654,#2154,.T.);
#4707=EDGE_CURVE('',#3653,#3656,#2155,.T.);
#4708=EDGE_CURVE('',#3655,#3656,#32,.T.);
#4709=EDGE_CURVE('',#3656,#3651,#2156,.T.);
#4710=EDGE_CURVE('',#3652,#3655,#2157,.T.);
#4711=EDGE_CURVE('',#3632,#3657,#2158,.T.);
#4712=EDGE_CURVE('',#3657,#3658,#52,.T.);
#4713=EDGE_CURVE('',#3658,#3653,#2159,.T.);
#4714=EDGE_CURVE('',#3659,#3631,#2160,.T.);
#4715=EDGE_CURVE('',#3657,#3659,#2161,.T.);
#4716=EDGE_CURVE('',#3660,#3660,#53,.T.);
#4717=EDGE_CURVE('',#3622,#3659,#2162,.T.);
#4718=EDGE_CURVE('',#3661,#3662,#2163,.T.);
#4719=EDGE_CURVE('',#3662,#3663,#54,.T.);
#4720=EDGE_CURVE('',#3663,#3664,#2164,.T.);
#4721=EDGE_CURVE('',#3664,#3661,#55,.T.);
#4722=EDGE_CURVE('',#3665,#3666,#2165,.T.);
#4723=EDGE_CURVE('',#3666,#3667,#56,.T.);
#4724=EDGE_CURVE('',#3667,#3668,#2166,.T.);
#4725=EDGE_CURVE('',#3668,#3665,#57,.T.);
#4726=EDGE_CURVE('',#3669,#3670,#2167,.T.);
#4727=EDGE_CURVE('',#3670,#3671,#58,.T.);
#4728=EDGE_CURVE('',#3671,#3672,#2168,.T.);
#4729=EDGE_CURVE('',#3672,#3669,#59,.T.);
#4730=EDGE_CURVE('',#3673,#3674,#2169,.T.);
#4731=EDGE_CURVE('',#3674,#3675,#60,.T.);
#4732=EDGE_CURVE('',#3675,#3676,#2170,.T.);
#4733=EDGE_CURVE('',#3676,#3673,#61,.T.);
#4734=EDGE_CURVE('',#3677,#3678,#2171,.T.);
#4735=EDGE_CURVE('',#3678,#3679,#62,.T.);
#4736=EDGE_CURVE('',#3679,#3680,#2172,.T.);
#4737=EDGE_CURVE('',#3680,#3677,#63,.T.);
#4738=EDGE_CURVE('',#3681,#3682,#2173,.T.);
#4739=EDGE_CURVE('',#3682,#3683,#64,.T.);
#4740=EDGE_CURVE('',#3683,#3684,#2174,.T.);
#4741=EDGE_CURVE('',#3684,#3681,#65,.T.);
#4742=EDGE_CURVE('',#3685,#3686,#2175,.T.);
#4743=EDGE_CURVE('',#3686,#3687,#66,.T.);
#4744=EDGE_CURVE('',#3687,#3688,#2176,.T.);
#4745=EDGE_CURVE('',#3688,#3685,#67,.T.);
#4746=EDGE_CURVE('',#3689,#3690,#2177,.T.);
#4747=EDGE_CURVE('',#3690,#3691,#68,.T.);
#4748=EDGE_CURVE('',#3691,#3692,#2178,.T.);
#4749=EDGE_CURVE('',#3692,#3689,#69,.T.);
#4750=EDGE_CURVE('',#3693,#3694,#2179,.T.);
#4751=EDGE_CURVE('',#3694,#3695,#70,.T.);
#4752=EDGE_CURVE('',#3695,#3696,#2180,.T.);
#4753=EDGE_CURVE('',#3696,#3693,#71,.T.);
#4754=EDGE_CURVE('',#3636,#3697,#2181,.T.);
#4755=EDGE_CURVE('',#3697,#3621,#72,.T.);
#4756=EDGE_CURVE('',#3658,#3698,#2182,.T.);
#4757=EDGE_CURVE('',#3699,#3698,#2183,.T.);
#4758=EDGE_CURVE('',#3699,#3700,#2184,.T.);
#4759=EDGE_CURVE('',#3701,#3700,#73,.T.);
#4760=EDGE_CURVE('',#3702,#3701,#2185,.T.);
#4761=EDGE_CURVE('',#3703,#3702,#74,.T.);
#4762=EDGE_CURVE('',#3704,#3703,#2186,.T.);
#4763=EDGE_CURVE('',#3705,#3704,#75,.T.);
#4764=EDGE_CURVE('',#3706,#3705,#2187,.T.);
#4765=EDGE_CURVE('',#3707,#3706,#76,.T.);
#4766=EDGE_CURVE('',#3707,#3708,#2188,.T.);
#4767=EDGE_CURVE('',#3709,#3708,#2189,.T.);
#4768=EDGE_CURVE('',#3709,#3697,#2190,.T.);
#4769=EDGE_CURVE('',#3710,#3635,#2191,.T.);
#4770=EDGE_CURVE('',#3711,#3710,#2192,.T.);
#4771=EDGE_CURVE('',#3656,#3711,#2193,.T.);
#4772=EDGE_CURVE('',#3711,#3712,#2194,.T.);
#4773=EDGE_CURVE('',#3712,#3651,#2195,.T.);
#4774=EDGE_CURVE('',#3713,#3712,#2196,.T.);
#4775=EDGE_CURVE('',#3649,#3713,#2197,.T.);
#4776=EDGE_CURVE('',#3713,#3714,#2198,.T.);
#4777=EDGE_CURVE('',#3714,#3645,#2199,.T.);
#4778=EDGE_CURVE('',#3643,#3715,#2200,.T.);
#4779=EDGE_CURVE('',#3715,#3716,#2201,.T.);
#4780=EDGE_CURVE('',#3716,#3642,#2202,.T.);
#4781=EDGE_CURVE('',#3717,#3716,#2203,.T.);
#4782=EDGE_CURVE('',#3640,#3717,#2204,.T.);
#4783=EDGE_CURVE('',#3717,#3710,#2205,.T.);
#4784=EDGE_CURVE('',#3715,#3714,#2206,.T.);
#4785=EDGE_CURVE('',#3718,#3718,#77,.T.);
#4786=EDGE_CURVE('',#3719,#3720,#2207,.T.);
#4787=EDGE_CURVE('',#3720,#3721,#2208,.T.);
#4788=EDGE_CURVE('',#3721,#3719,#78,.T.);
#4789=EDGE_CURVE('',#3722,#3723,#2209,.T.);
#4790=EDGE_CURVE('',#3723,#3724,#2210,.T.);
#4791=EDGE_CURVE('',#3724,#3722,#79,.T.);
#4792=EDGE_CURVE('',#3725,#3726,#2211,.T.);
#4793=EDGE_CURVE('',#3726,#3727,#80,.T.);
#4794=EDGE_CURVE('',#3727,#3725,#2212,.T.);
#4795=EDGE_CURVE('',#3728,#3729,#2213,.T.);
#4796=EDGE_CURVE('',#3729,#3730,#2214,.T.);
#4797=EDGE_CURVE('',#3730,#3728,#81,.T.);
#4798=EDGE_CURVE('',#3731,#3732,#2215,.T.);
#4799=EDGE_CURVE('',#3732,#3731,#82,.T.);
#4800=EDGE_CURVE('',#3660,#3733,#2216,.T.);
#4801=EDGE_CURVE('',#3734,#3733,#83,.T.);
#4802=EDGE_CURVE('',#3732,#3734,#33,.T.);
#4803=EDGE_CURVE('',#3735,#3731,#34,.T.);
#4804=EDGE_CURVE('',#3733,#3735,#84,.T.);
#4805=EDGE_CURVE('',#3734,#3736,#2217,.T.);
#4806=EDGE_CURVE('',#3736,#3737,#2218,.T.);
#4807=EDGE_CURVE('',#3737,#3738,#2219,.T.);
#4808=EDGE_CURVE('',#3738,#3739,#2220,.T.);
#4809=EDGE_CURVE('',#3739,#3735,#2221,.T.);
#4810=EDGE_CURVE('',#3740,#3740,#85,.T.);
#4811=EDGE_CURVE('',#3740,#3741,#2222,.T.);
#4812=EDGE_CURVE('',#3741,#3741,#86,.T.);
#4813=EDGE_CURVE('',#3742,#3742,#87,.T.);
#4814=EDGE_CURVE('',#3742,#3743,#2223,.T.);
#4815=EDGE_CURVE('',#3743,#3743,#88,.T.);
#4816=EDGE_CURVE('',#3744,#3744,#89,.T.);
#4817=EDGE_CURVE('',#3744,#3745,#2224,.T.);
#4818=EDGE_CURVE('',#3745,#3745,#90,.T.);
#4819=EDGE_CURVE('',#3746,#3746,#91,.T.);
#4820=EDGE_CURVE('',#3746,#3747,#2225,.T.);
#4821=EDGE_CURVE('',#3747,#3747,#92,.T.);
#4822=EDGE_CURVE('',#3748,#3749,#2226,.T.);
#4823=EDGE_CURVE('',#3662,#3748,#2227,.T.);
#4824=EDGE_CURVE('',#3661,#3749,#2228,.T.);
#4825=EDGE_CURVE('',#3749,#3750,#93,.T.);
#4826=EDGE_CURVE('',#3664,#3751,#2229,.T.);
#4827=EDGE_CURVE('',#3752,#3751,#94,.T.);
#4828=EDGE_CURVE('',#3753,#3752,#2230,.T.);
#4829=EDGE_CURVE('',#3753,#3754,#95,.T.);
#4830=EDGE_CURVE('',#3750,#3754,#2231,.T.);
#4831=EDGE_CURVE('',#3754,#3753,#2232,.T.);
#4832=EDGE_CURVE('',#3751,#3755,#2233,.T.);
#4833=EDGE_CURVE('',#3663,#3755,#2234,.T.);
#4834=EDGE_CURVE('',#3755,#3748,#96,.T.);
#4835=EDGE_CURVE('',#3756,#3757,#2235,.T.);
#4836=EDGE_CURVE('',#3668,#3756,#2236,.T.);
#4837=EDGE_CURVE('',#3667,#3757,#2237,.T.);
#4838=EDGE_CURVE('',#3757,#3758,#97,.T.);
#4839=EDGE_CURVE('',#3666,#3759,#2238,.T.);
#4840=EDGE_CURVE('',#3760,#3759,#98,.T.);
#4841=EDGE_CURVE('',#3761,#3760,#2239,.T.);
#4842=EDGE_CURVE('',#3761,#3762,#99,.T.);
#4843=EDGE_CURVE('',#3758,#3762,#2240,.T.);
#4844=EDGE_CURVE('',#3762,#3761,#2241,.T.);
#4845=EDGE_CURVE('',#3759,#3763,#2242,.T.);
#4846=EDGE_CURVE('',#3665,#3763,#2243,.T.);
#4847=EDGE_CURVE('',#3763,#3756,#100,.T.);
#4848=EDGE_CURVE('',#3764,#3765,#2244,.T.);
#4849=EDGE_CURVE('',#3672,#3764,#2245,.T.);
#4850=EDGE_CURVE('',#3671,#3765,#2246,.T.);
#4851=EDGE_CURVE('',#3765,#3766,#101,.T.);
#4852=EDGE_CURVE('',#3670,#3767,#2247,.T.);
#4853=EDGE_CURVE('',#3768,#3767,#102,.T.);
#4854=EDGE_CURVE('',#3769,#3768,#2248,.T.);
#4855=EDGE_CURVE('',#3769,#3770,#103,.T.);
#4856=EDGE_CURVE('',#3766,#3770,#2249,.T.);
#4857=EDGE_CURVE('',#3770,#3769,#2250,.T.);
#4858=EDGE_CURVE('',#3767,#3771,#2251,.T.);
#4859=EDGE_CURVE('',#3669,#3771,#2252,.T.);
#4860=EDGE_CURVE('',#3771,#3764,#104,.T.);
#4861=EDGE_CURVE('',#3772,#3773,#2253,.T.);
#4862=EDGE_CURVE('',#3674,#3772,#2254,.T.);
#4863=EDGE_CURVE('',#3673,#3773,#2255,.T.);
#4864=EDGE_CURVE('',#3773,#3774,#105,.T.);
#4865=EDGE_CURVE('',#3676,#3775,#2256,.T.);
#4866=EDGE_CURVE('',#3776,#3775,#106,.T.);
#4867=EDGE_CURVE('',#3777,#3776,#2257,.T.);
#4868=EDGE_CURVE('',#3777,#3778,#107,.T.);
#4869=EDGE_CURVE('',#3774,#3778,#2258,.T.);
#4870=EDGE_CURVE('',#3778,#3777,#2259,.T.);
#4871=EDGE_CURVE('',#3775,#3779,#2260,.T.);
#4872=EDGE_CURVE('',#3675,#3779,#2261,.T.);
#4873=EDGE_CURVE('',#3779,#3772,#108,.T.);
#4874=EDGE_CURVE('',#3780,#3781,#2262,.T.);
#4875=EDGE_CURVE('',#3678,#3780,#2263,.T.);
#4876=EDGE_CURVE('',#3677,#3781,#2264,.T.);
#4877=EDGE_CURVE('',#3781,#3782,#109,.T.);
#4878=EDGE_CURVE('',#3680,#3783,#2265,.T.);
#4879=EDGE_CURVE('',#3784,#3783,#110,.T.);
#4880=EDGE_CURVE('',#3785,#3784,#2266,.T.);
#4881=EDGE_CURVE('',#3785,#3786,#111,.T.);
#4882=EDGE_CURVE('',#3782,#3786,#2267,.T.);
#4883=EDGE_CURVE('',#3786,#3785,#2268,.T.);
#4884=EDGE_CURVE('',#3783,#3787,#2269,.T.);
#4885=EDGE_CURVE('',#3679,#3787,#2270,.T.);
#4886=EDGE_CURVE('',#3787,#3780,#112,.T.);
#4887=EDGE_CURVE('',#3788,#3789,#2271,.T.);
#4888=EDGE_CURVE('',#3682,#3788,#2272,.T.);
#4889=EDGE_CURVE('',#3681,#3789,#2273,.T.);
#4890=EDGE_CURVE('',#3789,#3790,#113,.T.);
#4891=EDGE_CURVE('',#3684,#3791,#2274,.T.);
#4892=EDGE_CURVE('',#3792,#3791,#114,.T.);
#4893=EDGE_CURVE('',#3793,#3792,#2275,.T.);
#4894=EDGE_CURVE('',#3793,#3794,#115,.T.);
#4895=EDGE_CURVE('',#3790,#3794,#2276,.T.);
#4896=EDGE_CURVE('',#3794,#3793,#2277,.T.);
#4897=EDGE_CURVE('',#3791,#3795,#2278,.T.);
#4898=EDGE_CURVE('',#3683,#3795,#2279,.T.);
#4899=EDGE_CURVE('',#3795,#3788,#116,.T.);
#4900=EDGE_CURVE('',#3796,#3797,#2280,.T.);
#4901=EDGE_CURVE('',#3686,#3796,#2281,.T.);
#4902=EDGE_CURVE('',#3685,#3797,#2282,.T.);
#4903=EDGE_CURVE('',#3797,#3798,#117,.T.);
#4904=EDGE_CURVE('',#3688,#3799,#2283,.T.);
#4905=EDGE_CURVE('',#3800,#3799,#118,.T.);
#4906=EDGE_CURVE('',#3801,#3800,#2284,.T.);
#4907=EDGE_CURVE('',#3801,#3802,#119,.T.);
#4908=EDGE_CURVE('',#3798,#3802,#2285,.T.);
#4909=EDGE_CURVE('',#3802,#3801,#2286,.T.);
#4910=EDGE_CURVE('',#3799,#3803,#2287,.T.);
#4911=EDGE_CURVE('',#3687,#3803,#2288,.T.);
#4912=EDGE_CURVE('',#3803,#3796,#120,.T.);
#4913=EDGE_CURVE('',#3804,#3805,#2289,.T.);
#4914=EDGE_CURVE('',#3690,#3804,#2290,.T.);
#4915=EDGE_CURVE('',#3689,#3805,#2291,.T.);
#4916=EDGE_CURVE('',#3805,#3806,#121,.T.);
#4917=EDGE_CURVE('',#3692,#3807,#2292,.T.);
#4918=EDGE_CURVE('',#3808,#3807,#122,.T.);
#4919=EDGE_CURVE('',#3809,#3808,#2293,.T.);
#4920=EDGE_CURVE('',#3809,#3810,#123,.T.);
#4921=EDGE_CURVE('',#3806,#3810,#2294,.T.);
#4922=EDGE_CURVE('',#3810,#3809,#2295,.T.);
#4923=EDGE_CURVE('',#3807,#3811,#2296,.T.);
#4924=EDGE_CURVE('',#3691,#3811,#2297,.T.);
#4925=EDGE_CURVE('',#3811,#3804,#124,.T.);
#4926=EDGE_CURVE('',#3812,#3813,#2298,.T.);
#4927=EDGE_CURVE('',#3694,#3812,#2299,.T.);
#4928=EDGE_CURVE('',#3693,#3813,#2300,.T.);
#4929=EDGE_CURVE('',#3813,#3814,#125,.T.);
#4930=EDGE_CURVE('',#3696,#3815,#2301,.T.);
#4931=EDGE_CURVE('',#3816,#3815,#126,.T.);
#4932=EDGE_CURVE('',#3817,#3816,#2302,.T.);
#4933=EDGE_CURVE('',#3817,#3818,#127,.T.);
#4934=EDGE_CURVE('',#3814,#3818,#2303,.T.);
#4935=EDGE_CURVE('',#3818,#3817,#2304,.T.);
#4936=EDGE_CURVE('',#3815,#3819,#2305,.T.);
#4937=EDGE_CURVE('',#3695,#3819,#2306,.T.);
#4938=EDGE_CURVE('',#3819,#3812,#128,.T.);
#4939=EDGE_CURVE('',#3782,#3752,#2307,.T.);
#4940=EDGE_CURVE('',#3814,#3784,#2308,.T.);
#4941=EDGE_CURVE('',#3628,#3816,#2309,.T.);
#4942=EDGE_CURVE('',#3820,#3627,#2310,.T.);
#4943=EDGE_CURVE('',#3708,#3820,#2311,.T.);
#4944=EDGE_CURVE('',#3707,#3700,#2312,.T.);
#4945=EDGE_CURVE('',#3821,#3699,#2313,.T.);
#4946=EDGE_CURVE('',#3739,#3821,#2314,.T.);
#4947=EDGE_CURVE('',#3798,#3738,#2315,.T.);
#4948=EDGE_CURVE('',#3766,#3800,#2316,.T.);
#4949=EDGE_CURVE('',#3758,#3768,#2317,.T.);
#4950=EDGE_CURVE('',#3790,#3760,#2318,.T.);
#4951=EDGE_CURVE('',#3806,#3792,#2319,.T.);
#4952=EDGE_CURVE('',#3774,#3808,#2320,.T.);
#4953=EDGE_CURVE('',#3750,#3776,#2321,.T.);
#4954=EDGE_CURVE('',#3700,#3822,#129,.T.);
#4955=EDGE_CURVE('',#3823,#3707,#130,.T.);
#4956=EDGE_CURVE('',#3822,#3823,#2322,.T.);
#4957=EDGE_CURVE('',#3820,#3824,#2323,.T.);
#4958=EDGE_CURVE('',#3824,#3709,#2324,.T.);
#4959=EDGE_CURVE('',#3824,#3630,#2325,.T.);
#4960=EDGE_CURVE('',#3629,#3737,#2326,.T.);
#4961=EDGE_CURVE('',#3698,#3825,#2327,.T.);
#4962=EDGE_CURVE('',#3825,#3821,#2328,.T.);
#4963=EDGE_CURVE('',#3736,#3825,#2329,.T.);
#4964=EDGE_CURVE('',#3826,#3826,#131,.T.);
#4965=EDGE_CURVE('',#3826,#3827,#2330,.T.);
#4966=EDGE_CURVE('',#3827,#3827,#132,.T.);
#4967=EDGE_CURVE('',#3828,#3829,#133,.T.);
#4968=EDGE_CURVE('',#3829,#3830,#589,.T.);
#4969=EDGE_CURVE('',#3830,#3831,#2331,.T.);
#4970=EDGE_CURVE('',#3831,#3832,#590,.T.);
#4971=EDGE_CURVE('',#3832,#3833,#134,.T.);
#4972=EDGE_CURVE('',#3833,#3834,#591,.T.);
#4973=EDGE_CURVE('',#3834,#3835,#2332,.T.);
#4974=EDGE_CURVE('',#3835,#3828,#592,.T.);
#4975=EDGE_CURVE('',#3728,#3836,#2333,.T.);
#4976=EDGE_CURVE('',#3837,#3730,#2334,.T.);
#4977=EDGE_CURVE('',#3836,#3837,#135,.T.);
#4978=EDGE_CURVE('',#3838,#3729,#2335,.F.);
#4979=EDGE_CURVE('',#3837,#3838,#2336,.T.);
#4980=EDGE_CURVE('',#3838,#3836,#2337,.T.);
#4981=EDGE_CURVE('',#3839,#3726,#2338,.T.);
#4982=EDGE_CURVE('',#3840,#3839,#136,.T.);
#4983=EDGE_CURVE('',#3727,#3840,#2339,.T.);
#4984=EDGE_CURVE('',#3841,#3840,#2340,.T.);
#4985=EDGE_CURVE('',#3841,#3725,#2341,.T.);
#4986=EDGE_CURVE('',#3839,#3841,#2342,.T.);
#4987=EDGE_CURVE('',#3722,#3842,#2343,.T.);
#4988=EDGE_CURVE('',#3843,#3724,#2344,.T.);
#4989=EDGE_CURVE('',#3842,#3843,#137,.T.);
#4990=EDGE_CURVE('',#3844,#3723,#2345,.F.);
#4991=EDGE_CURVE('',#3843,#3844,#2346,.T.);
#4992=EDGE_CURVE('',#3844,#3842,#2347,.T.);
#4993=EDGE_CURVE('',#3845,#3721,#2348,.T.);
#4994=EDGE_CURVE('',#3846,#3720,#2349,.F.);
#4995=EDGE_CURVE('',#3845,#3846,#2350,.T.);
#4996=EDGE_CURVE('',#3719,#3847,#2351,.T.);
#4997=EDGE_CURVE('',#3847,#3845,#138,.T.);
#4998=EDGE_CURVE('',#3846,#3847,#2352,.T.);
#4999=EDGE_CURVE('',#3848,#3848,#139,.T.);
#5000=EDGE_CURVE('',#3849,#3849,#140,.T.);
#5001=EDGE_CURVE('',#3849,#3848,#2353,.T.);
#5002=EDGE_CURVE('',#3850,#3850,#141,.T.);
#5003=EDGE_CURVE('',#3851,#3851,#142,.T.);
#5004=EDGE_CURVE('',#3851,#3850,#2354,.T.);
#5005=EDGE_CURVE('',#3852,#3852,#143,.T.);
#5006=EDGE_CURVE('',#3853,#3853,#144,.T.);
#5007=EDGE_CURVE('',#3853,#3852,#2355,.T.);
#5008=EDGE_CURVE('',#3854,#3854,#145,.T.);
#5009=EDGE_CURVE('',#3855,#3855,#146,.T.);
#5010=EDGE_CURVE('',#3855,#3854,#2356,.T.);
#5011=EDGE_CURVE('',#3856,#3857,#2357,.T.);
#5012=EDGE_CURVE('',#3856,#3833,#2358,.T.);
#5013=EDGE_CURVE('',#3857,#3832,#2359,.T.);
#5014=EDGE_CURVE('',#3857,#3858,#147,.T.);
#5015=EDGE_CURVE('',#3858,#3831,#2360,.T.);
#5016=EDGE_CURVE('',#3858,#3859,#2361,.T.);
#5017=EDGE_CURVE('',#3859,#3830,#2362,.T.);
#5018=EDGE_CURVE('',#3859,#3860,#148,.T.);
#5019=EDGE_CURVE('',#3860,#3829,#2363,.T.);
#5020=EDGE_CURVE('',#3860,#3861,#2364,.T.);
#5021=EDGE_CURVE('',#3861,#3828,#2365,.T.);
#5022=EDGE_CURVE('',#3861,#3862,#149,.T.);
#5023=EDGE_CURVE('',#3862,#3835,#2366,.T.);
#5024=EDGE_CURVE('',#3862,#3863,#2367,.T.);
#5025=EDGE_CURVE('',#3863,#3834,#2368,.T.);
#5026=EDGE_CURVE('',#3863,#3856,#150,.T.);
#5027=EDGE_CURVE('',#3703,#3860,#2369,.T.);
#5028=EDGE_CURVE('',#3859,#3702,#2370,.T.);
#5029=EDGE_CURVE('',#3858,#3701,#2371,.T.);
#5030=EDGE_CURVE('',#3857,#3822,#2372,.T.);
#5031=EDGE_CURVE('',#3856,#3823,#2373,.T.);
#5032=EDGE_CURVE('',#3863,#3706,#2374,.T.);
#5033=EDGE_CURVE('',#3862,#3705,#2375,.T.);
#5034=EDGE_CURVE('',#3861,#3704,#2376,.T.);
#5035=EDGE_CURVE('',#3864,#3864,#151,.T.);
#5036=EDGE_CURVE('',#3865,#3865,#152,.T.);
#5037=EDGE_CURVE('',#3865,#3718,#2377,.T.);
#5038=EDGE_CURVE('',#3866,#3866,#153,.T.);
#5039=EDGE_CURVE('',#3866,#3864,#2378,.T.);
#5040=EDGE_CURVE('',#3867,#3867,#154,.T.);
#5041=EDGE_CURVE('',#3868,#3868,#155,.F.);
#5042=EDGE_CURVE('',#3869,#3869,#156,.F.);
#5043=EDGE_CURVE('',#3869,#3868,#2379,.T.);
#5044=EDGE_CURVE('',#3870,#3870,#157,.T.);
#5045=EDGE_CURVE('',#3870,#3867,#2380,.T.);
#5046=ORIENTED_EDGE('',*,*,#3871,.F.);
#5047=ORIENTED_EDGE('',*,*,#3872,.T.);
#5048=ORIENTED_EDGE('',*,*,#3873,.T.);
#5049=ORIENTED_EDGE('',*,*,#3874,.F.);
#5050=ORIENTED_EDGE('',*,*,#3875,.F.);
#5051=ORIENTED_EDGE('',*,*,#3876,.T.);
#5052=ORIENTED_EDGE('',*,*,#3877,.T.);
#5053=ORIENTED_EDGE('',*,*,#3872,.F.);
#5054=ORIENTED_EDGE('',*,*,#3878,.F.);
#5055=ORIENTED_EDGE('',*,*,#3879,.T.);
#5056=ORIENTED_EDGE('',*,*,#3880,.T.);
#5057=ORIENTED_EDGE('',*,*,#3876,.F.);
#5058=ORIENTED_EDGE('',*,*,#3881,.F.);
#5059=ORIENTED_EDGE('',*,*,#3882,.T.);
#5060=ORIENTED_EDGE('',*,*,#3883,.T.);
#5061=ORIENTED_EDGE('',*,*,#3879,.F.);
#5062=ORIENTED_EDGE('',*,*,#3884,.F.);
#5063=ORIENTED_EDGE('',*,*,#3885,.T.);
#5064=ORIENTED_EDGE('',*,*,#3886,.T.);
#5065=ORIENTED_EDGE('',*,*,#3882,.F.);
#5066=ORIENTED_EDGE('',*,*,#3887,.F.);
#5067=ORIENTED_EDGE('',*,*,#3888,.T.);
#5068=ORIENTED_EDGE('',*,*,#3889,.T.);
#5069=ORIENTED_EDGE('',*,*,#3885,.F.);
#5070=ORIENTED_EDGE('',*,*,#3890,.F.);
#5071=ORIENTED_EDGE('',*,*,#3891,.T.);
#5072=ORIENTED_EDGE('',*,*,#3892,.T.);
#5073=ORIENTED_EDGE('',*,*,#3888,.F.);
#5074=ORIENTED_EDGE('',*,*,#3893,.F.);
#5075=ORIENTED_EDGE('',*,*,#3894,.T.);
#5076=ORIENTED_EDGE('',*,*,#3895,.T.);
#5077=ORIENTED_EDGE('',*,*,#3891,.F.);
#5078=ORIENTED_EDGE('',*,*,#3896,.F.);
#5079=ORIENTED_EDGE('',*,*,#3897,.T.);
#5080=ORIENTED_EDGE('',*,*,#3898,.T.);
#5081=ORIENTED_EDGE('',*,*,#3894,.F.);
#5082=ORIENTED_EDGE('',*,*,#3899,.F.);
#5083=ORIENTED_EDGE('',*,*,#3900,.T.);
#5084=ORIENTED_EDGE('',*,*,#3901,.T.);
#5085=ORIENTED_EDGE('',*,*,#3897,.F.);
#5086=ORIENTED_EDGE('',*,*,#3902,.F.);
#5087=ORIENTED_EDGE('',*,*,#3903,.T.);
#5088=ORIENTED_EDGE('',*,*,#3904,.T.);
#5089=ORIENTED_EDGE('',*,*,#3900,.F.);
#5090=ORIENTED_EDGE('',*,*,#3905,.F.);
#5091=ORIENTED_EDGE('',*,*,#3906,.T.);
#5092=ORIENTED_EDGE('',*,*,#3907,.T.);
#5093=ORIENTED_EDGE('',*,*,#3903,.F.);
#5094=ORIENTED_EDGE('',*,*,#3908,.F.);
#5095=ORIENTED_EDGE('',*,*,#3909,.T.);
#5096=ORIENTED_EDGE('',*,*,#3910,.T.);
#5097=ORIENTED_EDGE('',*,*,#3906,.F.);
#5098=ORIENTED_EDGE('',*,*,#3911,.F.);
#5099=ORIENTED_EDGE('',*,*,#3912,.T.);
#5100=ORIENTED_EDGE('',*,*,#3913,.T.);
#5101=ORIENTED_EDGE('',*,*,#3909,.F.);
#5102=ORIENTED_EDGE('',*,*,#3914,.F.);
#5103=ORIENTED_EDGE('',*,*,#3915,.T.);
#5104=ORIENTED_EDGE('',*,*,#3916,.T.);
#5105=ORIENTED_EDGE('',*,*,#3912,.F.);
#5106=ORIENTED_EDGE('',*,*,#3917,.F.);
#5107=ORIENTED_EDGE('',*,*,#3918,.T.);
#5108=ORIENTED_EDGE('',*,*,#3919,.T.);
#5109=ORIENTED_EDGE('',*,*,#3915,.F.);
#5110=ORIENTED_EDGE('',*,*,#3920,.F.);
#5111=ORIENTED_EDGE('',*,*,#3874,.T.);
#5112=ORIENTED_EDGE('',*,*,#3921,.T.);
#5113=ORIENTED_EDGE('',*,*,#3918,.F.);
#5114=ORIENTED_EDGE('',*,*,#3921,.F.);
#5115=ORIENTED_EDGE('',*,*,#3873,.F.);
#5116=ORIENTED_EDGE('',*,*,#3877,.F.);
#5117=ORIENTED_EDGE('',*,*,#3880,.F.);
#5118=ORIENTED_EDGE('',*,*,#3883,.F.);
#5119=ORIENTED_EDGE('',*,*,#3886,.F.);
#5120=ORIENTED_EDGE('',*,*,#3889,.F.);
#5121=ORIENTED_EDGE('',*,*,#3892,.F.);
#5122=ORIENTED_EDGE('',*,*,#3895,.F.);
#5123=ORIENTED_EDGE('',*,*,#3898,.F.);
#5124=ORIENTED_EDGE('',*,*,#3901,.F.);
#5125=ORIENTED_EDGE('',*,*,#3904,.F.);
#5126=ORIENTED_EDGE('',*,*,#3907,.F.);
#5127=ORIENTED_EDGE('',*,*,#3910,.F.);
#5128=ORIENTED_EDGE('',*,*,#3913,.F.);
#5129=ORIENTED_EDGE('',*,*,#3916,.F.);
#5130=ORIENTED_EDGE('',*,*,#3919,.F.);
#5131=ORIENTED_EDGE('',*,*,#3922,.F.);
#5132=ORIENTED_EDGE('',*,*,#3923,.T.);
#5133=ORIENTED_EDGE('',*,*,#3924,.T.);
#5134=ORIENTED_EDGE('',*,*,#3925,.F.);
#5135=ORIENTED_EDGE('',*,*,#3926,.F.);
#5136=ORIENTED_EDGE('',*,*,#3927,.T.);
#5137=ORIENTED_EDGE('',*,*,#3928,.T.);
#5138=ORIENTED_EDGE('',*,*,#3923,.F.);
#5139=ORIENTED_EDGE('',*,*,#3929,.F.);
#5140=ORIENTED_EDGE('',*,*,#3930,.T.);
#5141=ORIENTED_EDGE('',*,*,#3931,.T.);
#5142=ORIENTED_EDGE('',*,*,#3927,.F.);
#5143=ORIENTED_EDGE('',*,*,#3932,.F.);
#5144=ORIENTED_EDGE('',*,*,#3933,.T.);
#5145=ORIENTED_EDGE('',*,*,#3934,.T.);
#5146=ORIENTED_EDGE('',*,*,#3930,.F.);
#5147=ORIENTED_EDGE('',*,*,#3935,.F.);
#5148=ORIENTED_EDGE('',*,*,#3936,.T.);
#5149=ORIENTED_EDGE('',*,*,#3937,.T.);
#5150=ORIENTED_EDGE('',*,*,#3933,.F.);
#5151=ORIENTED_EDGE('',*,*,#3938,.F.);
#5152=ORIENTED_EDGE('',*,*,#3939,.T.);
#5153=ORIENTED_EDGE('',*,*,#3940,.T.);
#5154=ORIENTED_EDGE('',*,*,#3936,.F.);
#5155=ORIENTED_EDGE('',*,*,#3941,.F.);
#5156=ORIENTED_EDGE('',*,*,#3942,.T.);
#5157=ORIENTED_EDGE('',*,*,#3943,.T.);
#5158=ORIENTED_EDGE('',*,*,#3939,.F.);
#5159=ORIENTED_EDGE('',*,*,#3944,.F.);
#5160=ORIENTED_EDGE('',*,*,#3945,.T.);
#5161=ORIENTED_EDGE('',*,*,#3946,.T.);
#5162=ORIENTED_EDGE('',*,*,#3942,.F.);
#5163=ORIENTED_EDGE('',*,*,#3947,.F.);
#5164=ORIENTED_EDGE('',*,*,#3948,.T.);
#5165=ORIENTED_EDGE('',*,*,#3949,.T.);
#5166=ORIENTED_EDGE('',*,*,#3945,.F.);
#5167=ORIENTED_EDGE('',*,*,#3950,.F.);
#5168=ORIENTED_EDGE('',*,*,#3925,.T.);
#5169=ORIENTED_EDGE('',*,*,#3951,.T.);
#5170=ORIENTED_EDGE('',*,*,#3948,.F.);
#5171=ORIENTED_EDGE('',*,*,#3952,.F.);
#5172=ORIENTED_EDGE('',*,*,#3953,.T.);
#5173=ORIENTED_EDGE('',*,*,#3954,.T.);
#5174=ORIENTED_EDGE('',*,*,#3955,.F.);
#5175=ORIENTED_EDGE('',*,*,#3956,.F.);
#5176=ORIENTED_EDGE('',*,*,#3957,.T.);
#5177=ORIENTED_EDGE('',*,*,#3958,.T.);
#5178=ORIENTED_EDGE('',*,*,#3953,.F.);
#5179=ORIENTED_EDGE('',*,*,#3959,.F.);
#5180=ORIENTED_EDGE('',*,*,#3960,.T.);
#5181=ORIENTED_EDGE('',*,*,#3961,.T.);
#5182=ORIENTED_EDGE('',*,*,#3957,.F.);
#5183=ORIENTED_EDGE('',*,*,#3962,.F.);
#5184=ORIENTED_EDGE('',*,*,#3963,.T.);
#5185=ORIENTED_EDGE('',*,*,#3964,.T.);
#5186=ORIENTED_EDGE('',*,*,#3960,.F.);
#5187=ORIENTED_EDGE('',*,*,#3965,.F.);
#5188=ORIENTED_EDGE('',*,*,#3966,.T.);
#5189=ORIENTED_EDGE('',*,*,#3967,.T.);
#5190=ORIENTED_EDGE('',*,*,#3963,.F.);
#5191=ORIENTED_EDGE('',*,*,#3968,.F.);
#5192=ORIENTED_EDGE('',*,*,#3969,.T.);
#5193=ORIENTED_EDGE('',*,*,#3970,.T.);
#5194=ORIENTED_EDGE('',*,*,#3966,.F.);
#5195=ORIENTED_EDGE('',*,*,#3971,.F.);
#5196=ORIENTED_EDGE('',*,*,#3972,.T.);
#5197=ORIENTED_EDGE('',*,*,#3973,.T.);
#5198=ORIENTED_EDGE('',*,*,#3969,.F.);
#5199=ORIENTED_EDGE('',*,*,#3974,.F.);
#5200=ORIENTED_EDGE('',*,*,#3975,.T.);
#5201=ORIENTED_EDGE('',*,*,#3976,.T.);
#5202=ORIENTED_EDGE('',*,*,#3972,.F.);
#5203=ORIENTED_EDGE('',*,*,#3977,.F.);
#5204=ORIENTED_EDGE('',*,*,#3978,.T.);
#5205=ORIENTED_EDGE('',*,*,#3979,.T.);
#5206=ORIENTED_EDGE('',*,*,#3975,.F.);
#5207=ORIENTED_EDGE('',*,*,#3980,.F.);
#5208=ORIENTED_EDGE('',*,*,#3981,.T.);
#5209=ORIENTED_EDGE('',*,*,#3982,.T.);
#5210=ORIENTED_EDGE('',*,*,#3978,.F.);
#5211=ORIENTED_EDGE('',*,*,#3983,.F.);
#5212=ORIENTED_EDGE('',*,*,#3984,.T.);
#5213=ORIENTED_EDGE('',*,*,#3985,.T.);
#5214=ORIENTED_EDGE('',*,*,#3981,.F.);
#5215=ORIENTED_EDGE('',*,*,#3986,.F.);
#5216=ORIENTED_EDGE('',*,*,#3987,.T.);
#5217=ORIENTED_EDGE('',*,*,#3988,.T.);
#5218=ORIENTED_EDGE('',*,*,#3984,.F.);
#5219=ORIENTED_EDGE('',*,*,#3989,.F.);
#5220=ORIENTED_EDGE('',*,*,#3990,.T.);
#5221=ORIENTED_EDGE('',*,*,#3991,.T.);
#5222=ORIENTED_EDGE('',*,*,#3987,.F.);
#5223=ORIENTED_EDGE('',*,*,#3992,.F.);
#5224=ORIENTED_EDGE('',*,*,#3993,.T.);
#5225=ORIENTED_EDGE('',*,*,#3994,.T.);
#5226=ORIENTED_EDGE('',*,*,#3990,.F.);
#5227=ORIENTED_EDGE('',*,*,#3995,.F.);
#5228=ORIENTED_EDGE('',*,*,#3996,.T.);
#5229=ORIENTED_EDGE('',*,*,#3997,.T.);
#5230=ORIENTED_EDGE('',*,*,#3993,.F.);
#5231=ORIENTED_EDGE('',*,*,#3998,.F.);
#5232=ORIENTED_EDGE('',*,*,#3999,.T.);
#5233=ORIENTED_EDGE('',*,*,#4000,.T.);
#5234=ORIENTED_EDGE('',*,*,#3996,.F.);
#5235=ORIENTED_EDGE('',*,*,#4001,.F.);
#5236=ORIENTED_EDGE('',*,*,#4002,.T.);
#5237=ORIENTED_EDGE('',*,*,#4003,.T.);
#5238=ORIENTED_EDGE('',*,*,#3999,.F.);
#5239=ORIENTED_EDGE('',*,*,#4004,.F.);
#5240=ORIENTED_EDGE('',*,*,#4005,.T.);
#5241=ORIENTED_EDGE('',*,*,#4006,.T.);
#5242=ORIENTED_EDGE('',*,*,#4002,.F.);
#5243=ORIENTED_EDGE('',*,*,#4007,.F.);
#5244=ORIENTED_EDGE('',*,*,#4008,.T.);
#5245=ORIENTED_EDGE('',*,*,#4009,.T.);
#5246=ORIENTED_EDGE('',*,*,#4005,.F.);
#5247=ORIENTED_EDGE('',*,*,#4010,.F.);
#5248=ORIENTED_EDGE('',*,*,#4011,.T.);
#5249=ORIENTED_EDGE('',*,*,#4012,.T.);
#5250=ORIENTED_EDGE('',*,*,#4008,.F.);
#5251=ORIENTED_EDGE('',*,*,#4013,.F.);
#5252=ORIENTED_EDGE('',*,*,#4014,.T.);
#5253=ORIENTED_EDGE('',*,*,#4015,.T.);
#5254=ORIENTED_EDGE('',*,*,#4011,.F.);
#5255=ORIENTED_EDGE('',*,*,#4016,.F.);
#5256=ORIENTED_EDGE('',*,*,#4017,.T.);
#5257=ORIENTED_EDGE('',*,*,#4018,.T.);
#5258=ORIENTED_EDGE('',*,*,#4014,.F.);
#5259=ORIENTED_EDGE('',*,*,#4019,.F.);
#5260=ORIENTED_EDGE('',*,*,#4020,.T.);
#5261=ORIENTED_EDGE('',*,*,#4021,.T.);
#5262=ORIENTED_EDGE('',*,*,#4017,.F.);
#5263=ORIENTED_EDGE('',*,*,#4022,.F.);
#5264=ORIENTED_EDGE('',*,*,#4023,.T.);
#5265=ORIENTED_EDGE('',*,*,#4024,.T.);
#5266=ORIENTED_EDGE('',*,*,#4020,.F.);
#5267=ORIENTED_EDGE('',*,*,#4025,.F.);
#5268=ORIENTED_EDGE('',*,*,#4026,.T.);
#5269=ORIENTED_EDGE('',*,*,#4027,.T.);
#5270=ORIENTED_EDGE('',*,*,#4023,.F.);
#5271=ORIENTED_EDGE('',*,*,#4028,.F.);
#5272=ORIENTED_EDGE('',*,*,#4029,.T.);
#5273=ORIENTED_EDGE('',*,*,#4030,.T.);
#5274=ORIENTED_EDGE('',*,*,#4026,.F.);
#5275=ORIENTED_EDGE('',*,*,#4031,.F.);
#5276=ORIENTED_EDGE('',*,*,#3955,.T.);
#5277=ORIENTED_EDGE('',*,*,#4032,.T.);
#5278=ORIENTED_EDGE('',*,*,#4029,.F.);
#5279=ORIENTED_EDGE('',*,*,#4032,.F.);
#5280=ORIENTED_EDGE('',*,*,#3954,.F.);
#5281=ORIENTED_EDGE('',*,*,#3958,.F.);
#5282=ORIENTED_EDGE('',*,*,#3961,.F.);
#5283=ORIENTED_EDGE('',*,*,#3964,.F.);
#5284=ORIENTED_EDGE('',*,*,#3967,.F.);
#5285=ORIENTED_EDGE('',*,*,#3970,.F.);
#5286=ORIENTED_EDGE('',*,*,#3973,.F.);
#5287=ORIENTED_EDGE('',*,*,#3976,.F.);
#5288=ORIENTED_EDGE('',*,*,#3979,.F.);
#5289=ORIENTED_EDGE('',*,*,#3982,.F.);
#5290=ORIENTED_EDGE('',*,*,#3985,.F.);
#5291=ORIENTED_EDGE('',*,*,#3988,.F.);
#5292=ORIENTED_EDGE('',*,*,#3991,.F.);
#5293=ORIENTED_EDGE('',*,*,#3994,.F.);
#5294=ORIENTED_EDGE('',*,*,#3997,.F.);
#5295=ORIENTED_EDGE('',*,*,#4000,.F.);
#5296=ORIENTED_EDGE('',*,*,#4003,.F.);
#5297=ORIENTED_EDGE('',*,*,#4006,.F.);
#5298=ORIENTED_EDGE('',*,*,#4009,.F.);
#5299=ORIENTED_EDGE('',*,*,#4012,.F.);
#5300=ORIENTED_EDGE('',*,*,#4015,.F.);
#5301=ORIENTED_EDGE('',*,*,#4018,.F.);
#5302=ORIENTED_EDGE('',*,*,#4021,.F.);
#5303=ORIENTED_EDGE('',*,*,#4024,.F.);
#5304=ORIENTED_EDGE('',*,*,#4027,.F.);
#5305=ORIENTED_EDGE('',*,*,#4030,.F.);
#5306=ORIENTED_EDGE('',*,*,#3951,.F.);
#5307=ORIENTED_EDGE('',*,*,#3924,.F.);
#5308=ORIENTED_EDGE('',*,*,#3928,.F.);
#5309=ORIENTED_EDGE('',*,*,#3931,.F.);
#5310=ORIENTED_EDGE('',*,*,#3934,.F.);
#5311=ORIENTED_EDGE('',*,*,#3937,.F.);
#5312=ORIENTED_EDGE('',*,*,#3940,.F.);
#5313=ORIENTED_EDGE('',*,*,#3943,.F.);
#5314=ORIENTED_EDGE('',*,*,#3946,.F.);
#5315=ORIENTED_EDGE('',*,*,#3949,.F.);
#5316=ORIENTED_EDGE('',*,*,#4033,.F.);
#5317=ORIENTED_EDGE('',*,*,#4034,.T.);
#5318=ORIENTED_EDGE('',*,*,#4035,.T.);
#5319=ORIENTED_EDGE('',*,*,#4036,.F.);
#5320=ORIENTED_EDGE('',*,*,#4037,.F.);
#5321=ORIENTED_EDGE('',*,*,#4038,.T.);
#5322=ORIENTED_EDGE('',*,*,#4039,.T.);
#5323=ORIENTED_EDGE('',*,*,#4034,.F.);
#5324=ORIENTED_EDGE('',*,*,#4040,.F.);
#5325=ORIENTED_EDGE('',*,*,#4041,.T.);
#5326=ORIENTED_EDGE('',*,*,#4042,.T.);
#5327=ORIENTED_EDGE('',*,*,#4038,.F.);
#5328=ORIENTED_EDGE('',*,*,#4043,.F.);
#5329=ORIENTED_EDGE('',*,*,#4044,.T.);
#5330=ORIENTED_EDGE('',*,*,#4045,.T.);
#5331=ORIENTED_EDGE('',*,*,#4041,.F.);
#5332=ORIENTED_EDGE('',*,*,#4046,.F.);
#5333=ORIENTED_EDGE('',*,*,#4047,.T.);
#5334=ORIENTED_EDGE('',*,*,#4048,.T.);
#5335=ORIENTED_EDGE('',*,*,#4044,.F.);
#5336=ORIENTED_EDGE('',*,*,#4049,.F.);
#5337=ORIENTED_EDGE('',*,*,#4050,.T.);
#5338=ORIENTED_EDGE('',*,*,#4051,.T.);
#5339=ORIENTED_EDGE('',*,*,#4047,.F.);
#5340=ORIENTED_EDGE('',*,*,#4052,.F.);
#5341=ORIENTED_EDGE('',*,*,#4053,.T.);
#5342=ORIENTED_EDGE('',*,*,#4054,.T.);
#5343=ORIENTED_EDGE('',*,*,#4050,.F.);
#5344=ORIENTED_EDGE('',*,*,#4055,.F.);
#5345=ORIENTED_EDGE('',*,*,#4056,.T.);
#5346=ORIENTED_EDGE('',*,*,#4057,.T.);
#5347=ORIENTED_EDGE('',*,*,#4053,.F.);
#5348=ORIENTED_EDGE('',*,*,#4058,.F.);
#5349=ORIENTED_EDGE('',*,*,#4059,.T.);
#5350=ORIENTED_EDGE('',*,*,#4060,.T.);
#5351=ORIENTED_EDGE('',*,*,#4056,.F.);
#5352=ORIENTED_EDGE('',*,*,#4061,.F.);
#5353=ORIENTED_EDGE('',*,*,#4062,.T.);
#5354=ORIENTED_EDGE('',*,*,#4063,.T.);
#5355=ORIENTED_EDGE('',*,*,#4059,.F.);
#5356=ORIENTED_EDGE('',*,*,#4064,.F.);
#5357=ORIENTED_EDGE('',*,*,#4065,.T.);
#5358=ORIENTED_EDGE('',*,*,#4066,.T.);
#5359=ORIENTED_EDGE('',*,*,#4062,.F.);
#5360=ORIENTED_EDGE('',*,*,#4067,.F.);
#5361=ORIENTED_EDGE('',*,*,#4068,.T.);
#5362=ORIENTED_EDGE('',*,*,#4069,.T.);
#5363=ORIENTED_EDGE('',*,*,#4065,.F.);
#5364=ORIENTED_EDGE('',*,*,#4070,.F.);
#5365=ORIENTED_EDGE('',*,*,#4071,.T.);
#5366=ORIENTED_EDGE('',*,*,#4072,.T.);
#5367=ORIENTED_EDGE('',*,*,#4068,.F.);
#5368=ORIENTED_EDGE('',*,*,#4073,.F.);
#5369=ORIENTED_EDGE('',*,*,#4074,.T.);
#5370=ORIENTED_EDGE('',*,*,#4075,.T.);
#5371=ORIENTED_EDGE('',*,*,#4071,.F.);
#5372=ORIENTED_EDGE('',*,*,#4076,.F.);
#5373=ORIENTED_EDGE('',*,*,#4077,.T.);
#5374=ORIENTED_EDGE('',*,*,#4078,.T.);
#5375=ORIENTED_EDGE('',*,*,#4074,.F.);
#5376=ORIENTED_EDGE('',*,*,#4079,.F.);
#5377=ORIENTED_EDGE('',*,*,#4080,.T.);
#5378=ORIENTED_EDGE('',*,*,#4081,.T.);
#5379=ORIENTED_EDGE('',*,*,#4077,.F.);
#5380=ORIENTED_EDGE('',*,*,#4082,.F.);
#5381=ORIENTED_EDGE('',*,*,#4083,.T.);
#5382=ORIENTED_EDGE('',*,*,#4084,.T.);
#5383=ORIENTED_EDGE('',*,*,#4080,.F.);
#5384=ORIENTED_EDGE('',*,*,#4085,.F.);
#5385=ORIENTED_EDGE('',*,*,#4036,.T.);
#5386=ORIENTED_EDGE('',*,*,#4086,.T.);
#5387=ORIENTED_EDGE('',*,*,#4083,.F.);
#5388=ORIENTED_EDGE('',*,*,#4086,.F.);
#5389=ORIENTED_EDGE('',*,*,#4035,.F.);
#5390=ORIENTED_EDGE('',*,*,#4039,.F.);
#5391=ORIENTED_EDGE('',*,*,#4042,.F.);
#5392=ORIENTED_EDGE('',*,*,#4045,.F.);
#5393=ORIENTED_EDGE('',*,*,#4048,.F.);
#5394=ORIENTED_EDGE('',*,*,#4051,.F.);
#5395=ORIENTED_EDGE('',*,*,#4054,.F.);
#5396=ORIENTED_EDGE('',*,*,#4057,.F.);
#5397=ORIENTED_EDGE('',*,*,#4060,.F.);
#5398=ORIENTED_EDGE('',*,*,#4063,.F.);
#5399=ORIENTED_EDGE('',*,*,#4066,.F.);
#5400=ORIENTED_EDGE('',*,*,#4069,.F.);
#5401=ORIENTED_EDGE('',*,*,#4072,.F.);
#5402=ORIENTED_EDGE('',*,*,#4075,.F.);
#5403=ORIENTED_EDGE('',*,*,#4078,.F.);
#5404=ORIENTED_EDGE('',*,*,#4081,.F.);
#5405=ORIENTED_EDGE('',*,*,#4084,.F.);
#5406=ORIENTED_EDGE('',*,*,#4087,.F.);
#5407=ORIENTED_EDGE('',*,*,#4088,.T.);
#5408=ORIENTED_EDGE('',*,*,#4089,.T.);
#5409=ORIENTED_EDGE('',*,*,#4090,.F.);
#5410=ORIENTED_EDGE('',*,*,#4091,.F.);
#5411=ORIENTED_EDGE('',*,*,#4092,.T.);
#5412=ORIENTED_EDGE('',*,*,#4093,.T.);
#5413=ORIENTED_EDGE('',*,*,#4088,.F.);
#5414=ORIENTED_EDGE('',*,*,#4094,.F.);
#5415=ORIENTED_EDGE('',*,*,#4095,.T.);
#5416=ORIENTED_EDGE('',*,*,#4096,.T.);
#5417=ORIENTED_EDGE('',*,*,#4092,.F.);
#5418=ORIENTED_EDGE('',*,*,#4097,.F.);
#5419=ORIENTED_EDGE('',*,*,#4090,.T.);
#5420=ORIENTED_EDGE('',*,*,#4098,.T.);
#5421=ORIENTED_EDGE('',*,*,#4095,.F.);
#5422=ORIENTED_EDGE('',*,*,#4098,.F.);
#5423=ORIENTED_EDGE('',*,*,#4089,.F.);
#5424=ORIENTED_EDGE('',*,*,#4093,.F.);
#5425=ORIENTED_EDGE('',*,*,#4096,.F.);
#5426=ORIENTED_EDGE('',*,*,#4099,.F.);
#5427=ORIENTED_EDGE('',*,*,#4100,.T.);
#5428=ORIENTED_EDGE('',*,*,#4101,.T.);
#5429=ORIENTED_EDGE('',*,*,#4102,.F.);
#5430=ORIENTED_EDGE('',*,*,#4103,.F.);
#5431=ORIENTED_EDGE('',*,*,#4104,.T.);
#5432=ORIENTED_EDGE('',*,*,#4105,.T.);
#5433=ORIENTED_EDGE('',*,*,#4100,.F.);
#5434=ORIENTED_EDGE('',*,*,#4106,.F.);
#5435=ORIENTED_EDGE('',*,*,#4107,.T.);
#5436=ORIENTED_EDGE('',*,*,#4108,.T.);
#5437=ORIENTED_EDGE('',*,*,#4104,.F.);
#5438=ORIENTED_EDGE('',*,*,#4109,.F.);
#5439=ORIENTED_EDGE('',*,*,#4110,.T.);
#5440=ORIENTED_EDGE('',*,*,#4111,.T.);
#5441=ORIENTED_EDGE('',*,*,#4107,.F.);
#5442=ORIENTED_EDGE('',*,*,#4112,.F.);
#5443=ORIENTED_EDGE('',*,*,#4113,.T.);
#5444=ORIENTED_EDGE('',*,*,#4114,.T.);
#5445=ORIENTED_EDGE('',*,*,#4110,.F.);
#5446=ORIENTED_EDGE('',*,*,#4115,.F.);
#5447=ORIENTED_EDGE('',*,*,#4116,.T.);
#5448=ORIENTED_EDGE('',*,*,#4117,.T.);
#5449=ORIENTED_EDGE('',*,*,#4113,.F.);
#5450=ORIENTED_EDGE('',*,*,#4118,.F.);
#5451=ORIENTED_EDGE('',*,*,#4119,.T.);
#5452=ORIENTED_EDGE('',*,*,#4120,.T.);
#5453=ORIENTED_EDGE('',*,*,#4116,.F.);
#5454=ORIENTED_EDGE('',*,*,#4121,.F.);
#5455=ORIENTED_EDGE('',*,*,#4102,.T.);
#5456=ORIENTED_EDGE('',*,*,#4122,.T.);
#5457=ORIENTED_EDGE('',*,*,#4119,.F.);
#5458=ORIENTED_EDGE('',*,*,#4123,.F.);
#5459=ORIENTED_EDGE('',*,*,#4124,.T.);
#5460=ORIENTED_EDGE('',*,*,#4125,.T.);
#5461=ORIENTED_EDGE('',*,*,#4126,.F.);
#5462=ORIENTED_EDGE('',*,*,#4127,.F.);
#5463=ORIENTED_EDGE('',*,*,#4128,.T.);
#5464=ORIENTED_EDGE('',*,*,#4129,.T.);
#5465=ORIENTED_EDGE('',*,*,#4124,.F.);
#5466=ORIENTED_EDGE('',*,*,#4130,.F.);
#5467=ORIENTED_EDGE('',*,*,#4131,.T.);
#5468=ORIENTED_EDGE('',*,*,#4132,.T.);
#5469=ORIENTED_EDGE('',*,*,#4128,.F.);
#5470=ORIENTED_EDGE('',*,*,#4133,.F.);
#5471=ORIENTED_EDGE('',*,*,#4134,.T.);
#5472=ORIENTED_EDGE('',*,*,#4135,.T.);
#5473=ORIENTED_EDGE('',*,*,#4131,.F.);
#5474=ORIENTED_EDGE('',*,*,#4136,.F.);
#5475=ORIENTED_EDGE('',*,*,#4137,.T.);
#5476=ORIENTED_EDGE('',*,*,#4138,.T.);
#5477=ORIENTED_EDGE('',*,*,#4134,.F.);
#5478=ORIENTED_EDGE('',*,*,#4139,.F.);
#5479=ORIENTED_EDGE('',*,*,#4140,.T.);
#5480=ORIENTED_EDGE('',*,*,#4141,.T.);
#5481=ORIENTED_EDGE('',*,*,#4137,.F.);
#5482=ORIENTED_EDGE('',*,*,#4142,.F.);
#5483=ORIENTED_EDGE('',*,*,#4143,.T.);
#5484=ORIENTED_EDGE('',*,*,#4144,.T.);
#5485=ORIENTED_EDGE('',*,*,#4140,.F.);
#5486=ORIENTED_EDGE('',*,*,#4145,.F.);
#5487=ORIENTED_EDGE('',*,*,#4146,.T.);
#5488=ORIENTED_EDGE('',*,*,#4147,.T.);
#5489=ORIENTED_EDGE('',*,*,#4143,.F.);
#5490=ORIENTED_EDGE('',*,*,#4148,.F.);
#5491=ORIENTED_EDGE('',*,*,#4149,.T.);
#5492=ORIENTED_EDGE('',*,*,#4150,.T.);
#5493=ORIENTED_EDGE('',*,*,#4146,.F.);
#5494=ORIENTED_EDGE('',*,*,#4151,.F.);
#5495=ORIENTED_EDGE('',*,*,#4152,.T.);
#5496=ORIENTED_EDGE('',*,*,#4153,.T.);
#5497=ORIENTED_EDGE('',*,*,#4149,.F.);
#5498=ORIENTED_EDGE('',*,*,#4154,.F.);
#5499=ORIENTED_EDGE('',*,*,#4126,.T.);
#5500=ORIENTED_EDGE('',*,*,#4155,.T.);
#5501=ORIENTED_EDGE('',*,*,#4152,.F.);
#5502=ORIENTED_EDGE('',*,*,#4155,.F.);
#5503=ORIENTED_EDGE('',*,*,#4125,.F.);
#5504=ORIENTED_EDGE('',*,*,#4129,.F.);
#5505=ORIENTED_EDGE('',*,*,#4132,.F.);
#5506=ORIENTED_EDGE('',*,*,#4135,.F.);
#5507=ORIENTED_EDGE('',*,*,#4138,.F.);
#5508=ORIENTED_EDGE('',*,*,#4141,.F.);
#5509=ORIENTED_EDGE('',*,*,#4144,.F.);
#5510=ORIENTED_EDGE('',*,*,#4147,.F.);
#5511=ORIENTED_EDGE('',*,*,#4150,.F.);
#5512=ORIENTED_EDGE('',*,*,#4153,.F.);
#5513=ORIENTED_EDGE('',*,*,#4122,.F.);
#5514=ORIENTED_EDGE('',*,*,#4101,.F.);
#5515=ORIENTED_EDGE('',*,*,#4105,.F.);
#5516=ORIENTED_EDGE('',*,*,#4108,.F.);
#5517=ORIENTED_EDGE('',*,*,#4111,.F.);
#5518=ORIENTED_EDGE('',*,*,#4114,.F.);
#5519=ORIENTED_EDGE('',*,*,#4117,.F.);
#5520=ORIENTED_EDGE('',*,*,#4120,.F.);
#5521=ORIENTED_EDGE('',*,*,#4156,.F.);
#5522=ORIENTED_EDGE('',*,*,#4157,.T.);
#5523=ORIENTED_EDGE('',*,*,#4158,.T.);
#5524=ORIENTED_EDGE('',*,*,#4159,.F.);
#5525=ORIENTED_EDGE('',*,*,#4160,.F.);
#5526=ORIENTED_EDGE('',*,*,#4161,.T.);
#5527=ORIENTED_EDGE('',*,*,#4162,.T.);
#5528=ORIENTED_EDGE('',*,*,#4157,.F.);
#5529=ORIENTED_EDGE('',*,*,#4163,.F.);
#5530=ORIENTED_EDGE('',*,*,#4164,.T.);
#5531=ORIENTED_EDGE('',*,*,#4165,.T.);
#5532=ORIENTED_EDGE('',*,*,#4161,.F.);
#5533=ORIENTED_EDGE('',*,*,#4166,.F.);
#5534=ORIENTED_EDGE('',*,*,#4167,.T.);
#5535=ORIENTED_EDGE('',*,*,#4168,.T.);
#5536=ORIENTED_EDGE('',*,*,#4164,.F.);
#5537=ORIENTED_EDGE('',*,*,#4169,.F.);
#5538=ORIENTED_EDGE('',*,*,#4170,.T.);
#5539=ORIENTED_EDGE('',*,*,#4171,.T.);
#5540=ORIENTED_EDGE('',*,*,#4167,.F.);
#5541=ORIENTED_EDGE('',*,*,#4172,.F.);
#5542=ORIENTED_EDGE('',*,*,#4173,.T.);
#5543=ORIENTED_EDGE('',*,*,#4174,.T.);
#5544=ORIENTED_EDGE('',*,*,#4170,.F.);
#5545=ORIENTED_EDGE('',*,*,#4175,.F.);
#5546=ORIENTED_EDGE('',*,*,#4176,.T.);
#5547=ORIENTED_EDGE('',*,*,#4177,.T.);
#5548=ORIENTED_EDGE('',*,*,#4173,.F.);
#5549=ORIENTED_EDGE('',*,*,#4178,.F.);
#5550=ORIENTED_EDGE('',*,*,#4179,.T.);
#5551=ORIENTED_EDGE('',*,*,#4180,.T.);
#5552=ORIENTED_EDGE('',*,*,#4176,.F.);
#5553=ORIENTED_EDGE('',*,*,#4181,.F.);
#5554=ORIENTED_EDGE('',*,*,#4182,.T.);
#5555=ORIENTED_EDGE('',*,*,#4183,.T.);
#5556=ORIENTED_EDGE('',*,*,#4179,.F.);
#5557=ORIENTED_EDGE('',*,*,#4184,.F.);
#5558=ORIENTED_EDGE('',*,*,#4159,.T.);
#5559=ORIENTED_EDGE('',*,*,#4185,.T.);
#5560=ORIENTED_EDGE('',*,*,#4182,.F.);
#5561=ORIENTED_EDGE('',*,*,#4186,.F.);
#5562=ORIENTED_EDGE('',*,*,#4187,.T.);
#5563=ORIENTED_EDGE('',*,*,#4188,.T.);
#5564=ORIENTED_EDGE('',*,*,#4189,.F.);
#5565=ORIENTED_EDGE('',*,*,#4190,.F.);
#5566=ORIENTED_EDGE('',*,*,#4191,.T.);
#5567=ORIENTED_EDGE('',*,*,#4192,.T.);
#5568=ORIENTED_EDGE('',*,*,#4187,.F.);
#5569=ORIENTED_EDGE('',*,*,#4193,.F.);
#5570=ORIENTED_EDGE('',*,*,#4194,.T.);
#5571=ORIENTED_EDGE('',*,*,#4195,.T.);
#5572=ORIENTED_EDGE('',*,*,#4191,.F.);
#5573=ORIENTED_EDGE('',*,*,#4196,.F.);
#5574=ORIENTED_EDGE('',*,*,#4197,.T.);
#5575=ORIENTED_EDGE('',*,*,#4198,.T.);
#5576=ORIENTED_EDGE('',*,*,#4194,.F.);
#5577=ORIENTED_EDGE('',*,*,#4199,.F.);
#5578=ORIENTED_EDGE('',*,*,#4200,.T.);
#5579=ORIENTED_EDGE('',*,*,#4201,.T.);
#5580=ORIENTED_EDGE('',*,*,#4197,.F.);
#5581=ORIENTED_EDGE('',*,*,#4202,.F.);
#5582=ORIENTED_EDGE('',*,*,#4203,.T.);
#5583=ORIENTED_EDGE('',*,*,#4204,.T.);
#5584=ORIENTED_EDGE('',*,*,#4200,.F.);
#5585=ORIENTED_EDGE('',*,*,#4205,.F.);
#5586=ORIENTED_EDGE('',*,*,#4206,.T.);
#5587=ORIENTED_EDGE('',*,*,#4207,.T.);
#5588=ORIENTED_EDGE('',*,*,#4203,.F.);
#5589=ORIENTED_EDGE('',*,*,#4208,.F.);
#5590=ORIENTED_EDGE('',*,*,#4209,.T.);
#5591=ORIENTED_EDGE('',*,*,#4210,.T.);
#5592=ORIENTED_EDGE('',*,*,#4206,.F.);
#5593=ORIENTED_EDGE('',*,*,#4211,.F.);
#5594=ORIENTED_EDGE('',*,*,#4212,.T.);
#5595=ORIENTED_EDGE('',*,*,#4213,.T.);
#5596=ORIENTED_EDGE('',*,*,#4209,.F.);
#5597=ORIENTED_EDGE('',*,*,#4214,.F.);
#5598=ORIENTED_EDGE('',*,*,#4215,.T.);
#5599=ORIENTED_EDGE('',*,*,#4216,.T.);
#5600=ORIENTED_EDGE('',*,*,#4212,.F.);
#5601=ORIENTED_EDGE('',*,*,#4217,.F.);
#5602=ORIENTED_EDGE('',*,*,#4218,.T.);
#5603=ORIENTED_EDGE('',*,*,#4219,.T.);
#5604=ORIENTED_EDGE('',*,*,#4215,.F.);
#5605=ORIENTED_EDGE('',*,*,#4220,.F.);
#5606=ORIENTED_EDGE('',*,*,#4221,.T.);
#5607=ORIENTED_EDGE('',*,*,#4222,.T.);
#5608=ORIENTED_EDGE('',*,*,#4218,.F.);
#5609=ORIENTED_EDGE('',*,*,#4223,.F.);
#5610=ORIENTED_EDGE('',*,*,#4224,.T.);
#5611=ORIENTED_EDGE('',*,*,#4225,.T.);
#5612=ORIENTED_EDGE('',*,*,#4221,.F.);
#5613=ORIENTED_EDGE('',*,*,#4226,.F.);
#5614=ORIENTED_EDGE('',*,*,#4227,.T.);
#5615=ORIENTED_EDGE('',*,*,#4228,.T.);
#5616=ORIENTED_EDGE('',*,*,#4224,.F.);
#5617=ORIENTED_EDGE('',*,*,#4229,.F.);
#5618=ORIENTED_EDGE('',*,*,#4230,.T.);
#5619=ORIENTED_EDGE('',*,*,#4231,.T.);
#5620=ORIENTED_EDGE('',*,*,#4227,.F.);
#5621=ORIENTED_EDGE('',*,*,#4232,.F.);
#5622=ORIENTED_EDGE('',*,*,#4233,.T.);
#5623=ORIENTED_EDGE('',*,*,#4234,.T.);
#5624=ORIENTED_EDGE('',*,*,#4230,.F.);
#5625=ORIENTED_EDGE('',*,*,#4235,.F.);
#5626=ORIENTED_EDGE('',*,*,#4236,.T.);
#5627=ORIENTED_EDGE('',*,*,#4237,.T.);
#5628=ORIENTED_EDGE('',*,*,#4233,.F.);
#5629=ORIENTED_EDGE('',*,*,#4238,.F.);
#5630=ORIENTED_EDGE('',*,*,#4239,.T.);
#5631=ORIENTED_EDGE('',*,*,#4240,.T.);
#5632=ORIENTED_EDGE('',*,*,#4236,.F.);
#5633=ORIENTED_EDGE('',*,*,#4241,.F.);
#5634=ORIENTED_EDGE('',*,*,#4242,.T.);
#5635=ORIENTED_EDGE('',*,*,#4243,.T.);
#5636=ORIENTED_EDGE('',*,*,#4239,.F.);
#5637=ORIENTED_EDGE('',*,*,#4244,.F.);
#5638=ORIENTED_EDGE('',*,*,#4245,.T.);
#5639=ORIENTED_EDGE('',*,*,#4246,.T.);
#5640=ORIENTED_EDGE('',*,*,#4242,.F.);
#5641=ORIENTED_EDGE('',*,*,#4247,.F.);
#5642=ORIENTED_EDGE('',*,*,#4248,.T.);
#5643=ORIENTED_EDGE('',*,*,#4249,.T.);
#5644=ORIENTED_EDGE('',*,*,#4245,.F.);
#5645=ORIENTED_EDGE('',*,*,#4250,.F.);
#5646=ORIENTED_EDGE('',*,*,#4251,.T.);
#5647=ORIENTED_EDGE('',*,*,#4252,.T.);
#5648=ORIENTED_EDGE('',*,*,#4248,.F.);
#5649=ORIENTED_EDGE('',*,*,#4253,.F.);
#5650=ORIENTED_EDGE('',*,*,#4254,.T.);
#5651=ORIENTED_EDGE('',*,*,#4255,.T.);
#5652=ORIENTED_EDGE('',*,*,#4251,.F.);
#5653=ORIENTED_EDGE('',*,*,#4256,.F.);
#5654=ORIENTED_EDGE('',*,*,#4257,.T.);
#5655=ORIENTED_EDGE('',*,*,#4258,.T.);
#5656=ORIENTED_EDGE('',*,*,#4254,.F.);
#5657=ORIENTED_EDGE('',*,*,#4259,.F.);
#5658=ORIENTED_EDGE('',*,*,#4260,.T.);
#5659=ORIENTED_EDGE('',*,*,#4261,.T.);
#5660=ORIENTED_EDGE('',*,*,#4257,.F.);
#5661=ORIENTED_EDGE('',*,*,#4262,.F.);
#5662=ORIENTED_EDGE('',*,*,#4263,.T.);
#5663=ORIENTED_EDGE('',*,*,#4264,.T.);
#5664=ORIENTED_EDGE('',*,*,#4260,.F.);
#5665=ORIENTED_EDGE('',*,*,#4265,.F.);
#5666=ORIENTED_EDGE('',*,*,#4189,.T.);
#5667=ORIENTED_EDGE('',*,*,#4266,.T.);
#5668=ORIENTED_EDGE('',*,*,#4263,.F.);
#5669=ORIENTED_EDGE('',*,*,#4266,.F.);
#5670=ORIENTED_EDGE('',*,*,#4188,.F.);
#5671=ORIENTED_EDGE('',*,*,#4192,.F.);
#5672=ORIENTED_EDGE('',*,*,#4195,.F.);
#5673=ORIENTED_EDGE('',*,*,#4198,.F.);
#5674=ORIENTED_EDGE('',*,*,#4201,.F.);
#5675=ORIENTED_EDGE('',*,*,#4204,.F.);
#5676=ORIENTED_EDGE('',*,*,#4207,.F.);
#5677=ORIENTED_EDGE('',*,*,#4210,.F.);
#5678=ORIENTED_EDGE('',*,*,#4213,.F.);
#5679=ORIENTED_EDGE('',*,*,#4216,.F.);
#5680=ORIENTED_EDGE('',*,*,#4219,.F.);
#5681=ORIENTED_EDGE('',*,*,#4222,.F.);
#5682=ORIENTED_EDGE('',*,*,#4225,.F.);
#5683=ORIENTED_EDGE('',*,*,#4228,.F.);
#5684=ORIENTED_EDGE('',*,*,#4231,.F.);
#5685=ORIENTED_EDGE('',*,*,#4234,.F.);
#5686=ORIENTED_EDGE('',*,*,#4237,.F.);
#5687=ORIENTED_EDGE('',*,*,#4240,.F.);
#5688=ORIENTED_EDGE('',*,*,#4243,.F.);
#5689=ORIENTED_EDGE('',*,*,#4246,.F.);
#5690=ORIENTED_EDGE('',*,*,#4249,.F.);
#5691=ORIENTED_EDGE('',*,*,#4252,.F.);
#5692=ORIENTED_EDGE('',*,*,#4255,.F.);
#5693=ORIENTED_EDGE('',*,*,#4258,.F.);
#5694=ORIENTED_EDGE('',*,*,#4261,.F.);
#5695=ORIENTED_EDGE('',*,*,#4264,.F.);
#5696=ORIENTED_EDGE('',*,*,#4185,.F.);
#5697=ORIENTED_EDGE('',*,*,#4158,.F.);
#5698=ORIENTED_EDGE('',*,*,#4162,.F.);
#5699=ORIENTED_EDGE('',*,*,#4165,.F.);
#5700=ORIENTED_EDGE('',*,*,#4168,.F.);
#5701=ORIENTED_EDGE('',*,*,#4171,.F.);
#5702=ORIENTED_EDGE('',*,*,#4174,.F.);
#5703=ORIENTED_EDGE('',*,*,#4177,.F.);
#5704=ORIENTED_EDGE('',*,*,#4180,.F.);
#5705=ORIENTED_EDGE('',*,*,#4183,.F.);
#5706=ORIENTED_EDGE('',*,*,#4267,.F.);
#5707=ORIENTED_EDGE('',*,*,#4268,.T.);
#5708=ORIENTED_EDGE('',*,*,#4269,.T.);
#5709=ORIENTED_EDGE('',*,*,#4270,.F.);
#5710=ORIENTED_EDGE('',*,*,#4271,.F.);
#5711=ORIENTED_EDGE('',*,*,#4272,.T.);
#5712=ORIENTED_EDGE('',*,*,#4273,.T.);
#5713=ORIENTED_EDGE('',*,*,#4268,.F.);
#5714=ORIENTED_EDGE('',*,*,#4274,.F.);
#5715=ORIENTED_EDGE('',*,*,#4275,.T.);
#5716=ORIENTED_EDGE('',*,*,#4276,.T.);
#5717=ORIENTED_EDGE('',*,*,#4272,.F.);
#5718=ORIENTED_EDGE('',*,*,#4277,.F.);
#5719=ORIENTED_EDGE('',*,*,#4278,.T.);
#5720=ORIENTED_EDGE('',*,*,#4279,.T.);
#5721=ORIENTED_EDGE('',*,*,#4275,.F.);
#5722=ORIENTED_EDGE('',*,*,#4280,.F.);
#5723=ORIENTED_EDGE('',*,*,#4281,.T.);
#5724=ORIENTED_EDGE('',*,*,#4282,.T.);
#5725=ORIENTED_EDGE('',*,*,#4278,.F.);
#5726=ORIENTED_EDGE('',*,*,#4283,.F.);
#5727=ORIENTED_EDGE('',*,*,#4284,.T.);
#5728=ORIENTED_EDGE('',*,*,#4285,.T.);
#5729=ORIENTED_EDGE('',*,*,#4281,.F.);
#5730=ORIENTED_EDGE('',*,*,#4286,.F.);
#5731=ORIENTED_EDGE('',*,*,#4287,.T.);
#5732=ORIENTED_EDGE('',*,*,#4288,.T.);
#5733=ORIENTED_EDGE('',*,*,#4284,.F.);
#5734=ORIENTED_EDGE('',*,*,#4289,.F.);
#5735=ORIENTED_EDGE('',*,*,#4290,.T.);
#5736=ORIENTED_EDGE('',*,*,#4291,.T.);
#5737=ORIENTED_EDGE('',*,*,#4287,.F.);
#5738=ORIENTED_EDGE('',*,*,#4292,.F.);
#5739=ORIENTED_EDGE('',*,*,#4293,.T.);
#5740=ORIENTED_EDGE('',*,*,#4294,.T.);
#5741=ORIENTED_EDGE('',*,*,#4290,.F.);
#5742=ORIENTED_EDGE('',*,*,#4295,.F.);
#5743=ORIENTED_EDGE('',*,*,#4296,.T.);
#5744=ORIENTED_EDGE('',*,*,#4297,.T.);
#5745=ORIENTED_EDGE('',*,*,#4293,.F.);
#5746=ORIENTED_EDGE('',*,*,#4298,.F.);
#5747=ORIENTED_EDGE('',*,*,#4299,.T.);
#5748=ORIENTED_EDGE('',*,*,#4300,.T.);
#5749=ORIENTED_EDGE('',*,*,#4296,.F.);
#5750=ORIENTED_EDGE('',*,*,#4301,.F.);
#5751=ORIENTED_EDGE('',*,*,#4302,.T.);
#5752=ORIENTED_EDGE('',*,*,#4303,.T.);
#5753=ORIENTED_EDGE('',*,*,#4299,.F.);
#5754=ORIENTED_EDGE('',*,*,#4304,.F.);
#5755=ORIENTED_EDGE('',*,*,#4305,.T.);
#5756=ORIENTED_EDGE('',*,*,#4306,.T.);
#5757=ORIENTED_EDGE('',*,*,#4302,.F.);
#5758=ORIENTED_EDGE('',*,*,#4307,.F.);
#5759=ORIENTED_EDGE('',*,*,#4308,.T.);
#5760=ORIENTED_EDGE('',*,*,#4309,.T.);
#5761=ORIENTED_EDGE('',*,*,#4305,.F.);
#5762=ORIENTED_EDGE('',*,*,#4310,.F.);
#5763=ORIENTED_EDGE('',*,*,#4311,.T.);
#5764=ORIENTED_EDGE('',*,*,#4312,.T.);
#5765=ORIENTED_EDGE('',*,*,#4308,.F.);
#5766=ORIENTED_EDGE('',*,*,#4313,.F.);
#5767=ORIENTED_EDGE('',*,*,#4314,.T.);
#5768=ORIENTED_EDGE('',*,*,#4315,.T.);
#5769=ORIENTED_EDGE('',*,*,#4311,.F.);
#5770=ORIENTED_EDGE('',*,*,#4316,.F.);
#5771=ORIENTED_EDGE('',*,*,#4317,.T.);
#5772=ORIENTED_EDGE('',*,*,#4318,.T.);
#5773=ORIENTED_EDGE('',*,*,#4314,.F.);
#5774=ORIENTED_EDGE('',*,*,#4319,.F.);
#5775=ORIENTED_EDGE('',*,*,#4320,.T.);
#5776=ORIENTED_EDGE('',*,*,#4321,.T.);
#5777=ORIENTED_EDGE('',*,*,#4317,.F.);
#5778=ORIENTED_EDGE('',*,*,#4322,.F.);
#5779=ORIENTED_EDGE('',*,*,#4323,.T.);
#5780=ORIENTED_EDGE('',*,*,#4324,.T.);
#5781=ORIENTED_EDGE('',*,*,#4320,.F.);
#5782=ORIENTED_EDGE('',*,*,#4325,.F.);
#5783=ORIENTED_EDGE('',*,*,#4270,.T.);
#5784=ORIENTED_EDGE('',*,*,#4326,.T.);
#5785=ORIENTED_EDGE('',*,*,#4323,.F.);
#5786=ORIENTED_EDGE('',*,*,#4326,.F.);
#5787=ORIENTED_EDGE('',*,*,#4269,.F.);
#5788=ORIENTED_EDGE('',*,*,#4273,.F.);
#5789=ORIENTED_EDGE('',*,*,#4276,.F.);
#5790=ORIENTED_EDGE('',*,*,#4279,.F.);
#5791=ORIENTED_EDGE('',*,*,#4282,.F.);
#5792=ORIENTED_EDGE('',*,*,#4285,.F.);
#5793=ORIENTED_EDGE('',*,*,#4288,.F.);
#5794=ORIENTED_EDGE('',*,*,#4291,.F.);
#5795=ORIENTED_EDGE('',*,*,#4294,.F.);
#5796=ORIENTED_EDGE('',*,*,#4297,.F.);
#5797=ORIENTED_EDGE('',*,*,#4300,.F.);
#5798=ORIENTED_EDGE('',*,*,#4303,.F.);
#5799=ORIENTED_EDGE('',*,*,#4306,.F.);
#5800=ORIENTED_EDGE('',*,*,#4309,.F.);
#5801=ORIENTED_EDGE('',*,*,#4312,.F.);
#5802=ORIENTED_EDGE('',*,*,#4315,.F.);
#5803=ORIENTED_EDGE('',*,*,#4318,.F.);
#5804=ORIENTED_EDGE('',*,*,#4321,.F.);
#5805=ORIENTED_EDGE('',*,*,#4324,.F.);
#5806=ORIENTED_EDGE('',*,*,#4327,.F.);
#5807=ORIENTED_EDGE('',*,*,#4328,.T.);
#5808=ORIENTED_EDGE('',*,*,#4329,.T.);
#5809=ORIENTED_EDGE('',*,*,#4330,.F.);
#5810=ORIENTED_EDGE('',*,*,#4331,.F.);
#5811=ORIENTED_EDGE('',*,*,#4332,.T.);
#5812=ORIENTED_EDGE('',*,*,#4333,.T.);
#5813=ORIENTED_EDGE('',*,*,#4328,.F.);
#5814=ORIENTED_EDGE('',*,*,#4334,.F.);
#5815=ORIENTED_EDGE('',*,*,#4335,.T.);
#5816=ORIENTED_EDGE('',*,*,#4336,.T.);
#5817=ORIENTED_EDGE('',*,*,#4332,.F.);
#5818=ORIENTED_EDGE('',*,*,#4337,.F.);
#5819=ORIENTED_EDGE('',*,*,#4330,.T.);
#5820=ORIENTED_EDGE('',*,*,#4338,.T.);
#5821=ORIENTED_EDGE('',*,*,#4335,.F.);
#5822=ORIENTED_EDGE('',*,*,#4338,.F.);
#5823=ORIENTED_EDGE('',*,*,#4329,.F.);
#5824=ORIENTED_EDGE('',*,*,#4333,.F.);
#5825=ORIENTED_EDGE('',*,*,#4336,.F.);
#5826=ORIENTED_EDGE('',*,*,#4339,.F.);
#5827=ORIENTED_EDGE('',*,*,#4340,.T.);
#5828=ORIENTED_EDGE('',*,*,#4341,.T.);
#5829=ORIENTED_EDGE('',*,*,#4342,.F.);
#5830=ORIENTED_EDGE('',*,*,#4343,.F.);
#5831=ORIENTED_EDGE('',*,*,#4344,.T.);
#5832=ORIENTED_EDGE('',*,*,#4345,.T.);
#5833=ORIENTED_EDGE('',*,*,#4340,.F.);
#5834=ORIENTED_EDGE('',*,*,#4346,.F.);
#5835=ORIENTED_EDGE('',*,*,#4347,.T.);
#5836=ORIENTED_EDGE('',*,*,#4348,.T.);
#5837=ORIENTED_EDGE('',*,*,#4344,.F.);
#5838=ORIENTED_EDGE('',*,*,#4349,.F.);
#5839=ORIENTED_EDGE('',*,*,#4342,.T.);
#5840=ORIENTED_EDGE('',*,*,#4350,.T.);
#5841=ORIENTED_EDGE('',*,*,#4347,.F.);
#5842=ORIENTED_EDGE('',*,*,#4350,.F.);
#5843=ORIENTED_EDGE('',*,*,#4341,.F.);
#5844=ORIENTED_EDGE('',*,*,#4345,.F.);
#5845=ORIENTED_EDGE('',*,*,#4348,.F.);
#5846=ORIENTED_EDGE('',*,*,#4351,.F.);
#5847=ORIENTED_EDGE('',*,*,#4352,.T.);
#5848=ORIENTED_EDGE('',*,*,#4353,.T.);
#5849=ORIENTED_EDGE('',*,*,#4354,.F.);
#5850=ORIENTED_EDGE('',*,*,#4355,.F.);
#5851=ORIENTED_EDGE('',*,*,#4356,.T.);
#5852=ORIENTED_EDGE('',*,*,#4357,.T.);
#5853=ORIENTED_EDGE('',*,*,#4352,.F.);
#5854=ORIENTED_EDGE('',*,*,#4358,.F.);
#5855=ORIENTED_EDGE('',*,*,#4359,.T.);
#5856=ORIENTED_EDGE('',*,*,#4360,.T.);
#5857=ORIENTED_EDGE('',*,*,#4356,.F.);
#5858=ORIENTED_EDGE('',*,*,#4361,.F.);
#5859=ORIENTED_EDGE('',*,*,#4362,.T.);
#5860=ORIENTED_EDGE('',*,*,#4363,.T.);
#5861=ORIENTED_EDGE('',*,*,#4359,.F.);
#5862=ORIENTED_EDGE('',*,*,#4364,.F.);
#5863=ORIENTED_EDGE('',*,*,#4354,.T.);
#5864=ORIENTED_EDGE('',*,*,#4365,.T.);
#5865=ORIENTED_EDGE('',*,*,#4362,.F.);
#5866=ORIENTED_EDGE('',*,*,#4366,.F.);
#5867=ORIENTED_EDGE('',*,*,#4367,.T.);
#5868=ORIENTED_EDGE('',*,*,#4368,.T.);
#5869=ORIENTED_EDGE('',*,*,#4369,.F.);
#5870=ORIENTED_EDGE('',*,*,#4370,.F.);
#5871=ORIENTED_EDGE('',*,*,#4371,.T.);
#5872=ORIENTED_EDGE('',*,*,#4372,.T.);
#5873=ORIENTED_EDGE('',*,*,#4367,.F.);
#5874=ORIENTED_EDGE('',*,*,#4373,.F.);
#5875=ORIENTED_EDGE('',*,*,#4374,.T.);
#5876=ORIENTED_EDGE('',*,*,#4375,.T.);
#5877=ORIENTED_EDGE('',*,*,#4371,.F.);
#5878=ORIENTED_EDGE('',*,*,#4376,.F.);
#5879=ORIENTED_EDGE('',*,*,#4377,.T.);
#5880=ORIENTED_EDGE('',*,*,#4378,.T.);
#5881=ORIENTED_EDGE('',*,*,#4374,.F.);
#5882=ORIENTED_EDGE('',*,*,#4379,.F.);
#5883=ORIENTED_EDGE('',*,*,#4380,.T.);
#5884=ORIENTED_EDGE('',*,*,#4381,.T.);
#5885=ORIENTED_EDGE('',*,*,#4377,.F.);
#5886=ORIENTED_EDGE('',*,*,#4382,.F.);
#5887=ORIENTED_EDGE('',*,*,#4383,.T.);
#5888=ORIENTED_EDGE('',*,*,#4384,.T.);
#5889=ORIENTED_EDGE('',*,*,#4380,.F.);
#5890=ORIENTED_EDGE('',*,*,#4385,.F.);
#5891=ORIENTED_EDGE('',*,*,#4386,.T.);
#5892=ORIENTED_EDGE('',*,*,#4387,.T.);
#5893=ORIENTED_EDGE('',*,*,#4383,.F.);
#5894=ORIENTED_EDGE('',*,*,#4388,.F.);
#5895=ORIENTED_EDGE('',*,*,#4389,.T.);
#5896=ORIENTED_EDGE('',*,*,#4390,.T.);
#5897=ORIENTED_EDGE('',*,*,#4386,.F.);
#5898=ORIENTED_EDGE('',*,*,#4391,.F.);
#5899=ORIENTED_EDGE('',*,*,#4392,.T.);
#5900=ORIENTED_EDGE('',*,*,#4393,.T.);
#5901=ORIENTED_EDGE('',*,*,#4389,.F.);
#5902=ORIENTED_EDGE('',*,*,#4394,.F.);
#5903=ORIENTED_EDGE('',*,*,#4395,.T.);
#5904=ORIENTED_EDGE('',*,*,#4396,.T.);
#5905=ORIENTED_EDGE('',*,*,#4392,.F.);
#5906=ORIENTED_EDGE('',*,*,#4397,.F.);
#5907=ORIENTED_EDGE('',*,*,#4398,.T.);
#5908=ORIENTED_EDGE('',*,*,#4399,.T.);
#5909=ORIENTED_EDGE('',*,*,#4395,.F.);
#5910=ORIENTED_EDGE('',*,*,#4400,.F.);
#5911=ORIENTED_EDGE('',*,*,#4401,.T.);
#5912=ORIENTED_EDGE('',*,*,#4402,.T.);
#5913=ORIENTED_EDGE('',*,*,#4398,.F.);
#5914=ORIENTED_EDGE('',*,*,#4403,.F.);
#5915=ORIENTED_EDGE('',*,*,#4404,.T.);
#5916=ORIENTED_EDGE('',*,*,#4405,.T.);
#5917=ORIENTED_EDGE('',*,*,#4401,.F.);
#5918=ORIENTED_EDGE('',*,*,#4406,.F.);
#5919=ORIENTED_EDGE('',*,*,#4407,.T.);
#5920=ORIENTED_EDGE('',*,*,#4408,.T.);
#5921=ORIENTED_EDGE('',*,*,#4404,.F.);
#5922=ORIENTED_EDGE('',*,*,#4409,.F.);
#5923=ORIENTED_EDGE('',*,*,#4369,.T.);
#5924=ORIENTED_EDGE('',*,*,#4410,.T.);
#5925=ORIENTED_EDGE('',*,*,#4407,.F.);
#5926=ORIENTED_EDGE('',*,*,#4410,.F.);
#5927=ORIENTED_EDGE('',*,*,#4368,.F.);
#5928=ORIENTED_EDGE('',*,*,#4372,.F.);
#5929=ORIENTED_EDGE('',*,*,#4375,.F.);
#5930=ORIENTED_EDGE('',*,*,#4378,.F.);
#5931=ORIENTED_EDGE('',*,*,#4381,.F.);
#5932=ORIENTED_EDGE('',*,*,#4384,.F.);
#5933=ORIENTED_EDGE('',*,*,#4387,.F.);
#5934=ORIENTED_EDGE('',*,*,#4390,.F.);
#5935=ORIENTED_EDGE('',*,*,#4393,.F.);
#5936=ORIENTED_EDGE('',*,*,#4396,.F.);
#5937=ORIENTED_EDGE('',*,*,#4399,.F.);
#5938=ORIENTED_EDGE('',*,*,#4402,.F.);
#5939=ORIENTED_EDGE('',*,*,#4405,.F.);
#5940=ORIENTED_EDGE('',*,*,#4408,.F.);
#5941=ORIENTED_EDGE('',*,*,#4365,.F.);
#5942=ORIENTED_EDGE('',*,*,#4353,.F.);
#5943=ORIENTED_EDGE('',*,*,#4357,.F.);
#5944=ORIENTED_EDGE('',*,*,#4360,.F.);
#5945=ORIENTED_EDGE('',*,*,#4363,.F.);
#5946=ORIENTED_EDGE('',*,*,#4411,.F.);
#5947=ORIENTED_EDGE('',*,*,#4412,.T.);
#5948=ORIENTED_EDGE('',*,*,#4413,.T.);
#5949=ORIENTED_EDGE('',*,*,#4414,.F.);
#5950=ORIENTED_EDGE('',*,*,#4415,.F.);
#5951=ORIENTED_EDGE('',*,*,#4416,.T.);
#5952=ORIENTED_EDGE('',*,*,#4417,.T.);
#5953=ORIENTED_EDGE('',*,*,#4412,.F.);
#5954=ORIENTED_EDGE('',*,*,#4418,.F.);
#5955=ORIENTED_EDGE('',*,*,#4419,.T.);
#5956=ORIENTED_EDGE('',*,*,#4420,.T.);
#5957=ORIENTED_EDGE('',*,*,#4416,.F.);
#5958=ORIENTED_EDGE('',*,*,#4421,.F.);
#5959=ORIENTED_EDGE('',*,*,#4422,.T.);
#5960=ORIENTED_EDGE('',*,*,#4423,.T.);
#5961=ORIENTED_EDGE('',*,*,#4419,.F.);
#5962=ORIENTED_EDGE('',*,*,#4424,.F.);
#5963=ORIENTED_EDGE('',*,*,#4425,.T.);
#5964=ORIENTED_EDGE('',*,*,#4426,.T.);
#5965=ORIENTED_EDGE('',*,*,#4422,.F.);
#5966=ORIENTED_EDGE('',*,*,#4427,.F.);
#5967=ORIENTED_EDGE('',*,*,#4428,.T.);
#5968=ORIENTED_EDGE('',*,*,#4429,.T.);
#5969=ORIENTED_EDGE('',*,*,#4425,.F.);
#5970=ORIENTED_EDGE('',*,*,#4430,.F.);
#5971=ORIENTED_EDGE('',*,*,#4431,.T.);
#5972=ORIENTED_EDGE('',*,*,#4432,.T.);
#5973=ORIENTED_EDGE('',*,*,#4428,.F.);
#5974=ORIENTED_EDGE('',*,*,#4433,.F.);
#5975=ORIENTED_EDGE('',*,*,#4414,.T.);
#5976=ORIENTED_EDGE('',*,*,#4434,.T.);
#5977=ORIENTED_EDGE('',*,*,#4431,.F.);
#5978=ORIENTED_EDGE('',*,*,#4435,.F.);
#5979=ORIENTED_EDGE('',*,*,#4436,.T.);
#5980=ORIENTED_EDGE('',*,*,#4437,.T.);
#5981=ORIENTED_EDGE('',*,*,#4438,.F.);
#5982=ORIENTED_EDGE('',*,*,#4439,.F.);
#5983=ORIENTED_EDGE('',*,*,#4440,.T.);
#5984=ORIENTED_EDGE('',*,*,#4441,.T.);
#5985=ORIENTED_EDGE('',*,*,#4436,.F.);
#5986=ORIENTED_EDGE('',*,*,#4442,.F.);
#5987=ORIENTED_EDGE('',*,*,#4443,.T.);
#5988=ORIENTED_EDGE('',*,*,#4444,.T.);
#5989=ORIENTED_EDGE('',*,*,#4440,.F.);
#5990=ORIENTED_EDGE('',*,*,#4445,.F.);
#5991=ORIENTED_EDGE('',*,*,#4446,.T.);
#5992=ORIENTED_EDGE('',*,*,#4447,.T.);
#5993=ORIENTED_EDGE('',*,*,#4443,.F.);
#5994=ORIENTED_EDGE('',*,*,#4448,.F.);
#5995=ORIENTED_EDGE('',*,*,#4449,.T.);
#5996=ORIENTED_EDGE('',*,*,#4450,.T.);
#5997=ORIENTED_EDGE('',*,*,#4446,.F.);
#5998=ORIENTED_EDGE('',*,*,#4451,.F.);
#5999=ORIENTED_EDGE('',*,*,#4452,.T.);
#6000=ORIENTED_EDGE('',*,*,#4453,.T.);
#6001=ORIENTED_EDGE('',*,*,#4449,.F.);
#6002=ORIENTED_EDGE('',*,*,#4454,.F.);
#6003=ORIENTED_EDGE('',*,*,#4455,.T.);
#6004=ORIENTED_EDGE('',*,*,#4456,.T.);
#6005=ORIENTED_EDGE('',*,*,#4452,.F.);
#6006=ORIENTED_EDGE('',*,*,#4457,.F.);
#6007=ORIENTED_EDGE('',*,*,#4458,.T.);
#6008=ORIENTED_EDGE('',*,*,#4459,.T.);
#6009=ORIENTED_EDGE('',*,*,#4455,.F.);
#6010=ORIENTED_EDGE('',*,*,#4460,.F.);
#6011=ORIENTED_EDGE('',*,*,#4461,.T.);
#6012=ORIENTED_EDGE('',*,*,#4462,.T.);
#6013=ORIENTED_EDGE('',*,*,#4458,.F.);
#6014=ORIENTED_EDGE('',*,*,#4463,.F.);
#6015=ORIENTED_EDGE('',*,*,#4464,.T.);
#6016=ORIENTED_EDGE('',*,*,#4465,.T.);
#6017=ORIENTED_EDGE('',*,*,#4461,.F.);
#6018=ORIENTED_EDGE('',*,*,#4466,.F.);
#6019=ORIENTED_EDGE('',*,*,#4467,.T.);
#6020=ORIENTED_EDGE('',*,*,#4468,.T.);
#6021=ORIENTED_EDGE('',*,*,#4464,.F.);
#6022=ORIENTED_EDGE('',*,*,#4469,.F.);
#6023=ORIENTED_EDGE('',*,*,#4470,.T.);
#6024=ORIENTED_EDGE('',*,*,#4471,.T.);
#6025=ORIENTED_EDGE('',*,*,#4467,.F.);
#6026=ORIENTED_EDGE('',*,*,#4472,.F.);
#6027=ORIENTED_EDGE('',*,*,#4473,.T.);
#6028=ORIENTED_EDGE('',*,*,#4474,.T.);
#6029=ORIENTED_EDGE('',*,*,#4470,.F.);
#6030=ORIENTED_EDGE('',*,*,#4475,.F.);
#6031=ORIENTED_EDGE('',*,*,#4438,.T.);
#6032=ORIENTED_EDGE('',*,*,#4476,.T.);
#6033=ORIENTED_EDGE('',*,*,#4473,.F.);
#6034=ORIENTED_EDGE('',*,*,#4476,.F.);
#6035=ORIENTED_EDGE('',*,*,#4437,.F.);
#6036=ORIENTED_EDGE('',*,*,#4441,.F.);
#6037=ORIENTED_EDGE('',*,*,#4444,.F.);
#6038=ORIENTED_EDGE('',*,*,#4447,.F.);
#6039=ORIENTED_EDGE('',*,*,#4450,.F.);
#6040=ORIENTED_EDGE('',*,*,#4453,.F.);
#6041=ORIENTED_EDGE('',*,*,#4456,.F.);
#6042=ORIENTED_EDGE('',*,*,#4459,.F.);
#6043=ORIENTED_EDGE('',*,*,#4462,.F.);
#6044=ORIENTED_EDGE('',*,*,#4465,.F.);
#6045=ORIENTED_EDGE('',*,*,#4468,.F.);
#6046=ORIENTED_EDGE('',*,*,#4471,.F.);
#6047=ORIENTED_EDGE('',*,*,#4474,.F.);
#6048=ORIENTED_EDGE('',*,*,#4434,.F.);
#6049=ORIENTED_EDGE('',*,*,#4413,.F.);
#6050=ORIENTED_EDGE('',*,*,#4417,.F.);
#6051=ORIENTED_EDGE('',*,*,#4420,.F.);
#6052=ORIENTED_EDGE('',*,*,#4423,.F.);
#6053=ORIENTED_EDGE('',*,*,#4426,.F.);
#6054=ORIENTED_EDGE('',*,*,#4429,.F.);
#6055=ORIENTED_EDGE('',*,*,#4432,.F.);
#6056=ORIENTED_EDGE('',*,*,#4477,.F.);
#6057=ORIENTED_EDGE('',*,*,#4478,.T.);
#6058=ORIENTED_EDGE('',*,*,#4479,.T.);
#6059=ORIENTED_EDGE('',*,*,#4480,.F.);
#6060=ORIENTED_EDGE('',*,*,#4481,.F.);
#6061=ORIENTED_EDGE('',*,*,#4482,.T.);
#6062=ORIENTED_EDGE('',*,*,#4483,.T.);
#6063=ORIENTED_EDGE('',*,*,#4478,.F.);
#6064=ORIENTED_EDGE('',*,*,#4484,.F.);
#6065=ORIENTED_EDGE('',*,*,#4485,.T.);
#6066=ORIENTED_EDGE('',*,*,#4486,.T.);
#6067=ORIENTED_EDGE('',*,*,#4482,.F.);
#6068=ORIENTED_EDGE('',*,*,#4487,.F.);
#6069=ORIENTED_EDGE('',*,*,#4480,.T.);
#6070=ORIENTED_EDGE('',*,*,#4488,.T.);
#6071=ORIENTED_EDGE('',*,*,#4485,.F.);
#6072=ORIENTED_EDGE('',*,*,#4488,.F.);
#6073=ORIENTED_EDGE('',*,*,#4479,.F.);
#6074=ORIENTED_EDGE('',*,*,#4483,.F.);
#6075=ORIENTED_EDGE('',*,*,#4486,.F.);
#6076=ORIENTED_EDGE('',*,*,#4489,.F.);
#6077=ORIENTED_EDGE('',*,*,#4490,.T.);
#6078=ORIENTED_EDGE('',*,*,#4491,.T.);
#6079=ORIENTED_EDGE('',*,*,#4492,.F.);
#6080=ORIENTED_EDGE('',*,*,#4493,.F.);
#6081=ORIENTED_EDGE('',*,*,#4494,.T.);
#6082=ORIENTED_EDGE('',*,*,#4495,.T.);
#6083=ORIENTED_EDGE('',*,*,#4490,.F.);
#6084=ORIENTED_EDGE('',*,*,#4496,.F.);
#6085=ORIENTED_EDGE('',*,*,#4497,.T.);
#6086=ORIENTED_EDGE('',*,*,#4498,.T.);
#6087=ORIENTED_EDGE('',*,*,#4494,.F.);
#6088=ORIENTED_EDGE('',*,*,#4499,.F.);
#6089=ORIENTED_EDGE('',*,*,#4500,.T.);
#6090=ORIENTED_EDGE('',*,*,#4501,.T.);
#6091=ORIENTED_EDGE('',*,*,#4497,.F.);
#6092=ORIENTED_EDGE('',*,*,#4502,.F.);
#6093=ORIENTED_EDGE('',*,*,#4503,.T.);
#6094=ORIENTED_EDGE('',*,*,#4504,.T.);
#6095=ORIENTED_EDGE('',*,*,#4500,.F.);
#6096=ORIENTED_EDGE('',*,*,#4505,.F.);
#6097=ORIENTED_EDGE('',*,*,#4506,.T.);
#6098=ORIENTED_EDGE('',*,*,#4507,.T.);
#6099=ORIENTED_EDGE('',*,*,#4503,.F.);
#6100=ORIENTED_EDGE('',*,*,#4508,.F.);
#6101=ORIENTED_EDGE('',*,*,#4509,.T.);
#6102=ORIENTED_EDGE('',*,*,#4510,.T.);
#6103=ORIENTED_EDGE('',*,*,#4506,.F.);
#6104=ORIENTED_EDGE('',*,*,#4511,.F.);
#6105=ORIENTED_EDGE('',*,*,#4512,.T.);
#6106=ORIENTED_EDGE('',*,*,#4513,.T.);
#6107=ORIENTED_EDGE('',*,*,#4509,.F.);
#6108=ORIENTED_EDGE('',*,*,#4514,.F.);
#6109=ORIENTED_EDGE('',*,*,#4515,.T.);
#6110=ORIENTED_EDGE('',*,*,#4516,.T.);
#6111=ORIENTED_EDGE('',*,*,#4512,.F.);
#6112=ORIENTED_EDGE('',*,*,#4517,.F.);
#6113=ORIENTED_EDGE('',*,*,#4518,.T.);
#6114=ORIENTED_EDGE('',*,*,#4519,.T.);
#6115=ORIENTED_EDGE('',*,*,#4515,.F.);
#6116=ORIENTED_EDGE('',*,*,#4520,.F.);
#6117=ORIENTED_EDGE('',*,*,#4521,.T.);
#6118=ORIENTED_EDGE('',*,*,#4522,.T.);
#6119=ORIENTED_EDGE('',*,*,#4518,.F.);
#6120=ORIENTED_EDGE('',*,*,#4523,.F.);
#6121=ORIENTED_EDGE('',*,*,#4524,.T.);
#6122=ORIENTED_EDGE('',*,*,#4525,.T.);
#6123=ORIENTED_EDGE('',*,*,#4521,.F.);
#6124=ORIENTED_EDGE('',*,*,#4526,.F.);
#6125=ORIENTED_EDGE('',*,*,#4527,.T.);
#6126=ORIENTED_EDGE('',*,*,#4528,.T.);
#6127=ORIENTED_EDGE('',*,*,#4524,.F.);
#6128=ORIENTED_EDGE('',*,*,#4529,.F.);
#6129=ORIENTED_EDGE('',*,*,#4530,.T.);
#6130=ORIENTED_EDGE('',*,*,#4531,.T.);
#6131=ORIENTED_EDGE('',*,*,#4527,.F.);
#6132=ORIENTED_EDGE('',*,*,#4532,.F.);
#6133=ORIENTED_EDGE('',*,*,#4533,.T.);
#6134=ORIENTED_EDGE('',*,*,#4534,.T.);
#6135=ORIENTED_EDGE('',*,*,#4530,.F.);
#6136=ORIENTED_EDGE('',*,*,#4535,.F.);
#6137=ORIENTED_EDGE('',*,*,#4536,.T.);
#6138=ORIENTED_EDGE('',*,*,#4537,.T.);
#6139=ORIENTED_EDGE('',*,*,#4533,.F.);
#6140=ORIENTED_EDGE('',*,*,#4538,.F.);
#6141=ORIENTED_EDGE('',*,*,#4539,.T.);
#6142=ORIENTED_EDGE('',*,*,#4540,.T.);
#6143=ORIENTED_EDGE('',*,*,#4536,.F.);
#6144=ORIENTED_EDGE('',*,*,#4541,.F.);
#6145=ORIENTED_EDGE('',*,*,#4542,.T.);
#6146=ORIENTED_EDGE('',*,*,#4543,.T.);
#6147=ORIENTED_EDGE('',*,*,#4539,.F.);
#6148=ORIENTED_EDGE('',*,*,#4544,.F.);
#6149=ORIENTED_EDGE('',*,*,#4545,.T.);
#6150=ORIENTED_EDGE('',*,*,#4546,.T.);
#6151=ORIENTED_EDGE('',*,*,#4542,.F.);
#6152=ORIENTED_EDGE('',*,*,#4547,.F.);
#6153=ORIENTED_EDGE('',*,*,#4548,.T.);
#6154=ORIENTED_EDGE('',*,*,#4549,.T.);
#6155=ORIENTED_EDGE('',*,*,#4545,.F.);
#6156=ORIENTED_EDGE('',*,*,#4550,.F.);
#6157=ORIENTED_EDGE('',*,*,#4551,.T.);
#6158=ORIENTED_EDGE('',*,*,#4552,.T.);
#6159=ORIENTED_EDGE('',*,*,#4548,.F.);
#6160=ORIENTED_EDGE('',*,*,#4553,.F.);
#6161=ORIENTED_EDGE('',*,*,#4492,.T.);
#6162=ORIENTED_EDGE('',*,*,#4554,.T.);
#6163=ORIENTED_EDGE('',*,*,#4551,.F.);
#6164=ORIENTED_EDGE('',*,*,#4554,.F.);
#6165=ORIENTED_EDGE('',*,*,#4491,.F.);
#6166=ORIENTED_EDGE('',*,*,#4495,.F.);
#6167=ORIENTED_EDGE('',*,*,#4498,.F.);
#6168=ORIENTED_EDGE('',*,*,#4501,.F.);
#6169=ORIENTED_EDGE('',*,*,#4504,.F.);
#6170=ORIENTED_EDGE('',*,*,#4507,.F.);
#6171=ORIENTED_EDGE('',*,*,#4510,.F.);
#6172=ORIENTED_EDGE('',*,*,#4513,.F.);
#6173=ORIENTED_EDGE('',*,*,#4516,.F.);
#6174=ORIENTED_EDGE('',*,*,#4519,.F.);
#6175=ORIENTED_EDGE('',*,*,#4522,.F.);
#6176=ORIENTED_EDGE('',*,*,#4525,.F.);
#6177=ORIENTED_EDGE('',*,*,#4528,.F.);
#6178=ORIENTED_EDGE('',*,*,#4531,.F.);
#6179=ORIENTED_EDGE('',*,*,#4534,.F.);
#6180=ORIENTED_EDGE('',*,*,#4537,.F.);
#6181=ORIENTED_EDGE('',*,*,#4540,.F.);
#6182=ORIENTED_EDGE('',*,*,#4543,.F.);
#6183=ORIENTED_EDGE('',*,*,#4546,.F.);
#6184=ORIENTED_EDGE('',*,*,#4549,.F.);
#6185=ORIENTED_EDGE('',*,*,#4552,.F.);
#6186=ORIENTED_EDGE('',*,*,#4411,.T.);
#6187=ORIENTED_EDGE('',*,*,#4433,.T.);
#6188=ORIENTED_EDGE('',*,*,#4430,.T.);
#6189=ORIENTED_EDGE('',*,*,#4427,.T.);
#6190=ORIENTED_EDGE('',*,*,#4424,.T.);
#6191=ORIENTED_EDGE('',*,*,#4421,.T.);
#6192=ORIENTED_EDGE('',*,*,#4418,.T.);
#6193=ORIENTED_EDGE('',*,*,#4415,.T.);
#6194=ORIENTED_EDGE('',*,*,#4351,.T.);
#6195=ORIENTED_EDGE('',*,*,#4364,.T.);
#6196=ORIENTED_EDGE('',*,*,#4361,.T.);
#6197=ORIENTED_EDGE('',*,*,#4358,.T.);
#6198=ORIENTED_EDGE('',*,*,#4355,.T.);
#6199=ORIENTED_EDGE('',*,*,#4156,.T.);
#6200=ORIENTED_EDGE('',*,*,#4184,.T.);
#6201=ORIENTED_EDGE('',*,*,#4181,.T.);
#6202=ORIENTED_EDGE('',*,*,#4178,.T.);
#6203=ORIENTED_EDGE('',*,*,#4175,.T.);
#6204=ORIENTED_EDGE('',*,*,#4172,.T.);
#6205=ORIENTED_EDGE('',*,*,#4169,.T.);
#6206=ORIENTED_EDGE('',*,*,#4166,.T.);
#6207=ORIENTED_EDGE('',*,*,#4163,.T.);
#6208=ORIENTED_EDGE('',*,*,#4160,.T.);
#6209=ORIENTED_EDGE('',*,*,#4099,.T.);
#6210=ORIENTED_EDGE('',*,*,#4121,.T.);
#6211=ORIENTED_EDGE('',*,*,#4118,.T.);
#6212=ORIENTED_EDGE('',*,*,#4115,.T.);
#6213=ORIENTED_EDGE('',*,*,#4112,.T.);
#6214=ORIENTED_EDGE('',*,*,#4109,.T.);
#6215=ORIENTED_EDGE('',*,*,#4106,.T.);
#6216=ORIENTED_EDGE('',*,*,#4103,.T.);
#6217=ORIENTED_EDGE('',*,*,#3922,.T.);
#6218=ORIENTED_EDGE('',*,*,#3950,.T.);
#6219=ORIENTED_EDGE('',*,*,#3947,.T.);
#6220=ORIENTED_EDGE('',*,*,#3944,.T.);
#6221=ORIENTED_EDGE('',*,*,#3941,.T.);
#6222=ORIENTED_EDGE('',*,*,#3938,.T.);
#6223=ORIENTED_EDGE('',*,*,#3935,.T.);
#6224=ORIENTED_EDGE('',*,*,#3932,.T.);
#6225=ORIENTED_EDGE('',*,*,#3929,.T.);
#6226=ORIENTED_EDGE('',*,*,#3926,.T.);
#6227=ORIENTED_EDGE('',*,*,#4555,.T.);
#6228=ORIENTED_EDGE('',*,*,#4556,.T.);
#6229=ORIENTED_EDGE('',*,*,#4557,.T.);
#6230=ORIENTED_EDGE('',*,*,#4558,.T.);
#6231=ORIENTED_EDGE('',*,*,#4556,.F.);
#6232=ORIENTED_EDGE('',*,*,#4559,.T.);
#6233=ORIENTED_EDGE('',*,*,#4560,.T.);
#6234=ORIENTED_EDGE('',*,*,#4561,.F.);
#6235=ORIENTED_EDGE('',*,*,#4489,.T.);
#6236=ORIENTED_EDGE('',*,*,#4553,.T.);
#6237=ORIENTED_EDGE('',*,*,#4550,.T.);
#6238=ORIENTED_EDGE('',*,*,#4547,.T.);
#6239=ORIENTED_EDGE('',*,*,#4544,.T.);
#6240=ORIENTED_EDGE('',*,*,#4541,.T.);
#6241=ORIENTED_EDGE('',*,*,#4538,.T.);
#6242=ORIENTED_EDGE('',*,*,#4535,.T.);
#6243=ORIENTED_EDGE('',*,*,#4532,.T.);
#6244=ORIENTED_EDGE('',*,*,#4529,.T.);
#6245=ORIENTED_EDGE('',*,*,#4526,.T.);
#6246=ORIENTED_EDGE('',*,*,#4523,.T.);
#6247=ORIENTED_EDGE('',*,*,#4520,.T.);
#6248=ORIENTED_EDGE('',*,*,#4517,.T.);
#6249=ORIENTED_EDGE('',*,*,#4514,.T.);
#6250=ORIENTED_EDGE('',*,*,#4511,.T.);
#6251=ORIENTED_EDGE('',*,*,#4508,.T.);
#6252=ORIENTED_EDGE('',*,*,#4505,.T.);
#6253=ORIENTED_EDGE('',*,*,#4502,.T.);
#6254=ORIENTED_EDGE('',*,*,#4499,.T.);
#6255=ORIENTED_EDGE('',*,*,#4496,.T.);
#6256=ORIENTED_EDGE('',*,*,#4493,.T.);
#6257=ORIENTED_EDGE('',*,*,#4477,.T.);
#6258=ORIENTED_EDGE('',*,*,#4487,.T.);
#6259=ORIENTED_EDGE('',*,*,#4484,.T.);
#6260=ORIENTED_EDGE('',*,*,#4481,.T.);
#6261=ORIENTED_EDGE('',*,*,#4435,.T.);
#6262=ORIENTED_EDGE('',*,*,#4475,.T.);
#6263=ORIENTED_EDGE('',*,*,#4472,.T.);
#6264=ORIENTED_EDGE('',*,*,#4469,.T.);
#6265=ORIENTED_EDGE('',*,*,#4466,.T.);
#6266=ORIENTED_EDGE('',*,*,#4463,.T.);
#6267=ORIENTED_EDGE('',*,*,#4460,.T.);
#6268=ORIENTED_EDGE('',*,*,#4457,.T.);
#6269=ORIENTED_EDGE('',*,*,#4454,.T.);
#6270=ORIENTED_EDGE('',*,*,#4451,.T.);
#6271=ORIENTED_EDGE('',*,*,#4448,.T.);
#6272=ORIENTED_EDGE('',*,*,#4445,.T.);
#6273=ORIENTED_EDGE('',*,*,#4442,.T.);
#6274=ORIENTED_EDGE('',*,*,#4439,.T.);
#6275=ORIENTED_EDGE('',*,*,#4366,.T.);
#6276=ORIENTED_EDGE('',*,*,#4409,.T.);
#6277=ORIENTED_EDGE('',*,*,#4406,.T.);
#6278=ORIENTED_EDGE('',*,*,#4403,.T.);
#6279=ORIENTED_EDGE('',*,*,#4400,.T.);
#6280=ORIENTED_EDGE('',*,*,#4397,.T.);
#6281=ORIENTED_EDGE('',*,*,#4394,.T.);
#6282=ORIENTED_EDGE('',*,*,#4391,.T.);
#6283=ORIENTED_EDGE('',*,*,#4388,.T.);
#6284=ORIENTED_EDGE('',*,*,#4385,.T.);
#6285=ORIENTED_EDGE('',*,*,#4382,.T.);
#6286=ORIENTED_EDGE('',*,*,#4379,.T.);
#6287=ORIENTED_EDGE('',*,*,#4376,.T.);
#6288=ORIENTED_EDGE('',*,*,#4373,.T.);
#6289=ORIENTED_EDGE('',*,*,#4370,.T.);
#6290=ORIENTED_EDGE('',*,*,#4339,.T.);
#6291=ORIENTED_EDGE('',*,*,#4349,.T.);
#6292=ORIENTED_EDGE('',*,*,#4346,.T.);
#6293=ORIENTED_EDGE('',*,*,#4343,.T.);
#6294=ORIENTED_EDGE('',*,*,#4327,.T.);
#6295=ORIENTED_EDGE('',*,*,#4337,.T.);
#6296=ORIENTED_EDGE('',*,*,#4334,.T.);
#6297=ORIENTED_EDGE('',*,*,#4331,.T.);
#6298=ORIENTED_EDGE('',*,*,#4267,.T.);
#6299=ORIENTED_EDGE('',*,*,#4325,.T.);
#6300=ORIENTED_EDGE('',*,*,#4322,.T.);
#6301=ORIENTED_EDGE('',*,*,#4319,.T.);
#6302=ORIENTED_EDGE('',*,*,#4316,.T.);
#6303=ORIENTED_EDGE('',*,*,#4313,.T.);
#6304=ORIENTED_EDGE('',*,*,#4310,.T.);
#6305=ORIENTED_EDGE('',*,*,#4307,.T.);
#6306=ORIENTED_EDGE('',*,*,#4304,.T.);
#6307=ORIENTED_EDGE('',*,*,#4301,.T.);
#6308=ORIENTED_EDGE('',*,*,#4298,.T.);
#6309=ORIENTED_EDGE('',*,*,#4295,.T.);
#6310=ORIENTED_EDGE('',*,*,#4292,.T.);
#6311=ORIENTED_EDGE('',*,*,#4289,.T.);
#6312=ORIENTED_EDGE('',*,*,#4286,.T.);
#6313=ORIENTED_EDGE('',*,*,#4283,.T.);
#6314=ORIENTED_EDGE('',*,*,#4280,.T.);
#6315=ORIENTED_EDGE('',*,*,#4277,.T.);
#6316=ORIENTED_EDGE('',*,*,#4274,.T.);
#6317=ORIENTED_EDGE('',*,*,#4271,.T.);
#6318=ORIENTED_EDGE('',*,*,#4186,.T.);
#6319=ORIENTED_EDGE('',*,*,#4265,.T.);
#6320=ORIENTED_EDGE('',*,*,#4262,.T.);
#6321=ORIENTED_EDGE('',*,*,#4259,.T.);
#6322=ORIENTED_EDGE('',*,*,#4256,.T.);
#6323=ORIENTED_EDGE('',*,*,#4253,.T.);
#6324=ORIENTED_EDGE('',*,*,#4250,.T.);
#6325=ORIENTED_EDGE('',*,*,#4247,.T.);
#6326=ORIENTED_EDGE('',*,*,#4244,.T.);
#6327=ORIENTED_EDGE('',*,*,#4241,.T.);
#6328=ORIENTED_EDGE('',*,*,#4238,.T.);
#6329=ORIENTED_EDGE('',*,*,#4235,.T.);
#6330=ORIENTED_EDGE('',*,*,#4232,.T.);
#6331=ORIENTED_EDGE('',*,*,#4229,.T.);
#6332=ORIENTED_EDGE('',*,*,#4226,.T.);
#6333=ORIENTED_EDGE('',*,*,#4223,.T.);
#6334=ORIENTED_EDGE('',*,*,#4220,.T.);
#6335=ORIENTED_EDGE('',*,*,#4217,.T.);
#6336=ORIENTED_EDGE('',*,*,#4214,.T.);
#6337=ORIENTED_EDGE('',*,*,#4211,.T.);
#6338=ORIENTED_EDGE('',*,*,#4208,.T.);
#6339=ORIENTED_EDGE('',*,*,#4205,.T.);
#6340=ORIENTED_EDGE('',*,*,#4202,.T.);
#6341=ORIENTED_EDGE('',*,*,#4199,.T.);
#6342=ORIENTED_EDGE('',*,*,#4196,.T.);
#6343=ORIENTED_EDGE('',*,*,#4193,.T.);
#6344=ORIENTED_EDGE('',*,*,#4190,.T.);
#6345=ORIENTED_EDGE('',*,*,#4123,.T.);
#6346=ORIENTED_EDGE('',*,*,#4154,.T.);
#6347=ORIENTED_EDGE('',*,*,#4151,.T.);
#6348=ORIENTED_EDGE('',*,*,#4148,.T.);
#6349=ORIENTED_EDGE('',*,*,#4145,.T.);
#6350=ORIENTED_EDGE('',*,*,#4142,.T.);
#6351=ORIENTED_EDGE('',*,*,#4139,.T.);
#6352=ORIENTED_EDGE('',*,*,#4136,.T.);
#6353=ORIENTED_EDGE('',*,*,#4133,.T.);
#6354=ORIENTED_EDGE('',*,*,#4130,.T.);
#6355=ORIENTED_EDGE('',*,*,#4127,.T.);
#6356=ORIENTED_EDGE('',*,*,#4087,.T.);
#6357=ORIENTED_EDGE('',*,*,#4097,.T.);
#6358=ORIENTED_EDGE('',*,*,#4094,.T.);
#6359=ORIENTED_EDGE('',*,*,#4091,.T.);
#6360=ORIENTED_EDGE('',*,*,#4033,.T.);
#6361=ORIENTED_EDGE('',*,*,#4085,.T.);
#6362=ORIENTED_EDGE('',*,*,#4082,.T.);
#6363=ORIENTED_EDGE('',*,*,#4079,.T.);
#6364=ORIENTED_EDGE('',*,*,#4076,.T.);
#6365=ORIENTED_EDGE('',*,*,#4073,.T.);
#6366=ORIENTED_EDGE('',*,*,#4070,.T.);
#6367=ORIENTED_EDGE('',*,*,#4067,.T.);
#6368=ORIENTED_EDGE('',*,*,#4064,.T.);
#6369=ORIENTED_EDGE('',*,*,#4061,.T.);
#6370=ORIENTED_EDGE('',*,*,#4058,.T.);
#6371=ORIENTED_EDGE('',*,*,#4055,.T.);
#6372=ORIENTED_EDGE('',*,*,#4052,.T.);
#6373=ORIENTED_EDGE('',*,*,#4049,.T.);
#6374=ORIENTED_EDGE('',*,*,#4046,.T.);
#6375=ORIENTED_EDGE('',*,*,#4043,.T.);
#6376=ORIENTED_EDGE('',*,*,#4040,.T.);
#6377=ORIENTED_EDGE('',*,*,#4037,.T.);
#6378=ORIENTED_EDGE('',*,*,#3952,.T.);
#6379=ORIENTED_EDGE('',*,*,#4031,.T.);
#6380=ORIENTED_EDGE('',*,*,#4028,.T.);
#6381=ORIENTED_EDGE('',*,*,#4025,.T.);
#6382=ORIENTED_EDGE('',*,*,#4022,.T.);
#6383=ORIENTED_EDGE('',*,*,#4019,.T.);
#6384=ORIENTED_EDGE('',*,*,#4016,.T.);
#6385=ORIENTED_EDGE('',*,*,#4013,.T.);
#6386=ORIENTED_EDGE('',*,*,#4010,.T.);
#6387=ORIENTED_EDGE('',*,*,#4007,.T.);
#6388=ORIENTED_EDGE('',*,*,#4004,.T.);
#6389=ORIENTED_EDGE('',*,*,#4001,.T.);
#6390=ORIENTED_EDGE('',*,*,#3998,.T.);
#6391=ORIENTED_EDGE('',*,*,#3995,.T.);
#6392=ORIENTED_EDGE('',*,*,#3992,.T.);
#6393=ORIENTED_EDGE('',*,*,#3989,.T.);
#6394=ORIENTED_EDGE('',*,*,#3986,.T.);
#6395=ORIENTED_EDGE('',*,*,#3983,.T.);
#6396=ORIENTED_EDGE('',*,*,#3980,.T.);
#6397=ORIENTED_EDGE('',*,*,#3977,.T.);
#6398=ORIENTED_EDGE('',*,*,#3974,.T.);
#6399=ORIENTED_EDGE('',*,*,#3971,.T.);
#6400=ORIENTED_EDGE('',*,*,#3968,.T.);
#6401=ORIENTED_EDGE('',*,*,#3965,.T.);
#6402=ORIENTED_EDGE('',*,*,#3962,.T.);
#6403=ORIENTED_EDGE('',*,*,#3959,.T.);
#6404=ORIENTED_EDGE('',*,*,#3956,.T.);
#6405=ORIENTED_EDGE('',*,*,#3871,.T.);
#6406=ORIENTED_EDGE('',*,*,#3920,.T.);
#6407=ORIENTED_EDGE('',*,*,#3917,.T.);
#6408=ORIENTED_EDGE('',*,*,#3914,.T.);
#6409=ORIENTED_EDGE('',*,*,#3911,.T.);
#6410=ORIENTED_EDGE('',*,*,#3908,.T.);
#6411=ORIENTED_EDGE('',*,*,#3905,.T.);
#6412=ORIENTED_EDGE('',*,*,#3902,.T.);
#6413=ORIENTED_EDGE('',*,*,#3899,.T.);
#6414=ORIENTED_EDGE('',*,*,#3896,.T.);
#6415=ORIENTED_EDGE('',*,*,#3893,.T.);
#6416=ORIENTED_EDGE('',*,*,#3890,.T.);
#6417=ORIENTED_EDGE('',*,*,#3887,.T.);
#6418=ORIENTED_EDGE('',*,*,#3884,.T.);
#6419=ORIENTED_EDGE('',*,*,#3881,.T.);
#6420=ORIENTED_EDGE('',*,*,#3878,.T.);
#6421=ORIENTED_EDGE('',*,*,#3875,.T.);
#6422=ORIENTED_EDGE('',*,*,#4562,.F.);
#6423=ORIENTED_EDGE('',*,*,#4563,.T.);
#6424=ORIENTED_EDGE('',*,*,#4564,.F.);
#6425=ORIENTED_EDGE('',*,*,#4565,.F.);
#6426=ORIENTED_EDGE('',*,*,#4566,.F.);
#6427=ORIENTED_EDGE('',*,*,#4567,.F.);
#6428=ORIENTED_EDGE('',*,*,#4568,.F.);
#6429=ORIENTED_EDGE('',*,*,#4569,.T.);
#6430=ORIENTED_EDGE('',*,*,#4566,.T.);
#6431=ORIENTED_EDGE('',*,*,#4570,.F.);
#6432=ORIENTED_EDGE('',*,*,#4571,.T.);
#6433=ORIENTED_EDGE('',*,*,#4572,.F.);
#6434=ORIENTED_EDGE('',*,*,#4573,.F.);
#6435=ORIENTED_EDGE('',*,*,#4574,.T.);
#6436=ORIENTED_EDGE('',*,*,#4575,.F.);
#6437=ORIENTED_EDGE('',*,*,#4559,.F.);
#6438=ORIENTED_EDGE('',*,*,#4555,.F.);
#6439=ORIENTED_EDGE('',*,*,#4576,.T.);
#6440=ORIENTED_EDGE('',*,*,#4577,.T.);
#6441=ORIENTED_EDGE('',*,*,#4578,.T.);
#6442=ORIENTED_EDGE('',*,*,#4579,.T.);
#6443=ORIENTED_EDGE('',*,*,#4563,.F.);
#6444=ORIENTED_EDGE('',*,*,#4569,.F.);
#6445=ORIENTED_EDGE('',*,*,#4580,.T.);
#6446=ORIENTED_EDGE('',*,*,#4581,.F.);
#6447=ORIENTED_EDGE('',*,*,#4570,.T.);
#6448=ORIENTED_EDGE('',*,*,#4582,.F.);
#6449=ORIENTED_EDGE('',*,*,#4583,.T.);
#6450=ORIENTED_EDGE('',*,*,#4584,.F.);
#6451=ORIENTED_EDGE('',*,*,#4585,.T.);
#6452=ORIENTED_EDGE('',*,*,#4586,.F.);
#6453=ORIENTED_EDGE('',*,*,#4587,.T.);
#6454=ORIENTED_EDGE('',*,*,#4588,.T.);
#6455=ORIENTED_EDGE('',*,*,#4568,.T.);
#6456=ORIENTED_EDGE('',*,*,#4589,.F.);
#6457=ORIENTED_EDGE('',*,*,#4590,.T.);
#6458=ORIENTED_EDGE('',*,*,#4580,.F.);
#6459=ORIENTED_EDGE('',*,*,#4571,.F.);
#6460=ORIENTED_EDGE('',*,*,#4581,.T.);
#6461=ORIENTED_EDGE('',*,*,#4590,.F.);
#6462=ORIENTED_EDGE('',*,*,#4591,.F.);
#6463=ORIENTED_EDGE('',*,*,#4592,.F.);
#6464=ORIENTED_EDGE('',*,*,#4593,.F.);
#6465=ORIENTED_EDGE('',*,*,#4594,.F.);
#6466=ORIENTED_EDGE('',*,*,#4582,.T.);
#6467=ORIENTED_EDGE('',*,*,#4562,.T.);
#6468=ORIENTED_EDGE('',*,*,#4595,.F.);
#6469=ORIENTED_EDGE('',*,*,#4596,.F.);
#6470=ORIENTED_EDGE('',*,*,#4576,.F.);
#6471=ORIENTED_EDGE('',*,*,#4592,.T.);
#6472=ORIENTED_EDGE('',*,*,#4585,.F.);
#6473=ORIENTED_EDGE('',*,*,#4597,.T.);
#6474=ORIENTED_EDGE('',*,*,#4598,.F.);
#6475=ORIENTED_EDGE('',*,*,#4561,.T.);
#6476=ORIENTED_EDGE('',*,*,#4599,.T.);
#6477=ORIENTED_EDGE('',*,*,#4600,.T.);
#6478=ORIENTED_EDGE('',*,*,#4601,.F.);
#6479=ORIENTED_EDGE('',*,*,#4557,.F.);
#6480=ORIENTED_EDGE('',*,*,#4572,.T.);
#6481=ORIENTED_EDGE('',*,*,#4591,.T.);
#6482=ORIENTED_EDGE('',*,*,#4589,.T.);
#6483=ORIENTED_EDGE('',*,*,#4567,.T.);
#6484=ORIENTED_EDGE('',*,*,#4598,.T.);
#6485=ORIENTED_EDGE('',*,*,#4602,.T.);
#6486=ORIENTED_EDGE('',*,*,#4603,.T.);
#6487=ORIENTED_EDGE('',*,*,#4593,.T.);
#6488=ORIENTED_EDGE('',*,*,#4604,.T.);
#6489=ORIENTED_EDGE('',*,*,#4605,.T.);
#6490=ORIENTED_EDGE('',*,*,#4606,.T.);
#6491=ORIENTED_EDGE('',*,*,#4565,.T.);
#6492=ORIENTED_EDGE('',*,*,#4607,.T.);
#6493=ORIENTED_EDGE('',*,*,#4608,.T.);
#6494=ORIENTED_EDGE('',*,*,#4609,.T.);
#6495=ORIENTED_EDGE('',*,*,#4595,.T.);
#6496=ORIENTED_EDGE('',*,*,#4594,.T.);
#6497=ORIENTED_EDGE('',*,*,#4603,.F.);
#6498=ORIENTED_EDGE('',*,*,#4610,.T.);
#6499=ORIENTED_EDGE('',*,*,#4583,.F.);
#6500=ORIENTED_EDGE('',*,*,#4564,.T.);
#6501=ORIENTED_EDGE('',*,*,#4579,.F.);
#6502=ORIENTED_EDGE('',*,*,#4611,.T.);
#6503=ORIENTED_EDGE('',*,*,#4607,.F.);
#6504=ORIENTED_EDGE('',*,*,#4597,.F.);
#6505=ORIENTED_EDGE('',*,*,#4584,.T.);
#6506=ORIENTED_EDGE('',*,*,#4610,.F.);
#6507=ORIENTED_EDGE('',*,*,#4602,.F.);
#6508=ORIENTED_EDGE('',*,*,#4612,.F.);
#6509=ORIENTED_EDGE('',*,*,#4606,.F.);
#6510=ORIENTED_EDGE('',*,*,#4613,.F.);
#6511=ORIENTED_EDGE('',*,*,#4586,.T.);
#6512=ORIENTED_EDGE('',*,*,#4612,.T.);
#6513=ORIENTED_EDGE('',*,*,#4588,.F.);
#6514=ORIENTED_EDGE('',*,*,#4614,.T.);
#6515=ORIENTED_EDGE('',*,*,#4604,.F.);
#6516=ORIENTED_EDGE('',*,*,#4613,.T.);
#6517=ORIENTED_EDGE('',*,*,#4605,.F.);
#6518=ORIENTED_EDGE('',*,*,#4614,.F.);
#6519=ORIENTED_EDGE('',*,*,#4587,.F.);
#6520=ORIENTED_EDGE('',*,*,#4578,.F.);
#6521=ORIENTED_EDGE('',*,*,#4615,.T.);
#6522=ORIENTED_EDGE('',*,*,#4608,.F.);
#6523=ORIENTED_EDGE('',*,*,#4611,.F.);
#6524=ORIENTED_EDGE('',*,*,#4577,.F.);
#6525=ORIENTED_EDGE('',*,*,#4596,.T.);
#6526=ORIENTED_EDGE('',*,*,#4609,.F.);
#6527=ORIENTED_EDGE('',*,*,#4615,.F.);
#6528=ORIENTED_EDGE('',*,*,#4574,.F.);
#6529=ORIENTED_EDGE('',*,*,#4616,.F.);
#6530=ORIENTED_EDGE('',*,*,#4600,.F.);
#6531=ORIENTED_EDGE('',*,*,#4617,.F.);
#6532=ORIENTED_EDGE('',*,*,#4575,.T.);
#6533=ORIENTED_EDGE('',*,*,#4617,.T.);
#6534=ORIENTED_EDGE('',*,*,#4599,.F.);
#6535=ORIENTED_EDGE('',*,*,#4560,.F.);
#6536=ORIENTED_EDGE('',*,*,#4618,.T.);
#6537=ORIENTED_EDGE('',*,*,#4619,.T.);
#6538=ORIENTED_EDGE('',*,*,#4620,.T.);
#6539=ORIENTED_EDGE('',*,*,#4621,.F.);
#6540=ORIENTED_EDGE('',*,*,#4622,.T.);
#6541=ORIENTED_EDGE('',*,*,#4623,.T.);
#6542=ORIENTED_EDGE('',*,*,#4624,.T.);
#6543=ORIENTED_EDGE('',*,*,#4619,.F.);
#6544=ORIENTED_EDGE('',*,*,#4625,.T.);
#6545=ORIENTED_EDGE('',*,*,#4626,.T.);
#6546=ORIENTED_EDGE('',*,*,#4627,.T.);
#6547=ORIENTED_EDGE('',*,*,#4623,.F.);
#6548=ORIENTED_EDGE('',*,*,#4628,.T.);
#6549=ORIENTED_EDGE('',*,*,#4629,.T.);
#6550=ORIENTED_EDGE('',*,*,#4630,.T.);
#6551=ORIENTED_EDGE('',*,*,#4626,.F.);
#6552=ORIENTED_EDGE('',*,*,#4631,.T.);
#6553=ORIENTED_EDGE('',*,*,#4632,.T.);
#6554=ORIENTED_EDGE('',*,*,#4633,.T.);
#6555=ORIENTED_EDGE('',*,*,#4629,.F.);
#6556=ORIENTED_EDGE('',*,*,#4634,.T.);
#6557=ORIENTED_EDGE('',*,*,#4632,.F.);
#6558=ORIENTED_EDGE('',*,*,#4635,.T.);
#6559=ORIENTED_EDGE('',*,*,#4636,.T.);
#6560=ORIENTED_EDGE('',*,*,#4637,.T.);
#6561=ORIENTED_EDGE('',*,*,#4636,.F.);
#6562=ORIENTED_EDGE('',*,*,#4638,.T.);
#6563=ORIENTED_EDGE('',*,*,#4639,.T.);
#6564=ORIENTED_EDGE('',*,*,#4640,.T.);
#6565=ORIENTED_EDGE('',*,*,#4639,.F.);
#6566=ORIENTED_EDGE('',*,*,#4641,.T.);
#6567=ORIENTED_EDGE('',*,*,#4621,.T.);
#6568=ORIENTED_EDGE('',*,*,#4634,.F.);
#6569=ORIENTED_EDGE('',*,*,#4642,.T.);
#6570=ORIENTED_EDGE('',*,*,#4643,.T.);
#6571=ORIENTED_EDGE('',*,*,#4644,.T.);
#6572=ORIENTED_EDGE('',*,*,#4637,.F.);
#6573=ORIENTED_EDGE('',*,*,#4645,.F.);
#6574=ORIENTED_EDGE('',*,*,#4646,.F.);
#6575=ORIENTED_EDGE('',*,*,#4642,.F.);
#6576=ORIENTED_EDGE('',*,*,#4640,.F.);
#6577=ORIENTED_EDGE('',*,*,#4647,.T.);
#6578=ORIENTED_EDGE('',*,*,#4648,.T.);
#6579=ORIENTED_EDGE('',*,*,#4645,.T.);
#6580=ORIENTED_EDGE('',*,*,#4620,.F.);
#6581=ORIENTED_EDGE('',*,*,#4649,.F.);
#6582=ORIENTED_EDGE('',*,*,#4650,.F.);
#6583=ORIENTED_EDGE('',*,*,#4651,.F.);
#6584=ORIENTED_EDGE('',*,*,#4647,.F.);
#6585=ORIENTED_EDGE('',*,*,#4652,.F.);
#6586=ORIENTED_EDGE('',*,*,#4653,.F.);
#6587=ORIENTED_EDGE('',*,*,#4654,.T.);
#6588=ORIENTED_EDGE('',*,*,#4655,.F.);
#6589=ORIENTED_EDGE('',*,*,#4618,.F.);
#6590=ORIENTED_EDGE('',*,*,#4641,.F.);
#6591=ORIENTED_EDGE('',*,*,#4638,.F.);
#6592=ORIENTED_EDGE('',*,*,#4635,.F.);
#6593=ORIENTED_EDGE('',*,*,#4631,.F.);
#6594=ORIENTED_EDGE('',*,*,#4628,.F.);
#6595=ORIENTED_EDGE('',*,*,#4625,.F.);
#6596=ORIENTED_EDGE('',*,*,#4622,.F.);
#6597=ORIENTED_EDGE('',*,*,#4630,.F.);
#6598=ORIENTED_EDGE('',*,*,#4656,.T.);
#6599=ORIENTED_EDGE('',*,*,#4657,.T.);
#6600=ORIENTED_EDGE('',*,*,#4658,.T.);
#6601=ORIENTED_EDGE('',*,*,#4633,.F.);
#6602=ORIENTED_EDGE('',*,*,#4644,.F.);
#6603=ORIENTED_EDGE('',*,*,#4659,.F.);
#6604=ORIENTED_EDGE('',*,*,#4660,.F.);
#6605=ORIENTED_EDGE('',*,*,#4656,.F.);
#6606=ORIENTED_EDGE('',*,*,#4624,.F.);
#6607=ORIENTED_EDGE('',*,*,#4661,.T.);
#6608=ORIENTED_EDGE('',*,*,#4662,.T.);
#6609=ORIENTED_EDGE('',*,*,#4649,.T.);
#6610=ORIENTED_EDGE('',*,*,#4627,.F.);
#6611=ORIENTED_EDGE('',*,*,#4658,.F.);
#6612=ORIENTED_EDGE('',*,*,#4663,.F.);
#6613=ORIENTED_EDGE('',*,*,#4661,.F.);
#6614=ORIENTED_EDGE('',*,*,#4659,.T.);
#6615=ORIENTED_EDGE('',*,*,#4643,.F.);
#6616=ORIENTED_EDGE('',*,*,#4646,.T.);
#6617=ORIENTED_EDGE('',*,*,#4648,.F.);
#6618=ORIENTED_EDGE('',*,*,#4651,.T.);
#6619=ORIENTED_EDGE('',*,*,#4664,.T.);
#6620=ORIENTED_EDGE('',*,*,#4665,.T.);
#6621=ORIENTED_EDGE('',*,*,#4666,.T.);
#6622=ORIENTED_EDGE('',*,*,#4667,.T.);
#6623=ORIENTED_EDGE('',*,*,#4668,.T.);
#6624=ORIENTED_EDGE('',*,*,#4669,.T.);
#6625=ORIENTED_EDGE('',*,*,#4670,.T.);
#6626=ORIENTED_EDGE('',*,*,#4671,.T.);
#6627=ORIENTED_EDGE('',*,*,#4672,.T.);
#6628=ORIENTED_EDGE('',*,*,#4673,.T.);
#6629=ORIENTED_EDGE('',*,*,#4674,.T.);
#6630=ORIENTED_EDGE('',*,*,#4675,.T.);
#6631=ORIENTED_EDGE('',*,*,#4676,.T.);
#6632=ORIENTED_EDGE('',*,*,#4677,.T.);
#6633=ORIENTED_EDGE('',*,*,#4678,.T.);
#6634=ORIENTED_EDGE('',*,*,#4679,.T.);
#6635=ORIENTED_EDGE('',*,*,#4676,.F.);
#6636=ORIENTED_EDGE('',*,*,#4680,.T.);
#6637=ORIENTED_EDGE('',*,*,#4681,.T.);
#6638=ORIENTED_EDGE('',*,*,#4682,.T.);
#6639=ORIENTED_EDGE('',*,*,#4678,.F.);
#6640=ORIENTED_EDGE('',*,*,#4683,.T.);
#6641=ORIENTED_EDGE('',*,*,#4681,.F.);
#6642=ORIENTED_EDGE('',*,*,#4684,.T.);
#6643=ORIENTED_EDGE('',*,*,#4685,.T.);
#6644=ORIENTED_EDGE('',*,*,#4686,.T.);
#6645=ORIENTED_EDGE('',*,*,#4685,.F.);
#6646=ORIENTED_EDGE('',*,*,#4687,.T.);
#6647=ORIENTED_EDGE('',*,*,#4688,.T.);
#6648=ORIENTED_EDGE('',*,*,#4689,.T.);
#6649=ORIENTED_EDGE('',*,*,#4690,.T.);
#6650=ORIENTED_EDGE('',*,*,#4674,.F.);
#6651=ORIENTED_EDGE('',*,*,#4691,.T.);
#6652=ORIENTED_EDGE('',*,*,#4692,.T.);
#6653=ORIENTED_EDGE('',*,*,#4689,.F.);
#6654=ORIENTED_EDGE('',*,*,#4652,.T.);
#6655=ORIENTED_EDGE('',*,*,#4693,.T.);
#6656=ORIENTED_EDGE('',*,*,#4694,.T.);
#6657=ORIENTED_EDGE('',*,*,#4688,.F.);
#6658=ORIENTED_EDGE('',*,*,#4695,.T.);
#6659=ORIENTED_EDGE('',*,*,#4696,.T.);
#6660=ORIENTED_EDGE('',*,*,#4697,.T.);
#6661=ORIENTED_EDGE('',*,*,#4693,.F.);
#6662=ORIENTED_EDGE('',*,*,#4698,.T.);
#6663=ORIENTED_EDGE('',*,*,#4672,.F.);
#6664=ORIENTED_EDGE('',*,*,#4699,.T.);
#6665=ORIENTED_EDGE('',*,*,#4616,.T.);
#6666=ORIENTED_EDGE('',*,*,#4700,.T.);
#6667=ORIENTED_EDGE('',*,*,#4696,.F.);
#6668=ORIENTED_EDGE('',*,*,#4701,.T.);
#6669=ORIENTED_EDGE('',*,*,#4702,.T.);
#6670=ORIENTED_EDGE('',*,*,#4703,.T.);
#6671=ORIENTED_EDGE('',*,*,#4704,.T.);
#6672=ORIENTED_EDGE('',*,*,#4670,.F.);
#6673=ORIENTED_EDGE('',*,*,#4705,.T.);
#6674=ORIENTED_EDGE('',*,*,#4706,.T.);
#6675=ORIENTED_EDGE('',*,*,#4703,.F.);
#6676=ORIENTED_EDGE('',*,*,#4707,.T.);
#6677=ORIENTED_EDGE('',*,*,#4708,.F.);
#6678=ORIENTED_EDGE('',*,*,#4709,.T.);
#6679=ORIENTED_EDGE('',*,*,#4702,.F.);
#6680=ORIENTED_EDGE('',*,*,#4710,.T.);
#6681=ORIENTED_EDGE('',*,*,#4708,.T.);
#6682=ORIENTED_EDGE('',*,*,#4705,.F.);
#6683=ORIENTED_EDGE('',*,*,#4711,.T.);
#6684=ORIENTED_EDGE('',*,*,#4712,.T.);
#6685=ORIENTED_EDGE('',*,*,#4713,.T.);
#6686=ORIENTED_EDGE('',*,*,#4669,.F.);
#6687=ORIENTED_EDGE('',*,*,#4714,.F.);
#6688=ORIENTED_EDGE('',*,*,#4715,.F.);
#6689=ORIENTED_EDGE('',*,*,#4711,.F.);
#6690=ORIENTED_EDGE('',*,*,#4716,.T.);
#6691=ORIENTED_EDGE('',*,*,#4698,.F.);
#6692=ORIENTED_EDGE('',*,*,#4655,.T.);
#6693=ORIENTED_EDGE('',*,*,#4717,.T.);
#6694=ORIENTED_EDGE('',*,*,#4714,.T.);
#6695=ORIENTED_EDGE('',*,*,#4718,.T.);
#6696=ORIENTED_EDGE('',*,*,#4719,.T.);
#6697=ORIENTED_EDGE('',*,*,#4720,.T.);
#6698=ORIENTED_EDGE('',*,*,#4721,.T.);
#6699=ORIENTED_EDGE('',*,*,#4722,.T.);
#6700=ORIENTED_EDGE('',*,*,#4723,.T.);
#6701=ORIENTED_EDGE('',*,*,#4724,.T.);
#6702=ORIENTED_EDGE('',*,*,#4725,.T.);
#6703=ORIENTED_EDGE('',*,*,#4726,.T.);
#6704=ORIENTED_EDGE('',*,*,#4727,.T.);
#6705=ORIENTED_EDGE('',*,*,#4728,.T.);
#6706=ORIENTED_EDGE('',*,*,#4729,.T.);
#6707=ORIENTED_EDGE('',*,*,#4730,.T.);
#6708=ORIENTED_EDGE('',*,*,#4731,.T.);
#6709=ORIENTED_EDGE('',*,*,#4732,.T.);
#6710=ORIENTED_EDGE('',*,*,#4733,.T.);
#6711=ORIENTED_EDGE('',*,*,#4734,.T.);
#6712=ORIENTED_EDGE('',*,*,#4735,.T.);
#6713=ORIENTED_EDGE('',*,*,#4736,.T.);
#6714=ORIENTED_EDGE('',*,*,#4737,.T.);
#6715=ORIENTED_EDGE('',*,*,#4738,.T.);
#6716=ORIENTED_EDGE('',*,*,#4739,.T.);
#6717=ORIENTED_EDGE('',*,*,#4740,.T.);
#6718=ORIENTED_EDGE('',*,*,#4741,.T.);
#6719=ORIENTED_EDGE('',*,*,#4742,.T.);
#6720=ORIENTED_EDGE('',*,*,#4743,.T.);
#6721=ORIENTED_EDGE('',*,*,#4744,.T.);
#6722=ORIENTED_EDGE('',*,*,#4745,.T.);
#6723=ORIENTED_EDGE('',*,*,#4746,.T.);
#6724=ORIENTED_EDGE('',*,*,#4747,.T.);
#6725=ORIENTED_EDGE('',*,*,#4748,.T.);
#6726=ORIENTED_EDGE('',*,*,#4749,.T.);
#6727=ORIENTED_EDGE('',*,*,#4750,.T.);
#6728=ORIENTED_EDGE('',*,*,#4751,.T.);
#6729=ORIENTED_EDGE('',*,*,#4752,.T.);
#6730=ORIENTED_EDGE('',*,*,#4753,.T.);
#6731=ORIENTED_EDGE('',*,*,#4691,.F.);
#6732=ORIENTED_EDGE('',*,*,#4754,.T.);
#6733=ORIENTED_EDGE('',*,*,#4755,.T.);
#6734=ORIENTED_EDGE('',*,*,#4653,.T.);
#6735=ORIENTED_EDGE('',*,*,#4707,.F.);
#6736=ORIENTED_EDGE('',*,*,#4713,.F.);
#6737=ORIENTED_EDGE('',*,*,#4756,.T.);
#6738=ORIENTED_EDGE('',*,*,#4757,.F.);
#6739=ORIENTED_EDGE('',*,*,#4758,.T.);
#6740=ORIENTED_EDGE('',*,*,#4759,.F.);
#6741=ORIENTED_EDGE('',*,*,#4760,.F.);
#6742=ORIENTED_EDGE('',*,*,#4761,.F.);
#6743=ORIENTED_EDGE('',*,*,#4762,.F.);
#6744=ORIENTED_EDGE('',*,*,#4763,.F.);
#6745=ORIENTED_EDGE('',*,*,#4764,.F.);
#6746=ORIENTED_EDGE('',*,*,#4765,.F.);
#6747=ORIENTED_EDGE('',*,*,#4766,.T.);
#6748=ORIENTED_EDGE('',*,*,#4767,.F.);
#6749=ORIENTED_EDGE('',*,*,#4768,.T.);
#6750=ORIENTED_EDGE('',*,*,#4754,.F.);
#6751=ORIENTED_EDGE('',*,*,#4673,.F.);
#6752=ORIENTED_EDGE('',*,*,#4769,.F.);
#6753=ORIENTED_EDGE('',*,*,#4770,.F.);
#6754=ORIENTED_EDGE('',*,*,#4771,.F.);
#6755=ORIENTED_EDGE('',*,*,#4675,.F.);
#6756=ORIENTED_EDGE('',*,*,#4690,.F.);
#6757=ORIENTED_EDGE('',*,*,#4692,.F.);
#6758=ORIENTED_EDGE('',*,*,#4697,.F.);
#6759=ORIENTED_EDGE('',*,*,#4671,.F.);
#6760=ORIENTED_EDGE('',*,*,#4704,.F.);
#6761=ORIENTED_EDGE('',*,*,#4706,.F.);
#6762=ORIENTED_EDGE('',*,*,#4710,.F.);
#6763=ORIENTED_EDGE('',*,*,#4701,.F.);
#6764=ORIENTED_EDGE('',*,*,#4695,.F.);
#6765=ORIENTED_EDGE('',*,*,#4687,.F.);
#6766=ORIENTED_EDGE('',*,*,#4684,.F.);
#6767=ORIENTED_EDGE('',*,*,#4680,.F.);
#6768=ORIENTED_EDGE('',*,*,#4677,.F.);
#6769=ORIENTED_EDGE('',*,*,#4709,.F.);
#6770=ORIENTED_EDGE('',*,*,#4771,.T.);
#6771=ORIENTED_EDGE('',*,*,#4772,.T.);
#6772=ORIENTED_EDGE('',*,*,#4773,.T.);
#6773=ORIENTED_EDGE('',*,*,#4601,.T.);
#6774=ORIENTED_EDGE('',*,*,#4699,.F.);
#6775=ORIENTED_EDGE('',*,*,#4773,.F.);
#6776=ORIENTED_EDGE('',*,*,#4774,.F.);
#6777=ORIENTED_EDGE('',*,*,#4775,.F.);
#6778=ORIENTED_EDGE('',*,*,#4700,.F.);
#6779=ORIENTED_EDGE('',*,*,#4573,.T.);
#6780=ORIENTED_EDGE('',*,*,#4558,.F.);
#6781=ORIENTED_EDGE('',*,*,#4694,.F.);
#6782=ORIENTED_EDGE('',*,*,#4775,.T.);
#6783=ORIENTED_EDGE('',*,*,#4776,.T.);
#6784=ORIENTED_EDGE('',*,*,#4777,.T.);
#6785=ORIENTED_EDGE('',*,*,#4683,.F.);
#6786=ORIENTED_EDGE('',*,*,#4778,.T.);
#6787=ORIENTED_EDGE('',*,*,#4779,.T.);
#6788=ORIENTED_EDGE('',*,*,#4780,.T.);
#6789=ORIENTED_EDGE('',*,*,#4682,.F.);
#6790=ORIENTED_EDGE('',*,*,#4780,.F.);
#6791=ORIENTED_EDGE('',*,*,#4781,.F.);
#6792=ORIENTED_EDGE('',*,*,#4782,.F.);
#6793=ORIENTED_EDGE('',*,*,#4772,.F.);
#6794=ORIENTED_EDGE('',*,*,#4770,.T.);
#6795=ORIENTED_EDGE('',*,*,#4783,.F.);
#6796=ORIENTED_EDGE('',*,*,#4781,.T.);
#6797=ORIENTED_EDGE('',*,*,#4779,.F.);
#6798=ORIENTED_EDGE('',*,*,#4784,.T.);
#6799=ORIENTED_EDGE('',*,*,#4776,.F.);
#6800=ORIENTED_EDGE('',*,*,#4774,.T.);
#6801=ORIENTED_EDGE('',*,*,#4785,.T.);
#6802=ORIENTED_EDGE('',*,*,#4786,.T.);
#6803=ORIENTED_EDGE('',*,*,#4787,.T.);
#6804=ORIENTED_EDGE('',*,*,#4788,.T.);
#6805=ORIENTED_EDGE('',*,*,#4789,.T.);
#6806=ORIENTED_EDGE('',*,*,#4790,.T.);
#6807=ORIENTED_EDGE('',*,*,#4791,.T.);
#6808=ORIENTED_EDGE('',*,*,#4792,.T.);
#6809=ORIENTED_EDGE('',*,*,#4793,.T.);
#6810=ORIENTED_EDGE('',*,*,#4794,.T.);
#6811=ORIENTED_EDGE('',*,*,#4795,.T.);
#6812=ORIENTED_EDGE('',*,*,#4796,.T.);
#6813=ORIENTED_EDGE('',*,*,#4797,.T.);
#6814=ORIENTED_EDGE('',*,*,#4679,.F.);
#6815=ORIENTED_EDGE('',*,*,#4782,.T.);
#6816=ORIENTED_EDGE('',*,*,#4783,.T.);
#6817=ORIENTED_EDGE('',*,*,#4769,.T.);
#6818=ORIENTED_EDGE('',*,*,#4798,.F.);
#6819=ORIENTED_EDGE('',*,*,#4799,.F.);
#6820=ORIENTED_EDGE('',*,*,#4716,.F.);
#6821=ORIENTED_EDGE('',*,*,#4800,.T.);
#6822=ORIENTED_EDGE('',*,*,#4801,.F.);
#6823=ORIENTED_EDGE('',*,*,#4802,.F.);
#6824=ORIENTED_EDGE('',*,*,#4799,.T.);
#6825=ORIENTED_EDGE('',*,*,#4803,.F.);
#6826=ORIENTED_EDGE('',*,*,#4804,.F.);
#6827=ORIENTED_EDGE('',*,*,#4800,.F.);
#6828=ORIENTED_EDGE('',*,*,#4803,.T.);
#6829=ORIENTED_EDGE('',*,*,#4798,.T.);
#6830=ORIENTED_EDGE('',*,*,#4802,.T.);
#6831=ORIENTED_EDGE('',*,*,#4805,.T.);
#6832=ORIENTED_EDGE('',*,*,#4806,.T.);
#6833=ORIENTED_EDGE('',*,*,#4807,.T.);
#6834=ORIENTED_EDGE('',*,*,#4808,.T.);
#6835=ORIENTED_EDGE('',*,*,#4809,.T.);
#6836=ORIENTED_EDGE('',*,*,#4810,.F.);
#6837=ORIENTED_EDGE('',*,*,#4811,.T.);
#6838=ORIENTED_EDGE('',*,*,#4812,.T.);
#6839=ORIENTED_EDGE('',*,*,#4811,.F.);
#6840=ORIENTED_EDGE('',*,*,#4812,.F.);
#6841=ORIENTED_EDGE('',*,*,#4813,.F.);
#6842=ORIENTED_EDGE('',*,*,#4814,.T.);
#6843=ORIENTED_EDGE('',*,*,#4815,.T.);
#6844=ORIENTED_EDGE('',*,*,#4814,.F.);
#6845=ORIENTED_EDGE('',*,*,#4815,.F.);
#6846=ORIENTED_EDGE('',*,*,#4816,.F.);
#6847=ORIENTED_EDGE('',*,*,#4817,.T.);
#6848=ORIENTED_EDGE('',*,*,#4818,.T.);
#6849=ORIENTED_EDGE('',*,*,#4817,.F.);
#6850=ORIENTED_EDGE('',*,*,#4818,.F.);
#6851=ORIENTED_EDGE('',*,*,#4819,.F.);
#6852=ORIENTED_EDGE('',*,*,#4820,.T.);
#6853=ORIENTED_EDGE('',*,*,#4821,.T.);
#6854=ORIENTED_EDGE('',*,*,#4820,.F.);
#6855=ORIENTED_EDGE('',*,*,#4821,.F.);
#6856=ORIENTED_EDGE('',*,*,#4822,.F.);
#6857=ORIENTED_EDGE('',*,*,#4823,.F.);
#6858=ORIENTED_EDGE('',*,*,#4718,.F.);
#6859=ORIENTED_EDGE('',*,*,#4824,.T.);
#6860=ORIENTED_EDGE('',*,*,#4825,.F.);
#6861=ORIENTED_EDGE('',*,*,#4824,.F.);
#6862=ORIENTED_EDGE('',*,*,#4721,.F.);
#6863=ORIENTED_EDGE('',*,*,#4826,.T.);
#6864=ORIENTED_EDGE('',*,*,#4827,.F.);
#6865=ORIENTED_EDGE('',*,*,#4828,.F.);
#6866=ORIENTED_EDGE('',*,*,#4829,.T.);
#6867=ORIENTED_EDGE('',*,*,#4830,.F.);
#6868=ORIENTED_EDGE('',*,*,#4831,.F.);
#6869=ORIENTED_EDGE('',*,*,#4829,.F.);
#6870=ORIENTED_EDGE('',*,*,#4832,.F.);
#6871=ORIENTED_EDGE('',*,*,#4826,.F.);
#6872=ORIENTED_EDGE('',*,*,#4720,.F.);
#6873=ORIENTED_EDGE('',*,*,#4833,.T.);
#6874=ORIENTED_EDGE('',*,*,#4834,.F.);
#6875=ORIENTED_EDGE('',*,*,#4833,.F.);
#6876=ORIENTED_EDGE('',*,*,#4719,.F.);
#6877=ORIENTED_EDGE('',*,*,#4823,.T.);
#6878=ORIENTED_EDGE('',*,*,#4835,.F.);
#6879=ORIENTED_EDGE('',*,*,#4836,.F.);
#6880=ORIENTED_EDGE('',*,*,#4724,.F.);
#6881=ORIENTED_EDGE('',*,*,#4837,.T.);
#6882=ORIENTED_EDGE('',*,*,#4838,.F.);
#6883=ORIENTED_EDGE('',*,*,#4837,.F.);
#6884=ORIENTED_EDGE('',*,*,#4723,.F.);
#6885=ORIENTED_EDGE('',*,*,#4839,.T.);
#6886=ORIENTED_EDGE('',*,*,#4840,.F.);
#6887=ORIENTED_EDGE('',*,*,#4841,.F.);
#6888=ORIENTED_EDGE('',*,*,#4842,.T.);
#6889=ORIENTED_EDGE('',*,*,#4843,.F.);
#6890=ORIENTED_EDGE('',*,*,#4844,.F.);
#6891=ORIENTED_EDGE('',*,*,#4842,.F.);
#6892=ORIENTED_EDGE('',*,*,#4845,.F.);
#6893=ORIENTED_EDGE('',*,*,#4839,.F.);
#6894=ORIENTED_EDGE('',*,*,#4722,.F.);
#6895=ORIENTED_EDGE('',*,*,#4846,.T.);
#6896=ORIENTED_EDGE('',*,*,#4847,.F.);
#6897=ORIENTED_EDGE('',*,*,#4846,.F.);
#6898=ORIENTED_EDGE('',*,*,#4725,.F.);
#6899=ORIENTED_EDGE('',*,*,#4836,.T.);
#6900=ORIENTED_EDGE('',*,*,#4848,.F.);
#6901=ORIENTED_EDGE('',*,*,#4849,.F.);
#6902=ORIENTED_EDGE('',*,*,#4728,.F.);
#6903=ORIENTED_EDGE('',*,*,#4850,.T.);
#6904=ORIENTED_EDGE('',*,*,#4851,.F.);
#6905=ORIENTED_EDGE('',*,*,#4850,.F.);
#6906=ORIENTED_EDGE('',*,*,#4727,.F.);
#6907=ORIENTED_EDGE('',*,*,#4852,.T.);
#6908=ORIENTED_EDGE('',*,*,#4853,.F.);
#6909=ORIENTED_EDGE('',*,*,#4854,.F.);
#6910=ORIENTED_EDGE('',*,*,#4855,.T.);
#6911=ORIENTED_EDGE('',*,*,#4856,.F.);
#6912=ORIENTED_EDGE('',*,*,#4857,.F.);
#6913=ORIENTED_EDGE('',*,*,#4855,.F.);
#6914=ORIENTED_EDGE('',*,*,#4858,.F.);
#6915=ORIENTED_EDGE('',*,*,#4852,.F.);
#6916=ORIENTED_EDGE('',*,*,#4726,.F.);
#6917=ORIENTED_EDGE('',*,*,#4859,.T.);
#6918=ORIENTED_EDGE('',*,*,#4860,.F.);
#6919=ORIENTED_EDGE('',*,*,#4859,.F.);
#6920=ORIENTED_EDGE('',*,*,#4729,.F.);
#6921=ORIENTED_EDGE('',*,*,#4849,.T.);
#6922=ORIENTED_EDGE('',*,*,#4861,.F.);
#6923=ORIENTED_EDGE('',*,*,#4862,.F.);
#6924=ORIENTED_EDGE('',*,*,#4730,.F.);
#6925=ORIENTED_EDGE('',*,*,#4863,.T.);
#6926=ORIENTED_EDGE('',*,*,#4864,.F.);
#6927=ORIENTED_EDGE('',*,*,#4863,.F.);
#6928=ORIENTED_EDGE('',*,*,#4733,.F.);
#6929=ORIENTED_EDGE('',*,*,#4865,.T.);
#6930=ORIENTED_EDGE('',*,*,#4866,.F.);
#6931=ORIENTED_EDGE('',*,*,#4867,.F.);
#6932=ORIENTED_EDGE('',*,*,#4868,.T.);
#6933=ORIENTED_EDGE('',*,*,#4869,.F.);
#6934=ORIENTED_EDGE('',*,*,#4870,.F.);
#6935=ORIENTED_EDGE('',*,*,#4868,.F.);
#6936=ORIENTED_EDGE('',*,*,#4871,.F.);
#6937=ORIENTED_EDGE('',*,*,#4865,.F.);
#6938=ORIENTED_EDGE('',*,*,#4732,.F.);
#6939=ORIENTED_EDGE('',*,*,#4872,.T.);
#6940=ORIENTED_EDGE('',*,*,#4873,.F.);
#6941=ORIENTED_EDGE('',*,*,#4872,.F.);
#6942=ORIENTED_EDGE('',*,*,#4731,.F.);
#6943=ORIENTED_EDGE('',*,*,#4862,.T.);
#6944=ORIENTED_EDGE('',*,*,#4874,.F.);
#6945=ORIENTED_EDGE('',*,*,#4875,.F.);
#6946=ORIENTED_EDGE('',*,*,#4734,.F.);
#6947=ORIENTED_EDGE('',*,*,#4876,.T.);
#6948=ORIENTED_EDGE('',*,*,#4877,.F.);
#6949=ORIENTED_EDGE('',*,*,#4876,.F.);
#6950=ORIENTED_EDGE('',*,*,#4737,.F.);
#6951=ORIENTED_EDGE('',*,*,#4878,.T.);
#6952=ORIENTED_EDGE('',*,*,#4879,.F.);
#6953=ORIENTED_EDGE('',*,*,#4880,.F.);
#6954=ORIENTED_EDGE('',*,*,#4881,.T.);
#6955=ORIENTED_EDGE('',*,*,#4882,.F.);
#6956=ORIENTED_EDGE('',*,*,#4883,.F.);
#6957=ORIENTED_EDGE('',*,*,#4881,.F.);
#6958=ORIENTED_EDGE('',*,*,#4884,.F.);
#6959=ORIENTED_EDGE('',*,*,#4878,.F.);
#6960=ORIENTED_EDGE('',*,*,#4736,.F.);
#6961=ORIENTED_EDGE('',*,*,#4885,.T.);
#6962=ORIENTED_EDGE('',*,*,#4886,.F.);
#6963=ORIENTED_EDGE('',*,*,#4885,.F.);
#6964=ORIENTED_EDGE('',*,*,#4735,.F.);
#6965=ORIENTED_EDGE('',*,*,#4875,.T.);
#6966=ORIENTED_EDGE('',*,*,#4887,.F.);
#6967=ORIENTED_EDGE('',*,*,#4888,.F.);
#6968=ORIENTED_EDGE('',*,*,#4738,.F.);
#6969=ORIENTED_EDGE('',*,*,#4889,.T.);
#6970=ORIENTED_EDGE('',*,*,#4890,.F.);
#6971=ORIENTED_EDGE('',*,*,#4889,.F.);
#6972=ORIENTED_EDGE('',*,*,#4741,.F.);
#6973=ORIENTED_EDGE('',*,*,#4891,.T.);
#6974=ORIENTED_EDGE('',*,*,#4892,.F.);
#6975=ORIENTED_EDGE('',*,*,#4893,.F.);
#6976=ORIENTED_EDGE('',*,*,#4894,.T.);
#6977=ORIENTED_EDGE('',*,*,#4895,.F.);
#6978=ORIENTED_EDGE('',*,*,#4896,.F.);
#6979=ORIENTED_EDGE('',*,*,#4894,.F.);
#6980=ORIENTED_EDGE('',*,*,#4897,.F.);
#6981=ORIENTED_EDGE('',*,*,#4891,.F.);
#6982=ORIENTED_EDGE('',*,*,#4740,.F.);
#6983=ORIENTED_EDGE('',*,*,#4898,.T.);
#6984=ORIENTED_EDGE('',*,*,#4899,.F.);
#6985=ORIENTED_EDGE('',*,*,#4898,.F.);
#6986=ORIENTED_EDGE('',*,*,#4739,.F.);
#6987=ORIENTED_EDGE('',*,*,#4888,.T.);
#6988=ORIENTED_EDGE('',*,*,#4900,.F.);
#6989=ORIENTED_EDGE('',*,*,#4901,.F.);
#6990=ORIENTED_EDGE('',*,*,#4742,.F.);
#6991=ORIENTED_EDGE('',*,*,#4902,.T.);
#6992=ORIENTED_EDGE('',*,*,#4903,.F.);
#6993=ORIENTED_EDGE('',*,*,#4902,.F.);
#6994=ORIENTED_EDGE('',*,*,#4745,.F.);
#6995=ORIENTED_EDGE('',*,*,#4904,.T.);
#6996=ORIENTED_EDGE('',*,*,#4905,.F.);
#6997=ORIENTED_EDGE('',*,*,#4906,.F.);
#6998=ORIENTED_EDGE('',*,*,#4907,.T.);
#6999=ORIENTED_EDGE('',*,*,#4908,.F.);
#7000=ORIENTED_EDGE('',*,*,#4909,.F.);
#7001=ORIENTED_EDGE('',*,*,#4907,.F.);
#7002=ORIENTED_EDGE('',*,*,#4910,.F.);
#7003=ORIENTED_EDGE('',*,*,#4904,.F.);
#7004=ORIENTED_EDGE('',*,*,#4744,.F.);
#7005=ORIENTED_EDGE('',*,*,#4911,.T.);
#7006=ORIENTED_EDGE('',*,*,#4912,.F.);
#7007=ORIENTED_EDGE('',*,*,#4911,.F.);
#7008=ORIENTED_EDGE('',*,*,#4743,.F.);
#7009=ORIENTED_EDGE('',*,*,#4901,.T.);
#7010=ORIENTED_EDGE('',*,*,#4913,.F.);
#7011=ORIENTED_EDGE('',*,*,#4914,.F.);
#7012=ORIENTED_EDGE('',*,*,#4746,.F.);
#7013=ORIENTED_EDGE('',*,*,#4915,.T.);
#7014=ORIENTED_EDGE('',*,*,#4916,.F.);
#7015=ORIENTED_EDGE('',*,*,#4915,.F.);
#7016=ORIENTED_EDGE('',*,*,#4749,.F.);
#7017=ORIENTED_EDGE('',*,*,#4917,.T.);
#7018=ORIENTED_EDGE('',*,*,#4918,.F.);
#7019=ORIENTED_EDGE('',*,*,#4919,.F.);
#7020=ORIENTED_EDGE('',*,*,#4920,.T.);
#7021=ORIENTED_EDGE('',*,*,#4921,.F.);
#7022=ORIENTED_EDGE('',*,*,#4922,.F.);
#7023=ORIENTED_EDGE('',*,*,#4920,.F.);
#7024=ORIENTED_EDGE('',*,*,#4923,.F.);
#7025=ORIENTED_EDGE('',*,*,#4917,.F.);
#7026=ORIENTED_EDGE('',*,*,#4748,.F.);
#7027=ORIENTED_EDGE('',*,*,#4924,.T.);
#7028=ORIENTED_EDGE('',*,*,#4925,.F.);
#7029=ORIENTED_EDGE('',*,*,#4924,.F.);
#7030=ORIENTED_EDGE('',*,*,#4747,.F.);
#7031=ORIENTED_EDGE('',*,*,#4914,.T.);
#7032=ORIENTED_EDGE('',*,*,#4926,.F.);
#7033=ORIENTED_EDGE('',*,*,#4927,.F.);
#7034=ORIENTED_EDGE('',*,*,#4750,.F.);
#7035=ORIENTED_EDGE('',*,*,#4928,.T.);
#7036=ORIENTED_EDGE('',*,*,#4929,.F.);
#7037=ORIENTED_EDGE('',*,*,#4928,.F.);
#7038=ORIENTED_EDGE('',*,*,#4753,.F.);
#7039=ORIENTED_EDGE('',*,*,#4930,.T.);
#7040=ORIENTED_EDGE('',*,*,#4931,.F.);
#7041=ORIENTED_EDGE('',*,*,#4932,.F.);
#7042=ORIENTED_EDGE('',*,*,#4933,.T.);
#7043=ORIENTED_EDGE('',*,*,#4934,.F.);
#7044=ORIENTED_EDGE('',*,*,#4935,.F.);
#7045=ORIENTED_EDGE('',*,*,#4933,.F.);
#7046=ORIENTED_EDGE('',*,*,#4936,.F.);
#7047=ORIENTED_EDGE('',*,*,#4930,.F.);
#7048=ORIENTED_EDGE('',*,*,#4752,.F.);
#7049=ORIENTED_EDGE('',*,*,#4937,.T.);
#7050=ORIENTED_EDGE('',*,*,#4938,.F.);
#7051=ORIENTED_EDGE('',*,*,#4937,.F.);
#7052=ORIENTED_EDGE('',*,*,#4751,.F.);
#7053=ORIENTED_EDGE('',*,*,#4927,.T.);
#7054=ORIENTED_EDGE('',*,*,#4830,.T.);
#7055=ORIENTED_EDGE('',*,*,#4831,.T.);
#7056=ORIENTED_EDGE('',*,*,#4828,.T.);
#7057=ORIENTED_EDGE('',*,*,#4939,.F.);
#7058=ORIENTED_EDGE('',*,*,#4882,.T.);
#7059=ORIENTED_EDGE('',*,*,#4883,.T.);
#7060=ORIENTED_EDGE('',*,*,#4880,.T.);
#7061=ORIENTED_EDGE('',*,*,#4940,.F.);
#7062=ORIENTED_EDGE('',*,*,#4934,.T.);
#7063=ORIENTED_EDGE('',*,*,#4935,.T.);
#7064=ORIENTED_EDGE('',*,*,#4932,.T.);
#7065=ORIENTED_EDGE('',*,*,#4941,.F.);
#7066=ORIENTED_EDGE('',*,*,#4665,.F.);
#7067=ORIENTED_EDGE('',*,*,#4942,.F.);
#7068=ORIENTED_EDGE('',*,*,#4943,.F.);
#7069=ORIENTED_EDGE('',*,*,#4766,.F.);
#7070=ORIENTED_EDGE('',*,*,#4944,.T.);
#7071=ORIENTED_EDGE('',*,*,#4758,.F.);
#7072=ORIENTED_EDGE('',*,*,#4945,.F.);
#7073=ORIENTED_EDGE('',*,*,#4946,.F.);
#7074=ORIENTED_EDGE('',*,*,#4808,.F.);
#7075=ORIENTED_EDGE('',*,*,#4947,.F.);
#7076=ORIENTED_EDGE('',*,*,#4908,.T.);
#7077=ORIENTED_EDGE('',*,*,#4909,.T.);
#7078=ORIENTED_EDGE('',*,*,#4906,.T.);
#7079=ORIENTED_EDGE('',*,*,#4948,.F.);
#7080=ORIENTED_EDGE('',*,*,#4856,.T.);
#7081=ORIENTED_EDGE('',*,*,#4857,.T.);
#7082=ORIENTED_EDGE('',*,*,#4854,.T.);
#7083=ORIENTED_EDGE('',*,*,#4949,.F.);
#7084=ORIENTED_EDGE('',*,*,#4843,.T.);
#7085=ORIENTED_EDGE('',*,*,#4844,.T.);
#7086=ORIENTED_EDGE('',*,*,#4841,.T.);
#7087=ORIENTED_EDGE('',*,*,#4950,.F.);
#7088=ORIENTED_EDGE('',*,*,#4895,.T.);
#7089=ORIENTED_EDGE('',*,*,#4896,.T.);
#7090=ORIENTED_EDGE('',*,*,#4893,.T.);
#7091=ORIENTED_EDGE('',*,*,#4951,.F.);
#7092=ORIENTED_EDGE('',*,*,#4921,.T.);
#7093=ORIENTED_EDGE('',*,*,#4922,.T.);
#7094=ORIENTED_EDGE('',*,*,#4919,.T.);
#7095=ORIENTED_EDGE('',*,*,#4952,.F.);
#7096=ORIENTED_EDGE('',*,*,#4869,.T.);
#7097=ORIENTED_EDGE('',*,*,#4870,.T.);
#7098=ORIENTED_EDGE('',*,*,#4867,.T.);
#7099=ORIENTED_EDGE('',*,*,#4953,.F.);
#7100=ORIENTED_EDGE('',*,*,#4954,.F.);
#7101=ORIENTED_EDGE('',*,*,#4944,.F.);
#7102=ORIENTED_EDGE('',*,*,#4955,.F.);
#7103=ORIENTED_EDGE('',*,*,#4956,.F.);
#7104=ORIENTED_EDGE('',*,*,#4943,.T.);
#7105=ORIENTED_EDGE('',*,*,#4957,.T.);
#7106=ORIENTED_EDGE('',*,*,#4958,.T.);
#7107=ORIENTED_EDGE('',*,*,#4767,.T.);
#7108=ORIENTED_EDGE('',*,*,#4660,.T.);
#7109=ORIENTED_EDGE('',*,*,#4668,.F.);
#7110=ORIENTED_EDGE('',*,*,#4959,.F.);
#7111=ORIENTED_EDGE('',*,*,#4957,.F.);
#7112=ORIENTED_EDGE('',*,*,#4942,.T.);
#7113=ORIENTED_EDGE('',*,*,#4664,.F.);
#7114=ORIENTED_EDGE('',*,*,#4650,.T.);
#7115=ORIENTED_EDGE('',*,*,#4662,.F.);
#7116=ORIENTED_EDGE('',*,*,#4663,.T.);
#7117=ORIENTED_EDGE('',*,*,#4657,.F.);
#7118=ORIENTED_EDGE('',*,*,#4825,.T.);
#7119=ORIENTED_EDGE('',*,*,#4953,.T.);
#7120=ORIENTED_EDGE('',*,*,#4866,.T.);
#7121=ORIENTED_EDGE('',*,*,#4871,.T.);
#7122=ORIENTED_EDGE('',*,*,#4873,.T.);
#7123=ORIENTED_EDGE('',*,*,#4861,.T.);
#7124=ORIENTED_EDGE('',*,*,#4864,.T.);
#7125=ORIENTED_EDGE('',*,*,#4952,.T.);
#7126=ORIENTED_EDGE('',*,*,#4918,.T.);
#7127=ORIENTED_EDGE('',*,*,#4923,.T.);
#7128=ORIENTED_EDGE('',*,*,#4925,.T.);
#7129=ORIENTED_EDGE('',*,*,#4913,.T.);
#7130=ORIENTED_EDGE('',*,*,#4916,.T.);
#7131=ORIENTED_EDGE('',*,*,#4951,.T.);
#7132=ORIENTED_EDGE('',*,*,#4892,.T.);
#7133=ORIENTED_EDGE('',*,*,#4897,.T.);
#7134=ORIENTED_EDGE('',*,*,#4899,.T.);
#7135=ORIENTED_EDGE('',*,*,#4887,.T.);
#7136=ORIENTED_EDGE('',*,*,#4890,.T.);
#7137=ORIENTED_EDGE('',*,*,#4950,.T.);
#7138=ORIENTED_EDGE('',*,*,#4840,.T.);
#7139=ORIENTED_EDGE('',*,*,#4845,.T.);
#7140=ORIENTED_EDGE('',*,*,#4847,.T.);
#7141=ORIENTED_EDGE('',*,*,#4835,.T.);
#7142=ORIENTED_EDGE('',*,*,#4838,.T.);
#7143=ORIENTED_EDGE('',*,*,#4949,.T.);
#7144=ORIENTED_EDGE('',*,*,#4853,.T.);
#7145=ORIENTED_EDGE('',*,*,#4858,.T.);
#7146=ORIENTED_EDGE('',*,*,#4860,.T.);
#7147=ORIENTED_EDGE('',*,*,#4848,.T.);
#7148=ORIENTED_EDGE('',*,*,#4851,.T.);
#7149=ORIENTED_EDGE('',*,*,#4948,.T.);
#7150=ORIENTED_EDGE('',*,*,#4905,.T.);
#7151=ORIENTED_EDGE('',*,*,#4910,.T.);
#7152=ORIENTED_EDGE('',*,*,#4912,.T.);
#7153=ORIENTED_EDGE('',*,*,#4900,.T.);
#7154=ORIENTED_EDGE('',*,*,#4903,.T.);
#7155=ORIENTED_EDGE('',*,*,#4947,.T.);
#7156=ORIENTED_EDGE('',*,*,#4807,.F.);
#7157=ORIENTED_EDGE('',*,*,#4960,.F.);
#7158=ORIENTED_EDGE('',*,*,#4666,.F.);
#7159=ORIENTED_EDGE('',*,*,#4941,.T.);
#7160=ORIENTED_EDGE('',*,*,#4931,.T.);
#7161=ORIENTED_EDGE('',*,*,#4936,.T.);
#7162=ORIENTED_EDGE('',*,*,#4938,.T.);
#7163=ORIENTED_EDGE('',*,*,#4926,.T.);
#7164=ORIENTED_EDGE('',*,*,#4929,.T.);
#7165=ORIENTED_EDGE('',*,*,#4940,.T.);
#7166=ORIENTED_EDGE('',*,*,#4879,.T.);
#7167=ORIENTED_EDGE('',*,*,#4884,.T.);
#7168=ORIENTED_EDGE('',*,*,#4886,.T.);
#7169=ORIENTED_EDGE('',*,*,#4874,.T.);
#7170=ORIENTED_EDGE('',*,*,#4877,.T.);
#7171=ORIENTED_EDGE('',*,*,#4939,.T.);
#7172=ORIENTED_EDGE('',*,*,#4827,.T.);
#7173=ORIENTED_EDGE('',*,*,#4832,.T.);
#7174=ORIENTED_EDGE('',*,*,#4834,.T.);
#7175=ORIENTED_EDGE('',*,*,#4822,.T.);
#7176=ORIENTED_EDGE('',*,*,#4945,.T.);
#7177=ORIENTED_EDGE('',*,*,#4757,.T.);
#7178=ORIENTED_EDGE('',*,*,#4961,.T.);
#7179=ORIENTED_EDGE('',*,*,#4962,.T.);
#7180=ORIENTED_EDGE('',*,*,#4801,.T.);
#7181=ORIENTED_EDGE('',*,*,#4804,.T.);
#7182=ORIENTED_EDGE('',*,*,#4809,.F.);
#7183=ORIENTED_EDGE('',*,*,#4946,.T.);
#7184=ORIENTED_EDGE('',*,*,#4962,.F.);
#7185=ORIENTED_EDGE('',*,*,#4963,.F.);
#7186=ORIENTED_EDGE('',*,*,#4805,.F.);
#7187=ORIENTED_EDGE('',*,*,#4959,.T.);
#7188=ORIENTED_EDGE('',*,*,#4667,.F.);
#7189=ORIENTED_EDGE('',*,*,#4960,.T.);
#7190=ORIENTED_EDGE('',*,*,#4806,.F.);
#7191=ORIENTED_EDGE('',*,*,#4963,.T.);
#7192=ORIENTED_EDGE('',*,*,#4961,.F.);
#7193=ORIENTED_EDGE('',*,*,#4756,.F.);
#7194=ORIENTED_EDGE('',*,*,#4712,.F.);
#7195=ORIENTED_EDGE('',*,*,#4715,.T.);
#7196=ORIENTED_EDGE('',*,*,#4717,.F.);
#7197=ORIENTED_EDGE('',*,*,#4654,.F.);
#7198=ORIENTED_EDGE('',*,*,#4755,.F.);
#7199=ORIENTED_EDGE('',*,*,#4768,.F.);
#7200=ORIENTED_EDGE('',*,*,#4958,.F.);
#7201=ORIENTED_EDGE('',*,*,#4810,.T.);
#7202=ORIENTED_EDGE('',*,*,#4813,.T.);
#7203=ORIENTED_EDGE('',*,*,#4816,.T.);
#7204=ORIENTED_EDGE('',*,*,#4819,.T.);
#7205=ORIENTED_EDGE('',*,*,#4964,.T.);
#7206=ORIENTED_EDGE('',*,*,#4965,.T.);
#7207=ORIENTED_EDGE('',*,*,#4966,.F.);
#7208=ORIENTED_EDGE('',*,*,#4965,.F.);
#7209=ORIENTED_EDGE('',*,*,#4967,.T.);
#7210=ORIENTED_EDGE('',*,*,#4968,.T.);
#7211=ORIENTED_EDGE('',*,*,#4969,.T.);
#7212=ORIENTED_EDGE('',*,*,#4970,.T.);
#7213=ORIENTED_EDGE('',*,*,#4971,.T.);
#7214=ORIENTED_EDGE('',*,*,#4972,.T.);
#7215=ORIENTED_EDGE('',*,*,#4973,.T.);
#7216=ORIENTED_EDGE('',*,*,#4974,.T.);
#7217=ORIENTED_EDGE('',*,*,#4686,.F.);
#7218=ORIENTED_EDGE('',*,*,#4777,.F.);
#7219=ORIENTED_EDGE('',*,*,#4784,.F.);
#7220=ORIENTED_EDGE('',*,*,#4778,.F.);
#7221=ORIENTED_EDGE('',*,*,#4975,.F.);
#7222=ORIENTED_EDGE('',*,*,#4797,.F.);
#7223=ORIENTED_EDGE('',*,*,#4976,.F.);
#7224=ORIENTED_EDGE('',*,*,#4977,.F.);
#7225=ORIENTED_EDGE('',*,*,#4976,.T.);
#7226=ORIENTED_EDGE('',*,*,#4796,.F.);
#7227=ORIENTED_EDGE('',*,*,#4978,.F.);
#7228=ORIENTED_EDGE('',*,*,#4979,.F.);
#7229=ORIENTED_EDGE('',*,*,#4975,.T.);
#7230=ORIENTED_EDGE('',*,*,#4980,.F.);
#7231=ORIENTED_EDGE('',*,*,#4978,.T.);
#7232=ORIENTED_EDGE('',*,*,#4795,.F.);
#7233=ORIENTED_EDGE('',*,*,#4981,.F.);
#7234=ORIENTED_EDGE('',*,*,#4982,.F.);
#7235=ORIENTED_EDGE('',*,*,#4983,.F.);
#7236=ORIENTED_EDGE('',*,*,#4793,.F.);
#7237=ORIENTED_EDGE('',*,*,#4983,.T.);
#7238=ORIENTED_EDGE('',*,*,#4984,.F.);
#7239=ORIENTED_EDGE('',*,*,#4985,.T.);
#7240=ORIENTED_EDGE('',*,*,#4794,.F.);
#7241=ORIENTED_EDGE('',*,*,#4981,.T.);
#7242=ORIENTED_EDGE('',*,*,#4792,.F.);
#7243=ORIENTED_EDGE('',*,*,#4985,.F.);
#7244=ORIENTED_EDGE('',*,*,#4986,.F.);
#7245=ORIENTED_EDGE('',*,*,#4987,.F.);
#7246=ORIENTED_EDGE('',*,*,#4791,.F.);
#7247=ORIENTED_EDGE('',*,*,#4988,.F.);
#7248=ORIENTED_EDGE('',*,*,#4989,.F.);
#7249=ORIENTED_EDGE('',*,*,#4988,.T.);
#7250=ORIENTED_EDGE('',*,*,#4790,.F.);
#7251=ORIENTED_EDGE('',*,*,#4990,.F.);
#7252=ORIENTED_EDGE('',*,*,#4991,.F.);
#7253=ORIENTED_EDGE('',*,*,#4987,.T.);
#7254=ORIENTED_EDGE('',*,*,#4992,.F.);
#7255=ORIENTED_EDGE('',*,*,#4990,.T.);
#7256=ORIENTED_EDGE('',*,*,#4789,.F.);
#7257=ORIENTED_EDGE('',*,*,#4993,.T.);
#7258=ORIENTED_EDGE('',*,*,#4787,.F.);
#7259=ORIENTED_EDGE('',*,*,#4994,.F.);
#7260=ORIENTED_EDGE('',*,*,#4995,.F.);
#7261=ORIENTED_EDGE('',*,*,#4996,.F.);
#7262=ORIENTED_EDGE('',*,*,#4788,.F.);
#7263=ORIENTED_EDGE('',*,*,#4993,.F.);
#7264=ORIENTED_EDGE('',*,*,#4997,.F.);
#7265=ORIENTED_EDGE('',*,*,#4996,.T.);
#7266=ORIENTED_EDGE('',*,*,#4998,.F.);
#7267=ORIENTED_EDGE('',*,*,#4994,.T.);
#7268=ORIENTED_EDGE('',*,*,#4786,.F.);
#7269=ORIENTED_EDGE('',*,*,#4998,.T.);
#7270=ORIENTED_EDGE('',*,*,#4997,.T.);
#7271=ORIENTED_EDGE('',*,*,#4995,.T.);
#7272=ORIENTED_EDGE('',*,*,#4992,.T.);
#7273=ORIENTED_EDGE('',*,*,#4989,.T.);
#7274=ORIENTED_EDGE('',*,*,#4991,.T.);
#7275=ORIENTED_EDGE('',*,*,#4986,.T.);
#7276=ORIENTED_EDGE('',*,*,#4984,.T.);
#7277=ORIENTED_EDGE('',*,*,#4982,.T.);
#7278=ORIENTED_EDGE('',*,*,#4980,.T.);
#7279=ORIENTED_EDGE('',*,*,#4977,.T.);
#7280=ORIENTED_EDGE('',*,*,#4979,.T.);
#7281=ORIENTED_EDGE('',*,*,#4966,.T.);
#7282=ORIENTED_EDGE('',*,*,#4999,.F.);
#7283=ORIENTED_EDGE('',*,*,#5000,.F.);
#7284=ORIENTED_EDGE('',*,*,#5001,.T.);
#7285=ORIENTED_EDGE('',*,*,#4999,.T.);
#7286=ORIENTED_EDGE('',*,*,#5001,.F.);
#7287=ORIENTED_EDGE('',*,*,#5002,.F.);
#7288=ORIENTED_EDGE('',*,*,#5003,.F.);
#7289=ORIENTED_EDGE('',*,*,#5004,.T.);
#7290=ORIENTED_EDGE('',*,*,#5002,.T.);
#7291=ORIENTED_EDGE('',*,*,#5004,.F.);
#7292=ORIENTED_EDGE('',*,*,#5005,.F.);
#7293=ORIENTED_EDGE('',*,*,#5006,.F.);
#7294=ORIENTED_EDGE('',*,*,#5007,.T.);
#7295=ORIENTED_EDGE('',*,*,#5005,.T.);
#7296=ORIENTED_EDGE('',*,*,#5007,.F.);
#7297=ORIENTED_EDGE('',*,*,#5008,.F.);
#7298=ORIENTED_EDGE('',*,*,#5009,.F.);
#7299=ORIENTED_EDGE('',*,*,#5010,.T.);
#7300=ORIENTED_EDGE('',*,*,#5008,.T.);
#7301=ORIENTED_EDGE('',*,*,#5010,.F.);
#7302=ORIENTED_EDGE('',*,*,#5011,.F.);
#7303=ORIENTED_EDGE('',*,*,#5012,.T.);
#7304=ORIENTED_EDGE('',*,*,#4971,.F.);
#7305=ORIENTED_EDGE('',*,*,#5013,.F.);
#7306=ORIENTED_EDGE('',*,*,#5014,.F.);
#7307=ORIENTED_EDGE('',*,*,#5013,.T.);
#7308=ORIENTED_EDGE('',*,*,#4970,.F.);
#7309=ORIENTED_EDGE('',*,*,#5015,.F.);
#7310=ORIENTED_EDGE('',*,*,#5016,.F.);
#7311=ORIENTED_EDGE('',*,*,#5015,.T.);
#7312=ORIENTED_EDGE('',*,*,#4969,.F.);
#7313=ORIENTED_EDGE('',*,*,#5017,.F.);
#7314=ORIENTED_EDGE('',*,*,#5018,.F.);
#7315=ORIENTED_EDGE('',*,*,#5017,.T.);
#7316=ORIENTED_EDGE('',*,*,#4968,.F.);
#7317=ORIENTED_EDGE('',*,*,#5019,.F.);
#7318=ORIENTED_EDGE('',*,*,#5020,.F.);
#7319=ORIENTED_EDGE('',*,*,#5019,.T.);
#7320=ORIENTED_EDGE('',*,*,#4967,.F.);
#7321=ORIENTED_EDGE('',*,*,#5021,.F.);
#7322=ORIENTED_EDGE('',*,*,#5022,.F.);
#7323=ORIENTED_EDGE('',*,*,#5021,.T.);
#7324=ORIENTED_EDGE('',*,*,#4974,.F.);
#7325=ORIENTED_EDGE('',*,*,#5023,.F.);
#7326=ORIENTED_EDGE('',*,*,#5024,.F.);
#7327=ORIENTED_EDGE('',*,*,#5023,.T.);
#7328=ORIENTED_EDGE('',*,*,#4973,.F.);
#7329=ORIENTED_EDGE('',*,*,#5025,.F.);
#7330=ORIENTED_EDGE('',*,*,#5026,.F.);
#7331=ORIENTED_EDGE('',*,*,#5025,.T.);
#7332=ORIENTED_EDGE('',*,*,#4972,.F.);
#7333=ORIENTED_EDGE('',*,*,#5012,.F.);
#7334=ORIENTED_EDGE('',*,*,#5027,.F.);
#7335=ORIENTED_EDGE('',*,*,#4761,.T.);
#7336=ORIENTED_EDGE('',*,*,#5028,.F.);
#7337=ORIENTED_EDGE('',*,*,#5018,.T.);
#7338=ORIENTED_EDGE('',*,*,#5028,.T.);
#7339=ORIENTED_EDGE('',*,*,#4760,.T.);
#7340=ORIENTED_EDGE('',*,*,#5029,.F.);
#7341=ORIENTED_EDGE('',*,*,#5016,.T.);
#7342=ORIENTED_EDGE('',*,*,#5029,.T.);
#7343=ORIENTED_EDGE('',*,*,#4759,.T.);
#7344=ORIENTED_EDGE('',*,*,#4954,.T.);
#7345=ORIENTED_EDGE('',*,*,#5030,.F.);
#7346=ORIENTED_EDGE('',*,*,#5014,.T.);
#7347=ORIENTED_EDGE('',*,*,#5030,.T.);
#7348=ORIENTED_EDGE('',*,*,#4956,.T.);
#7349=ORIENTED_EDGE('',*,*,#5031,.F.);
#7350=ORIENTED_EDGE('',*,*,#5011,.T.);
#7351=ORIENTED_EDGE('',*,*,#5031,.T.);
#7352=ORIENTED_EDGE('',*,*,#4955,.T.);
#7353=ORIENTED_EDGE('',*,*,#4765,.T.);
#7354=ORIENTED_EDGE('',*,*,#5032,.F.);
#7355=ORIENTED_EDGE('',*,*,#5026,.T.);
#7356=ORIENTED_EDGE('',*,*,#5032,.T.);
#7357=ORIENTED_EDGE('',*,*,#4764,.T.);
#7358=ORIENTED_EDGE('',*,*,#5033,.F.);
#7359=ORIENTED_EDGE('',*,*,#5024,.T.);
#7360=ORIENTED_EDGE('',*,*,#5033,.T.);
#7361=ORIENTED_EDGE('',*,*,#4763,.T.);
#7362=ORIENTED_EDGE('',*,*,#5034,.F.);
#7363=ORIENTED_EDGE('',*,*,#5022,.T.);
#7364=ORIENTED_EDGE('',*,*,#5034,.T.);
#7365=ORIENTED_EDGE('',*,*,#4762,.T.);
#7366=ORIENTED_EDGE('',*,*,#5027,.T.);
#7367=ORIENTED_EDGE('',*,*,#5020,.T.);
#7368=ORIENTED_EDGE('',*,*,#5035,.T.);
#7369=ORIENTED_EDGE('',*,*,#5009,.T.);
#7370=ORIENTED_EDGE('',*,*,#5006,.T.);
#7371=ORIENTED_EDGE('',*,*,#5003,.T.);
#7372=ORIENTED_EDGE('',*,*,#5000,.T.);
#7373=ORIENTED_EDGE('',*,*,#4964,.F.);
#7374=ORIENTED_EDGE('',*,*,#5036,.F.);
#7375=ORIENTED_EDGE('',*,*,#5037,.T.);
#7376=ORIENTED_EDGE('',*,*,#4785,.F.);
#7377=ORIENTED_EDGE('',*,*,#5037,.F.);
#7378=ORIENTED_EDGE('',*,*,#5038,.F.);
#7379=ORIENTED_EDGE('',*,*,#5039,.T.);
#7380=ORIENTED_EDGE('',*,*,#5035,.F.);
#7381=ORIENTED_EDGE('',*,*,#5039,.F.);
#7382=ORIENTED_EDGE('',*,*,#5036,.T.);
#7383=ORIENTED_EDGE('',*,*,#5038,.T.);
#7384=ORIENTED_EDGE('',*,*,#5040,.F.);
#7385=ORIENTED_EDGE('',*,*,#5041,.F.);
#7386=ORIENTED_EDGE('',*,*,#5042,.F.);
#7387=ORIENTED_EDGE('',*,*,#5043,.T.);
#7388=ORIENTED_EDGE('',*,*,#5041,.T.);
#7389=ORIENTED_EDGE('',*,*,#5043,.F.);
#7390=ORIENTED_EDGE('',*,*,#5044,.F.);
#7391=ORIENTED_EDGE('',*,*,#5045,.T.);
#7392=ORIENTED_EDGE('',*,*,#5040,.T.);
#7393=ORIENTED_EDGE('',*,*,#5045,.F.);
#7394=ORIENTED_EDGE('',*,*,#5044,.T.);
#7395=ORIENTED_EDGE('',*,*,#5042,.T.);
#7396=PLANE('',#8044);
#7397=PLANE('',#8045);
#7398=PLANE('',#8046);
#7399=PLANE('',#8047);
#7400=PLANE('',#8048);
#7401=PLANE('',#8049);
#7402=PLANE('',#8050);
#7403=PLANE('',#8051);
#7404=PLANE('',#8052);
#7405=PLANE('',#8053);
#7406=PLANE('',#8054);
#7407=PLANE('',#8055);
#7408=PLANE('',#8056);
#7409=PLANE('',#8057);
#7410=PLANE('',#8058);
#7411=PLANE('',#8059);
#7412=PLANE('',#8060);
#7413=PLANE('',#8061);
#7414=PLANE('',#8062);
#7415=PLANE('',#8063);
#7416=PLANE('',#8064);
#7417=PLANE('',#8065);
#7418=PLANE('',#8066);
#7419=PLANE('',#8067);
#7420=PLANE('',#8068);
#7421=PLANE('',#8069);
#7422=PLANE('',#8070);
#7423=PLANE('',#8071);
#7424=PLANE('',#8072);
#7425=PLANE('',#8073);
#7426=PLANE('',#8074);
#7427=PLANE('',#8075);
#7428=PLANE('',#8076);
#7429=PLANE('',#8077);
#7430=PLANE('',#8078);
#7431=PLANE('',#8079);
#7432=PLANE('',#8080);
#7433=PLANE('',#8081);
#7434=PLANE('',#8082);
#7435=PLANE('',#8083);
#7436=PLANE('',#8084);
#7437=PLANE('',#8085);
#7438=PLANE('',#8086);
#7439=PLANE('',#8087);
#7440=PLANE('',#8088);
#7441=PLANE('',#8089);
#7442=PLANE('',#8090);
#7443=PLANE('',#8091);
#7444=PLANE('',#8092);
#7445=PLANE('',#8093);
#7446=PLANE('',#8094);
#7447=PLANE('',#8095);
#7448=PLANE('',#8096);
#7449=PLANE('',#8097);
#7450=PLANE('',#8098);
#7451=PLANE('',#8099);
#7452=PLANE('',#8100);
#7453=PLANE('',#8101);
#7454=PLANE('',#8102);
#7455=PLANE('',#8103);
#7456=PLANE('',#8104);
#7457=PLANE('',#8105);
#7458=PLANE('',#8106);
#7459=PLANE('',#8107);
#7460=PLANE('',#8108);
#7461=PLANE('',#8109);
#7462=PLANE('',#8110);
#7463=PLANE('',#8111);
#7464=PLANE('',#8112);
#7465=PLANE('',#8113);
#7466=PLANE('',#8114);
#7467=PLANE('',#8115);
#7468=PLANE('',#8116);
#7469=PLANE('',#8117);
#7470=PLANE('',#8118);
#7471=PLANE('',#8119);
#7472=PLANE('',#8120);
#7473=PLANE('',#8121);
#7474=PLANE('',#8122);
#7475=PLANE('',#8123);
#7476=PLANE('',#8124);
#7477=PLANE('',#8125);
#7478=PLANE('',#8126);
#7479=PLANE('',#8127);
#7480=PLANE('',#8128);
#7481=PLANE('',#8129);
#7482=PLANE('',#8130);
#7483=PLANE('',#8131);
#7484=PLANE('',#8135);
#7485=PLANE('',#8136);
#7486=PLANE('',#8137);
#7487=PLANE('',#8138);
#7488=PLANE('',#8139);
#7489=PLANE('',#8142);
#7490=PLANE('',#8143);
#7491=PLANE('',#8144);
#7492=PLANE('',#8145);
#7493=PLANE('',#8146);
#7494=PLANE('',#8147);
#7495=PLANE('',#8150);
#7496=PLANE('',#8151);
#7497=PLANE('',#8152);
#7498=PLANE('',#8153);
#7499=PLANE('',#8154);
#7500=PLANE('',#8155);
#7501=PLANE('',#8158);
#7502=PLANE('',#8159);
#7503=PLANE('',#8160);
#7504=PLANE('',#8161);
#7505=PLANE('',#8162);
#7506=PLANE('',#8163);
#7507=PLANE('',#8164);
#7508=PLANE('',#8165);
#7509=PLANE('',#8166);
#7510=PLANE('',#8167);
#7511=PLANE('',#8168);
#7512=PLANE('',#8169);
#7513=PLANE('',#8170);
#7514=PLANE('',#8171);
#7515=PLANE('',#8172);
#7516=PLANE('',#8173);
#7517=PLANE('',#8174);
#7518=PLANE('',#8175);
#7519=PLANE('',#8210);
#7520=PLANE('',#8212);
#7521=PLANE('',#8233);
#7522=PLANE('',#8238);
#7523=PLANE('',#8239);
#7524=PLANE('',#8240);
#7525=PLANE('',#8241);
#7526=PLANE('',#8242);
#7527=PLANE('',#8243);
#7528=PLANE('',#8244);
#7529=PLANE('',#8250);
#7530=PLANE('',#8251);
#7531=PLANE('',#8258);
#7532=PLANE('',#8262);
#7533=PLANE('',#8266);
#7534=PLANE('',#8270);
#7535=PLANE('',#8274);
#7536=PLANE('',#8275);
#7537=PLANE('',#8280);
#7538=PLANE('',#8281);
#7539=PLANE('',#8284);
#7540=PLANE('',#8289);
#7541=PLANE('',#8290);
#7542=PLANE('',#8293);
#7543=PLANE('',#8298);
#7544=PLANE('',#8299);
#7545=PLANE('',#8302);
#7546=PLANE('',#8307);
#7547=PLANE('',#8308);
#7548=PLANE('',#8311);
#7549=PLANE('',#8316);
#7550=PLANE('',#8317);
#7551=PLANE('',#8320);
#7552=PLANE('',#8325);
#7553=PLANE('',#8326);
#7554=PLANE('',#8329);
#7555=PLANE('',#8334);
#7556=PLANE('',#8335);
#7557=PLANE('',#8338);
#7558=PLANE('',#8343);
#7559=PLANE('',#8344);
#7560=PLANE('',#8347);
#7561=PLANE('',#8352);
#7562=PLANE('',#8353);
#7563=PLANE('',#8356);
#7564=PLANE('',#8357);
#7565=PLANE('',#8360);
#7566=PLANE('',#8361);
#7567=PLANE('',#8362);
#7568=PLANE('',#8363);
#7569=PLANE('',#8364);
#7570=PLANE('',#8365);
#7571=PLANE('',#8371);
#7572=PLANE('',#8374);
#7573=PLANE('',#8375);
#7574=PLANE('',#8378);
#7575=PLANE('',#8379);
#7576=PLANE('',#8382);
#7577=PLANE('',#8383);
#7578=PLANE('',#8384);
#7579=PLANE('',#8387);
#7580=PLANE('',#8388);
#7581=PLANE('',#8389);
#7582=PLANE('',#8390);
#7583=PLANE('',#8391);
#7584=PLANE('',#8392);
#7585=PLANE('',#8393);
#7586=PLANE('',#8397);
#7587=PLANE('',#8401);
#7588=PLANE('',#8405);
#7589=PLANE('',#8409);
#7590=PLANE('',#8412);
#7591=PLANE('',#8415);
#7592=PLANE('',#8418);
#7593=PLANE('',#8422);
#7594=PLANE('',#8424);
#7595=PLANE('',#8426);
#7596=PLANE('',#8428);
#7597=PLANE('',#8429);
#7598=PLANE('',#8435);
#7599=PLANE('',#8436);
#7600=PLANE('',#8443);
#7601=ADVANCED_FACE('',(#752),#7396,.F.);
#7602=ADVANCED_FACE('',(#753),#593,.F.);
#7603=ADVANCED_FACE('',(#754),#594,.F.);
#7604=ADVANCED_FACE('',(#755),#595,.F.);
#7605=ADVANCED_FACE('',(#756),#596,.F.);
#7606=ADVANCED_FACE('',(#757),#597,.F.);
#7607=ADVANCED_FACE('',(#758),#7397,.F.);
#7608=ADVANCED_FACE('',(#759),#7398,.F.);
#7609=ADVANCED_FACE('',(#760),#7399,.F.);
#7610=ADVANCED_FACE('',(#761),#598,.F.);
#7611=ADVANCED_FACE('',(#762),#599,.F.);
#7612=ADVANCED_FACE('',(#763),#600,.F.);
#7613=ADVANCED_FACE('',(#764),#601,.F.);
#7614=ADVANCED_FACE('',(#765),#7400,.F.);
#7615=ADVANCED_FACE('',(#766),#7401,.F.);
#7616=ADVANCED_FACE('',(#767),#7402,.F.);
#7617=ADVANCED_FACE('',(#768),#7403,.F.);
#7618=ADVANCED_FACE('',(#769),#7404,.T.);
#7619=ADVANCED_FACE('',(#770),#602,.F.);
#7620=ADVANCED_FACE('',(#771),#603,.F.);
#7621=ADVANCED_FACE('',(#772),#604,.F.);
#7622=ADVANCED_FACE('',(#773),#605,.F.);
#7623=ADVANCED_FACE('',(#774),#606,.F.);
#7624=ADVANCED_FACE('',(#775),#607,.F.);
#7625=ADVANCED_FACE('',(#776),#608,.F.);
#7626=ADVANCED_FACE('',(#777),#609,.F.);
#7627=ADVANCED_FACE('',(#778),#610,.F.);
#7628=ADVANCED_FACE('',(#779),#7405,.F.);
#7629=ADVANCED_FACE('',(#780),#7406,.F.);
#7630=ADVANCED_FACE('',(#781),#611,.F.);
#7631=ADVANCED_FACE('',(#782),#612,.F.);
#7632=ADVANCED_FACE('',(#783),#7407,.F.);
#7633=ADVANCED_FACE('',(#784),#613,.F.);
#7634=ADVANCED_FACE('',(#785),#614,.F.);
#7635=ADVANCED_FACE('',(#786),#615,.F.);
#7636=ADVANCED_FACE('',(#787),#616,.F.);
#7637=ADVANCED_FACE('',(#788),#617,.F.);
#7638=ADVANCED_FACE('',(#789),#618,.F.);
#7639=ADVANCED_FACE('',(#790),#619,.F.);
#7640=ADVANCED_FACE('',(#791),#7408,.F.);
#7641=ADVANCED_FACE('',(#792),#620,.F.);
#7642=ADVANCED_FACE('',(#793),#621,.F.);
#7643=ADVANCED_FACE('',(#794),#622,.F.);
#7644=ADVANCED_FACE('',(#795),#623,.F.);
#7645=ADVANCED_FACE('',(#796),#624,.F.);
#7646=ADVANCED_FACE('',(#797),#625,.F.);
#7647=ADVANCED_FACE('',(#798),#626,.F.);
#7648=ADVANCED_FACE('',(#799),#627,.F.);
#7649=ADVANCED_FACE('',(#800),#628,.F.);
#7650=ADVANCED_FACE('',(#801),#629,.F.);
#7651=ADVANCED_FACE('',(#802),#630,.F.);
#7652=ADVANCED_FACE('',(#803),#631,.F.);
#7653=ADVANCED_FACE('',(#804),#632,.F.);
#7654=ADVANCED_FACE('',(#805),#633,.F.);
#7655=ADVANCED_FACE('',(#806),#634,.F.);
#7656=ADVANCED_FACE('',(#807,#215),#7409,.T.);
#7657=ADVANCED_FACE('',(#808),#7410,.F.);
#7658=ADVANCED_FACE('',(#809),#635,.F.);
#7659=ADVANCED_FACE('',(#810),#636,.F.);
#7660=ADVANCED_FACE('',(#811),#637,.F.);
#7661=ADVANCED_FACE('',(#812),#638,.F.);
#7662=ADVANCED_FACE('',(#813),#639,.F.);
#7663=ADVANCED_FACE('',(#814),#7411,.F.);
#7664=ADVANCED_FACE('',(#815),#7412,.F.);
#7665=ADVANCED_FACE('',(#816),#7413,.F.);
#7666=ADVANCED_FACE('',(#817),#640,.F.);
#7667=ADVANCED_FACE('',(#818),#641,.F.);
#7668=ADVANCED_FACE('',(#819),#642,.F.);
#7669=ADVANCED_FACE('',(#820),#643,.F.);
#7670=ADVANCED_FACE('',(#821),#644,.F.);
#7671=ADVANCED_FACE('',(#822),#7414,.F.);
#7672=ADVANCED_FACE('',(#823),#7415,.F.);
#7673=ADVANCED_FACE('',(#824),#7416,.F.);
#7674=ADVANCED_FACE('',(#825),#7417,.F.);
#7675=ADVANCED_FACE('',(#826),#7418,.T.);
#7676=ADVANCED_FACE('',(#827),#7419,.F.);
#7677=ADVANCED_FACE('',(#828),#7420,.F.);
#7678=ADVANCED_FACE('',(#829),#7421,.F.);
#7679=ADVANCED_FACE('',(#830),#7422,.F.);
#7680=ADVANCED_FACE('',(#831),#7423,.F.);
#7681=ADVANCED_FACE('',(#832),#7424,.F.);
#7682=ADVANCED_FACE('',(#833),#645,.F.);
#7683=ADVANCED_FACE('',(#834),#646,.F.);
#7684=ADVANCED_FACE('',(#835),#647,.F.);
#7685=ADVANCED_FACE('',(#836),#648,.F.);
#7686=ADVANCED_FACE('',(#837),#649,.F.);
#7687=ADVANCED_FACE('',(#838),#7425,.F.);
#7688=ADVANCED_FACE('',(#839),#7426,.F.);
#7689=ADVANCED_FACE('',(#840),#7427,.F.);
#7690=ADVANCED_FACE('',(#841),#7428,.F.);
#7691=ADVANCED_FACE('',(#842),#650,.F.);
#7692=ADVANCED_FACE('',(#843),#651,.F.);
#7693=ADVANCED_FACE('',(#844),#652,.F.);
#7694=ADVANCED_FACE('',(#845),#653,.F.);
#7695=ADVANCED_FACE('',(#846),#654,.F.);
#7696=ADVANCED_FACE('',(#847),#655,.F.);
#7697=ADVANCED_FACE('',(#848),#7429,.F.);
#7698=ADVANCED_FACE('',(#849),#7430,.F.);
#7699=ADVANCED_FACE('',(#850),#7431,.F.);
#7700=ADVANCED_FACE('',(#851,#216),#7432,.T.);
#7701=ADVANCED_FACE('',(#852),#656,.F.);
#7702=ADVANCED_FACE('',(#853),#657,.F.);
#7703=ADVANCED_FACE('',(#854),#658,.F.);
#7704=ADVANCED_FACE('',(#855),#659,.F.);
#7705=ADVANCED_FACE('',(#856),#660,.F.);
#7706=ADVANCED_FACE('',(#857),#661,.F.);
#7707=ADVANCED_FACE('',(#858),#662,.F.);
#7708=ADVANCED_FACE('',(#859),#663,.F.);
#7709=ADVANCED_FACE('',(#860),#664,.F.);
#7710=ADVANCED_FACE('',(#861),#7433,.F.);
#7711=ADVANCED_FACE('',(#862),#7434,.F.);
#7712=ADVANCED_FACE('',(#863),#665,.F.);
#7713=ADVANCED_FACE('',(#864),#666,.F.);
#7714=ADVANCED_FACE('',(#865),#7435,.F.);
#7715=ADVANCED_FACE('',(#866),#667,.F.);
#7716=ADVANCED_FACE('',(#867),#668,.F.);
#7717=ADVANCED_FACE('',(#868),#669,.F.);
#7718=ADVANCED_FACE('',(#869),#670,.F.);
#7719=ADVANCED_FACE('',(#870),#671,.F.);
#7720=ADVANCED_FACE('',(#871),#672,.F.);
#7721=ADVANCED_FACE('',(#872),#673,.F.);
#7722=ADVANCED_FACE('',(#873),#7436,.F.);
#7723=ADVANCED_FACE('',(#874),#674,.F.);
#7724=ADVANCED_FACE('',(#875),#675,.F.);
#7725=ADVANCED_FACE('',(#876),#676,.F.);
#7726=ADVANCED_FACE('',(#877),#677,.F.);
#7727=ADVANCED_FACE('',(#878),#678,.F.);
#7728=ADVANCED_FACE('',(#879),#679,.F.);
#7729=ADVANCED_FACE('',(#880),#680,.F.);
#7730=ADVANCED_FACE('',(#881),#681,.F.);
#7731=ADVANCED_FACE('',(#882),#682,.F.);
#7732=ADVANCED_FACE('',(#883),#683,.F.);
#7733=ADVANCED_FACE('',(#884),#684,.F.);
#7734=ADVANCED_FACE('',(#885),#685,.F.);
#7735=ADVANCED_FACE('',(#886),#686,.F.);
#7736=ADVANCED_FACE('',(#887),#687,.F.);
#7737=ADVANCED_FACE('',(#888),#688,.F.);
#7738=ADVANCED_FACE('',(#889,#217),#7437,.T.);
#7739=ADVANCED_FACE('',(#890),#689,.F.);
#7740=ADVANCED_FACE('',(#891),#690,.F.);
#7741=ADVANCED_FACE('',(#892),#691,.F.);
#7742=ADVANCED_FACE('',(#893),#7438,.F.);
#7743=ADVANCED_FACE('',(#894),#7439,.F.);
#7744=ADVANCED_FACE('',(#895),#7440,.F.);
#7745=ADVANCED_FACE('',(#896),#7441,.F.);
#7746=ADVANCED_FACE('',(#897),#7442,.F.);
#7747=ADVANCED_FACE('',(#898),#7443,.F.);
#7748=ADVANCED_FACE('',(#899),#7444,.F.);
#7749=ADVANCED_FACE('',(#900),#7445,.F.);
#7750=ADVANCED_FACE('',(#901),#7446,.F.);
#7751=ADVANCED_FACE('',(#902),#7447,.F.);
#7752=ADVANCED_FACE('',(#903),#7448,.F.);
#7753=ADVANCED_FACE('',(#904),#692,.F.);
#7754=ADVANCED_FACE('',(#905),#693,.F.);
#7755=ADVANCED_FACE('',(#906),#694,.F.);
#7756=ADVANCED_FACE('',(#907),#695,.F.);
#7757=ADVANCED_FACE('',(#908),#7449,.F.);
#7758=ADVANCED_FACE('',(#909),#696,.F.);
#7759=ADVANCED_FACE('',(#910),#7450,.T.);
#7760=ADVANCED_FACE('',(#911),#7451,.F.);
#7761=ADVANCED_FACE('',(#912),#7452,.F.);
#7762=ADVANCED_FACE('',(#913),#7453,.F.);
#7763=ADVANCED_FACE('',(#914),#7454,.F.);
#7764=ADVANCED_FACE('',(#915),#7455,.F.);
#7765=ADVANCED_FACE('',(#916),#7456,.F.);
#7766=ADVANCED_FACE('',(#917),#7457,.F.);
#7767=ADVANCED_FACE('',(#918),#7458,.F.);
#7768=ADVANCED_FACE('',(#919),#7459,.F.);
#7769=ADVANCED_FACE('',(#920),#7460,.F.);
#7770=ADVANCED_FACE('',(#921),#697,.F.);
#7771=ADVANCED_FACE('',(#922),#698,.F.);
#7772=ADVANCED_FACE('',(#923),#699,.F.);
#7773=ADVANCED_FACE('',(#924),#7461,.F.);
#7774=ADVANCED_FACE('',(#925),#700,.F.);
#7775=ADVANCED_FACE('',(#926),#701,.F.);
#7776=ADVANCED_FACE('',(#927),#702,.F.);
#7777=ADVANCED_FACE('',(#928),#703,.F.);
#7778=ADVANCED_FACE('',(#929),#7462,.F.);
#7779=ADVANCED_FACE('',(#930),#704,.F.);
#7780=ADVANCED_FACE('',(#931),#705,.F.);
#7781=ADVANCED_FACE('',(#932),#706,.F.);
#7782=ADVANCED_FACE('',(#933),#707,.F.);
#7783=ADVANCED_FACE('',(#934),#708,.F.);
#7784=ADVANCED_FACE('',(#935),#709,.F.);
#7785=ADVANCED_FACE('',(#936),#710,.F.);
#7786=ADVANCED_FACE('',(#937),#711,.F.);
#7787=ADVANCED_FACE('',(#938),#712,.F.);
#7788=ADVANCED_FACE('',(#939),#7463,.F.);
#7789=ADVANCED_FACE('',(#940),#713,.F.);
#7790=ADVANCED_FACE('',(#941,#218),#7464,.T.);
#7791=ADVANCED_FACE('',(#942),#714,.F.);
#7792=ADVANCED_FACE('',(#943),#715,.F.);
#7793=ADVANCED_FACE('',(#944),#716,.F.);
#7794=ADVANCED_FACE('',(#945),#717,.F.);
#7795=ADVANCED_FACE('',(#946),#718,.F.);
#7796=ADVANCED_FACE('',(#947),#719,.F.);
#7797=ADVANCED_FACE('',(#948),#720,.F.);
#7798=ADVANCED_FACE('',(#949),#721,.F.);
#7799=ADVANCED_FACE('',(#950),#7465,.F.);
#7800=ADVANCED_FACE('',(#951),#7466,.F.);
#7801=ADVANCED_FACE('',(#952),#7467,.F.);
#7802=ADVANCED_FACE('',(#953),#722,.F.);
#7803=ADVANCED_FACE('',(#954),#723,.F.);
#7804=ADVANCED_FACE('',(#955),#724,.F.);
#7805=ADVANCED_FACE('',(#956),#725,.F.);
#7806=ADVANCED_FACE('',(#957),#726,.F.);
#7807=ADVANCED_FACE('',(#958),#727,.F.);
#7808=ADVANCED_FACE('',(#959),#728,.F.);
#7809=ADVANCED_FACE('',(#960),#729,.F.);
#7810=ADVANCED_FACE('',(#961),#730,.F.);
#7811=ADVANCED_FACE('',(#962),#7468,.F.);
#7812=ADVANCED_FACE('',(#963),#7469,.F.);
#7813=ADVANCED_FACE('',(#964,#219),#7470,.T.);
#7814=ADVANCED_FACE('',(#965),#7471,.F.);
#7815=ADVANCED_FACE('',(#966),#7472,.F.);
#7816=ADVANCED_FACE('',(#967),#7473,.F.);
#7817=ADVANCED_FACE('',(#968),#7474,.F.);
#7818=ADVANCED_FACE('',(#969),#7475,.F.);
#7819=ADVANCED_FACE('',(#970),#731,.F.);
#7820=ADVANCED_FACE('',(#971),#732,.F.);
#7821=ADVANCED_FACE('',(#972),#733,.F.);
#7822=ADVANCED_FACE('',(#973),#734,.F.);
#7823=ADVANCED_FACE('',(#974),#735,.F.);
#7824=ADVANCED_FACE('',(#975),#736,.F.);
#7825=ADVANCED_FACE('',(#976),#737,.F.);
#7826=ADVANCED_FACE('',(#977),#738,.F.);
#7827=ADVANCED_FACE('',(#978),#739,.F.);
#7828=ADVANCED_FACE('',(#979),#7476,.F.);
#7829=ADVANCED_FACE('',(#980),#740,.F.);
#7830=ADVANCED_FACE('',(#981),#741,.F.);
#7831=ADVANCED_FACE('',(#982),#742,.F.);
#7832=ADVANCED_FACE('',(#983),#743,.F.);
#7833=ADVANCED_FACE('',(#984),#744,.F.);
#7834=ADVANCED_FACE('',(#985),#745,.F.);
#7835=ADVANCED_FACE('',(#986),#746,.F.);
#7836=ADVANCED_FACE('',(#987),#747,.F.);
#7837=ADVANCED_FACE('',(#988),#748,.F.);
#7838=ADVANCED_FACE('',(#989),#749,.F.);
#7839=ADVANCED_FACE('',(#990),#7477,.F.);
#7840=ADVANCED_FACE('',(#991),#750,.F.);
#7841=ADVANCED_FACE('',(#992),#7478,.T.);
#7842=ADVANCED_FACE('',(#993),#7479,.T.);
#7843=ADVANCED_FACE('',(#994),#7480,.T.);
#7844=ADVANCED_FACE('',(#995),#7481,.T.);
#7845=ADVANCED_FACE('',(#996),#7482,.T.);
#7846=ADVANCED_FACE('',(#997),#7483,.T.);
#7847=ADVANCED_FACE('',(#998),#158,.F.);
#7848=ADVANCED_FACE('',(#999,#220,#221,#222,#223,#224,#225,#226,#227,#228,
#229,#230,#231,#232),#7484,.T.);
#7849=ADVANCED_FACE('',(#1000),#7485,.T.);
#7850=ADVANCED_FACE('',(#1001),#7486,.T.);
#7851=ADVANCED_FACE('',(#1002),#7487,.F.);
#7852=ADVANCED_FACE('',(#1003,#233,#234,#235,#236),#7488,.F.);
#7853=ADVANCED_FACE('',(#1004),#7489,.F.);
#7854=ADVANCED_FACE('',(#1005),#7490,.T.);
#7855=ADVANCED_FACE('',(#1006),#7491,.T.);
#7856=ADVANCED_FACE('',(#1007),#7492,.F.);
#7857=ADVANCED_FACE('',(#1008),#7493,.F.);
#7858=ADVANCED_FACE('',(#1009,#237,#238,#239,#240),#7494,.T.);
#7859=ADVANCED_FACE('',(#1010),#7495,.F.);
#7860=ADVANCED_FACE('',(#1011),#7496,.F.);
#7861=ADVANCED_FACE('',(#1012),#7497,.T.);
#7862=ADVANCED_FACE('',(#1013),#7498,.T.);
#7863=ADVANCED_FACE('',(#1014),#7499,.F.);
#7864=ADVANCED_FACE('',(#1015),#7500,.F.);
#7865=ADVANCED_FACE('',(#1016),#751,.F.);
#7866=ADVANCED_FACE('',(#1017),#159,.F.);
#7867=ADVANCED_FACE('',(#1018),#35,.T.);
#7868=ADVANCED_FACE('',(#1019),#160,.T.);
#7869=ADVANCED_FACE('',(#1020),#7501,.T.);
#7870=ADVANCED_FACE('',(#1021),#7502,.T.);
#7871=ADVANCED_FACE('',(#1022),#7503,.T.);
#7872=ADVANCED_FACE('',(#1023),#7504,.T.);
#7873=ADVANCED_FACE('',(#1024),#7505,.T.);
#7874=ADVANCED_FACE('',(#1025),#7506,.T.);
#7875=ADVANCED_FACE('',(#1026),#7507,.T.);
#7876=ADVANCED_FACE('',(#1027),#7508,.T.);
#7877=ADVANCED_FACE('',(#1028),#7509,.T.);
#7878=ADVANCED_FACE('',(#1029),#7510,.F.);
#7879=ADVANCED_FACE('',(#1030),#7511,.T.);
#7880=ADVANCED_FACE('',(#1031),#7512,.F.);
#7881=ADVANCED_FACE('',(#1032,#241),#7513,.T.);
#7882=ADVANCED_FACE('',(#1033),#7514,.T.);
#7883=ADVANCED_FACE('',(#1034),#7515,.F.);
#7884=ADVANCED_FACE('',(#1035),#7516,.T.);
#7885=ADVANCED_FACE('',(#1036),#7517,.F.);
#7886=ADVANCED_FACE('',(#1037),#7518,.T.);
#7887=ADVANCED_FACE('',(#1038),#161,.T.);
#7888=ADVANCED_FACE('',(#1039),#162,.T.);
#7889=ADVANCED_FACE('',(#1040),#163,.T.);
#7890=ADVANCED_FACE('',(#1041),#164,.T.);
#7891=ADVANCED_FACE('',(#1042),#165,.T.);
#7892=ADVANCED_FACE('',(#1043),#166,.T.);
#7893=ADVANCED_FACE('',(#1044),#21,.T.);
#7894=ADVANCED_FACE('',(#1045),#167,.T.);
#7895=ADVANCED_FACE('',(#1046),#168,.T.);
#7896=ADVANCED_FACE('',(#1047),#169,.T.);
#7897=ADVANCED_FACE('',(#1048),#170,.T.);
#7898=ADVANCED_FACE('',(#1049),#22,.T.);
#7899=ADVANCED_FACE('',(#1050),#171,.T.);
#7900=ADVANCED_FACE('',(#1051),#172,.T.);
#7901=ADVANCED_FACE('',(#1052),#173,.F.);
#7902=ADVANCED_FACE('',(#1053,#242),#7519,.T.);
#7903=ADVANCED_FACE('',(#1054,#243,#244,#245,#246,#247,#248,#249,#250,#251),
#7520,.T.);
#7904=ADVANCED_FACE('',(#1055),#174,.F.);
#7905=ADVANCED_FACE('',(#1056),#7521,.T.);
#7906=ADVANCED_FACE('',(#1057),#7522,.T.);
#7907=ADVANCED_FACE('',(#1058),#7523,.T.);
#7908=ADVANCED_FACE('',(#1059),#7524,.T.);
#7909=ADVANCED_FACE('',(#1060),#7525,.T.);
#7910=ADVANCED_FACE('',(#1061),#7526,.T.);
#7911=ADVANCED_FACE('',(#1062),#7527,.T.);
#7912=ADVANCED_FACE('',(#1063,#252,#253,#254,#255,#256),#7528,.F.);
#7913=ADVANCED_FACE('',(#1064),#7529,.T.);
#7914=ADVANCED_FACE('',(#1065),#7530,.F.);
#7915=ADVANCED_FACE('',(#1066),#175,.F.);
#7916=ADVANCED_FACE('',(#1067),#7531,.T.);
#7917=ADVANCED_FACE('',(#1068),#176,.F.);
#7918=ADVANCED_FACE('',(#1069),#7532,.T.);
#7919=ADVANCED_FACE('',(#1070),#177,.F.);
#7920=ADVANCED_FACE('',(#1071),#7533,.T.);
#7921=ADVANCED_FACE('',(#1072),#178,.F.);
#7922=ADVANCED_FACE('',(#1073),#7534,.T.);
#7923=ADVANCED_FACE('',(#1074),#179,.F.);
#7924=ADVANCED_FACE('',(#1075),#7535,.T.);
#7925=ADVANCED_FACE('',(#1076),#7536,.F.);
#7926=ADVANCED_FACE('',(#1077),#180,.F.);
#7927=ADVANCED_FACE('',(#1078),#7537,.T.);
#7928=ADVANCED_FACE('',(#1079),#7538,.F.);
#7929=ADVANCED_FACE('',(#1080),#181,.F.);
#7930=ADVANCED_FACE('',(#1081),#7539,.F.);
#7931=ADVANCED_FACE('',(#1082),#182,.F.);
#7932=ADVANCED_FACE('',(#1083),#7540,.T.);
#7933=ADVANCED_FACE('',(#1084),#7541,.F.);
#7934=ADVANCED_FACE('',(#1085),#183,.F.);
#7935=ADVANCED_FACE('',(#1086),#7542,.F.);
#7936=ADVANCED_FACE('',(#1087),#184,.F.);
#7937=ADVANCED_FACE('',(#1088),#7543,.T.);
#7938=ADVANCED_FACE('',(#1089),#7544,.F.);
#7939=ADVANCED_FACE('',(#1090),#185,.F.);
#7940=ADVANCED_FACE('',(#1091),#7545,.F.);
#7941=ADVANCED_FACE('',(#1092),#186,.F.);
#7942=ADVANCED_FACE('',(#1093),#7546,.T.);
#7943=ADVANCED_FACE('',(#1094),#7547,.F.);
#7944=ADVANCED_FACE('',(#1095),#187,.F.);
#7945=ADVANCED_FACE('',(#1096),#7548,.F.);
#7946=ADVANCED_FACE('',(#1097),#188,.F.);
#7947=ADVANCED_FACE('',(#1098),#7549,.T.);
#7948=ADVANCED_FACE('',(#1099),#7550,.F.);
#7949=ADVANCED_FACE('',(#1100),#189,.F.);
#7950=ADVANCED_FACE('',(#1101),#7551,.F.);
#7951=ADVANCED_FACE('',(#1102),#190,.F.);
#7952=ADVANCED_FACE('',(#1103),#7552,.T.);
#7953=ADVANCED_FACE('',(#1104),#7553,.F.);
#7954=ADVANCED_FACE('',(#1105),#191,.F.);
#7955=ADVANCED_FACE('',(#1106),#7554,.F.);
#7956=ADVANCED_FACE('',(#1107),#192,.F.);
#7957=ADVANCED_FACE('',(#1108),#7555,.T.);
#7958=ADVANCED_FACE('',(#1109),#7556,.F.);
#7959=ADVANCED_FACE('',(#1110),#193,.F.);
#7960=ADVANCED_FACE('',(#1111),#7557,.F.);
#7961=ADVANCED_FACE('',(#1112),#194,.F.);
#7962=ADVANCED_FACE('',(#1113),#7558,.T.);
#7963=ADVANCED_FACE('',(#1114),#7559,.F.);
#7964=ADVANCED_FACE('',(#1115),#195,.F.);
#7965=ADVANCED_FACE('',(#1116),#7560,.F.);
#7966=ADVANCED_FACE('',(#1117),#196,.F.);
#7967=ADVANCED_FACE('',(#1118),#7561,.T.);
#7968=ADVANCED_FACE('',(#1119),#7562,.F.);
#7969=ADVANCED_FACE('',(#1120),#197,.F.);
#7970=ADVANCED_FACE('',(#1121),#7563,.T.);
#7971=ADVANCED_FACE('',(#1122),#7564,.T.);
#7972=ADVANCED_FACE('',(#1123),#7565,.T.);
#7973=ADVANCED_FACE('',(#1124),#7566,.F.);
#7974=ADVANCED_FACE('',(#1125),#7567,.F.);
#7975=ADVANCED_FACE('',(#1126),#7568,.T.);
#7976=ADVANCED_FACE('',(#1127),#7569,.F.);
#7977=ADVANCED_FACE('',(#1128,#257,#258,#259,#260),#7570,.T.);
#7978=ADVANCED_FACE('',(#1129,#261),#198,.F.);
#7979=ADVANCED_FACE('',(#1130),#7571,.T.);
#7980=ADVANCED_FACE('',(#1131),#199,.T.);
#7981=ADVANCED_FACE('',(#1132),#7572,.F.);
#7982=ADVANCED_FACE('',(#1133),#7573,.F.);
#7983=ADVANCED_FACE('',(#1134),#200,.T.);
#7984=ADVANCED_FACE('',(#1135),#7574,.F.);
#7985=ADVANCED_FACE('',(#1136),#7575,.F.);
#7986=ADVANCED_FACE('',(#1137),#201,.T.);
#7987=ADVANCED_FACE('',(#1138),#7576,.F.);
#7988=ADVANCED_FACE('',(#1139),#7577,.F.);
#7989=ADVANCED_FACE('',(#1140),#7578,.F.);
#7990=ADVANCED_FACE('',(#1141),#202,.T.);
#7991=ADVANCED_FACE('',(#1142),#7579,.F.);
#7992=ADVANCED_FACE('',(#1143),#7580,.F.);
#7993=ADVANCED_FACE('',(#1144),#7581,.F.);
#7994=ADVANCED_FACE('',(#1145),#7582,.F.);
#7995=ADVANCED_FACE('',(#1146),#7583,.F.);
#7996=ADVANCED_FACE('',(#1147),#7584,.F.);
#7997=ADVANCED_FACE('',(#1148),#7585,.T.);
#7998=ADVANCED_FACE('',(#1149),#203,.F.);
#7999=ADVANCED_FACE('',(#1150),#7586,.T.);
#8000=ADVANCED_FACE('',(#1151),#204,.F.);
#8001=ADVANCED_FACE('',(#1152),#7587,.T.);
#8002=ADVANCED_FACE('',(#1153),#205,.F.);
#8003=ADVANCED_FACE('',(#1154),#7588,.T.);
#8004=ADVANCED_FACE('',(#1155),#206,.F.);
#8005=ADVANCED_FACE('',(#1156),#7589,.F.);
#8006=ADVANCED_FACE('',(#1157),#207,.F.);
#8007=ADVANCED_FACE('',(#1158),#7590,.F.);
#8008=ADVANCED_FACE('',(#1159),#208,.F.);
#8009=ADVANCED_FACE('',(#1160),#7591,.F.);
#8010=ADVANCED_FACE('',(#1161),#209,.F.);
#8011=ADVANCED_FACE('',(#1162),#7592,.F.);
#8012=ADVANCED_FACE('',(#1163),#210,.F.);
#8013=ADVANCED_FACE('',(#1164),#17,.F.);
#8014=ADVANCED_FACE('',(#1165),#7593,.T.);
#8015=ADVANCED_FACE('',(#1166),#18,.F.);
#8016=ADVANCED_FACE('',(#1167),#7594,.T.);
#8017=ADVANCED_FACE('',(#1168),#19,.F.);
#8018=ADVANCED_FACE('',(#1169),#7595,.T.);
#8019=ADVANCED_FACE('',(#1170),#20,.F.);
#8020=ADVANCED_FACE('',(#1171),#7596,.T.);
#8021=ADVANCED_FACE('',(#1172,#262,#263,#264,#265,#266),#7597,.F.);
#8022=ADVANCED_FACE('',(#1173),#211,.T.);
#8023=ADVANCED_FACE('',(#1174),#212,.F.);
#8024=ADVANCED_FACE('',(#1175,#267),#7598,.T.);
#8025=ADVANCED_FACE('',(#1176,#268),#7599,.F.);
#8026=ADVANCED_FACE('',(#1177),#213,.F.);
#8027=ADVANCED_FACE('',(#1178),#214,.T.);
#8028=ADVANCED_FACE('',(#1179,#269),#7600,.T.);
#8029=CLOSED_SHELL('',(#7601,#7602,#7603,#7604,#7605,#7606,#7607,#7608,
#7609,#7610,#7611,#7612,#7613,#7614,#7615,#7616,#7617,#7618,#7619,#7620,
#7621,#7622,#7623,#7624,#7625,#7626,#7627,#7628,#7629,#7630,#7631,#7632,
#7633,#7634,#7635,#7636,#7637,#7638,#7639,#7640,#7641,#7642,#7643,#7644,
#7645,#7646,#7647,#7648,#7649,#7650,#7651,#7652,#7653,#7654,#7655,#7656,
#7657,#7658,#7659,#7660,#7661,#7662,#7663,#7664,#7665,#7666,#7667,#7668,
#7669,#7670,#7671,#7672,#7673,#7674,#7675,#7676,#7677,#7678,#7679,#7680,
#7681,#7682,#7683,#7684,#7685,#7686,#7687,#7688,#7689,#7690,#7691,#7692,
#7693,#7694,#7695,#7696,#7697,#7698,#7699,#7700,#7701,#7702,#7703,#7704,
#7705,#7706,#7707,#7708,#7709,#7710,#7711,#7712,#7713,#7714,#7715,#7716,
#7717,#7718,#7719,#7720,#7721,#7722,#7723,#7724,#7725,#7726,#7727,#7728,
#7729,#7730,#7731,#7732,#7733,#7734,#7735,#7736,#7737,#7738,#7739,#7740,
#7741,#7742,#7743,#7744,#7745,#7746,#7747,#7748,#7749,#7750,#7751,#7752,
#7753,#7754,#7755,#7756,#7757,#7758,#7759,#7760,#7761,#7762,#7763,#7764,
#7765,#7766,#7767,#7768,#7769,#7770,#7771,#7772,#7773,#7774,#7775,#7776,
#7777,#7778,#7779,#7780,#7781,#7782,#7783,#7784,#7785,#7786,#7787,#7788,
#7789,#7790,#7791,#7792,#7793,#7794,#7795,#7796,#7797,#7798,#7799,#7800,
#7801,#7802,#7803,#7804,#7805,#7806,#7807,#7808,#7809,#7810,#7811,#7812,
#7813,#7814,#7815,#7816,#7817,#7818,#7819,#7820,#7821,#7822,#7823,#7824,
#7825,#7826,#7827,#7828,#7829,#7830,#7831,#7832,#7833,#7834,#7835,#7836,
#7837,#7838,#7839,#7840,#7841,#7842,#7843,#7844,#7845,#7846,#7847,#7848,
#7849,#7850,#7851,#7852,#7853,#7854,#7855,#7856,#7857,#7858,#7859,#7860,
#7861,#7862,#7863,#7864,#7865,#7866,#7867,#7868,#7869,#7870,#7871,#7872,
#7873,#7874,#7875,#7876,#7877,#7878,#7879,#7880,#7881,#7882,#7883,#7884,
#7885,#7886,#7887,#7888,#7889,#7890,#7891,#7892,#7893,#7894,#7895,#7896,
#7897,#7898,#7899,#7900,#7901,#7902,#7903,#7904,#7905,#7906,#7907,#7908,
#7909,#7910,#7911,#7912,#7913,#7914,#7915,#7916,#7917,#7918,#7919,#7920,
#7921,#7922,#7923,#7924,#7925,#7926,#7927,#7928,#7929,#7930,#7931,#7932,
#7933,#7934,#7935,#7936,#7937,#7938,#7939,#7940,#7941,#7942,#7943,#7944,
#7945,#7946,#7947,#7948,#7949,#7950,#7951,#7952,#7953,#7954,#7955,#7956,
#7957,#7958,#7959,#7960,#7961,#7962,#7963,#7964,#7965,#7966,#7967,#7968,
#7969,#7970,#7971,#7972,#7973,#7974,#7975,#7976,#7977,#7978,#7979,#7980,
#7981,#7982,#7983,#7984,#7985,#7986,#7987,#7988,#7989,#7990,#7991,#7992,
#7993,#7994,#7995,#7996,#7997,#7998,#7999,#8000,#8001,#8002,#8003,#8004,
#8005,#8006,#8007,#8008,#8009,#8010,#8011,#8012,#8013,#8014,#8015,#8016,
#8017,#8018,#8019,#8020,#8021,#8022,#8023,#8024));
#8030=CLOSED_SHELL('',(#8025,#8026,#8027,#8028));
#8031=DERIVED_UNIT_ELEMENT(#8033,1.);
#8032=DERIVED_UNIT_ELEMENT(#15160,-3.);
#8033=(
MASS_UNIT()
NAMED_UNIT(*)
SI_UNIT(.KILO.,.GRAM.)
);
#8034=DERIVED_UNIT((#8031,#8032));
#8035=MEASURE_REPRESENTATION_ITEM('density measure',
POSITIVE_RATIO_MEASURE(7850.),#8034);
#8036=PROPERTY_DEFINITION_REPRESENTATION(#8041,#8038);
#8037=PROPERTY_DEFINITION_REPRESENTATION(#8042,#8039);
#8038=REPRESENTATION('material name',(#8040),#15157);
#8039=REPRESENTATION('density',(#8035),#15157);
#8040=DESCRIPTIVE_REPRESENTATION_ITEM('Steel','Steel');
#8041=PROPERTY_DEFINITION('material property','material name',#15167);
#8042=PROPERTY_DEFINITION('material property','density of part',#15167);
#8043=AXIS2_PLACEMENT_3D('',#9964,#8444,#8445);
#8044=AXIS2_PLACEMENT_3D('',#9965,#8446,#8447);
#8045=AXIS2_PLACEMENT_3D('',#10089,#8457,#8458);
#8046=AXIS2_PLACEMENT_3D('',#10095,#8462,#8463);
#8047=AXIS2_PLACEMENT_3D('',#10101,#8467,#8468);
#8048=AXIS2_PLACEMENT_3D('',#10199,#8476,#8477);
#8049=AXIS2_PLACEMENT_3D('',#10205,#8481,#8482);
#8050=AXIS2_PLACEMENT_3D('',#10211,#8486,#8487);
#8051=AXIS2_PLACEMENT_3D('',#10217,#8491,#8492);
#8052=AXIS2_PLACEMENT_3D('',#10220,#8495,#8496);
#8053=AXIS2_PLACEMENT_3D('',#10431,#8507,#8508);
#8054=AXIS2_PLACEMENT_3D('',#10434,#8511,#8512);
#8055=AXIS2_PLACEMENT_3D('',#10489,#8519,#8520);
#8056=AXIS2_PLACEMENT_3D('',#10656,#8531,#8532);
#8057=AXIS2_PLACEMENT_3D('',#11004,#8550,#8551);
#8058=AXIS2_PLACEMENT_3D('',#11005,#8552,#8553);
#8059=AXIS2_PLACEMENT_3D('',#11129,#8563,#8564);
#8060=AXIS2_PLACEMENT_3D('',#11135,#8568,#8569);
#8061=AXIS2_PLACEMENT_3D('',#11141,#8573,#8574);
#8062=AXIS2_PLACEMENT_3D('',#11262,#8583,#8584);
#8063=AXIS2_PLACEMENT_3D('',#11268,#8588,#8589);
#8064=AXIS2_PLACEMENT_3D('',#11274,#8593,#8594);
#8065=AXIS2_PLACEMENT_3D('',#11280,#8598,#8599);
#8066=AXIS2_PLACEMENT_3D('',#11283,#8602,#8603);
#8067=AXIS2_PLACEMENT_3D('',#11284,#8604,#8605);
#8068=AXIS2_PLACEMENT_3D('',#11293,#8610,#8611);
#8069=AXIS2_PLACEMENT_3D('',#11299,#8615,#8616);
#8070=AXIS2_PLACEMENT_3D('',#11305,#8620,#8621);
#8071=AXIS2_PLACEMENT_3D('',#11308,#8624,#8625);
#8072=AXIS2_PLACEMENT_3D('',#11309,#8626,#8627);
#8073=AXIS2_PLACEMENT_3D('',#11433,#8637,#8638);
#8074=AXIS2_PLACEMENT_3D('',#11439,#8642,#8643);
#8075=AXIS2_PLACEMENT_3D('',#11442,#8646,#8647);
#8076=AXIS2_PLACEMENT_3D('',#11451,#8652,#8653);
#8077=AXIS2_PLACEMENT_3D('',#11595,#8663,#8664);
#8078=AXIS2_PLACEMENT_3D('',#11601,#8668,#8669);
#8079=AXIS2_PLACEMENT_3D('',#11607,#8673,#8674);
#8080=AXIS2_PLACEMENT_3D('',#11610,#8677,#8678);
#8081=AXIS2_PLACEMENT_3D('',#11821,#8689,#8690);
#8082=AXIS2_PLACEMENT_3D('',#11824,#8693,#8694);
#8083=AXIS2_PLACEMENT_3D('',#11879,#8701,#8702);
#8084=AXIS2_PLACEMENT_3D('',#12046,#8713,#8714);
#8085=AXIS2_PLACEMENT_3D('',#12394,#8732,#8733);
#8086=AXIS2_PLACEMENT_3D('',#12467,#8738,#8739);
#8087=AXIS2_PLACEMENT_3D('',#12473,#8743,#8744);
#8088=AXIS2_PLACEMENT_3D('',#12479,#8748,#8749);
#8089=AXIS2_PLACEMENT_3D('',#12485,#8753,#8754);
#8090=AXIS2_PLACEMENT_3D('',#12491,#8758,#8759);
#8091=AXIS2_PLACEMENT_3D('',#12497,#8763,#8764);
#8092=AXIS2_PLACEMENT_3D('',#12503,#8768,#8769);
#8093=AXIS2_PLACEMENT_3D('',#12509,#8773,#8774);
#8094=AXIS2_PLACEMENT_3D('',#12515,#8778,#8779);
#8095=AXIS2_PLACEMENT_3D('',#12521,#8783,#8784);
#8096=AXIS2_PLACEMENT_3D('',#12527,#8788,#8789);
#8097=AXIS2_PLACEMENT_3D('',#12625,#8797,#8798);
#8098=AXIS2_PLACEMENT_3D('',#12651,#8802,#8803);
#8099=AXIS2_PLACEMENT_3D('',#12652,#8804,#8805);
#8100=AXIS2_PLACEMENT_3D('',#12661,#8810,#8811);
#8101=AXIS2_PLACEMENT_3D('',#12667,#8815,#8816);
#8102=AXIS2_PLACEMENT_3D('',#12673,#8820,#8821);
#8103=AXIS2_PLACEMENT_3D('',#12676,#8824,#8825);
#8104=AXIS2_PLACEMENT_3D('',#12677,#8826,#8827);
#8105=AXIS2_PLACEMENT_3D('',#12686,#8832,#8833);
#8106=AXIS2_PLACEMENT_3D('',#12692,#8837,#8838);
#8107=AXIS2_PLACEMENT_3D('',#12698,#8842,#8843);
#8108=AXIS2_PLACEMENT_3D('',#12701,#8846,#8847);
#8109=AXIS2_PLACEMENT_3D('',#12774,#8852,#8853);
#8110=AXIS2_PLACEMENT_3D('',#12872,#8861,#8862);
#8111=AXIS2_PLACEMENT_3D('',#13085,#8875,#8876);
#8112=AXIS2_PLACEMENT_3D('',#13111,#8880,#8881);
#8113=AXIS2_PLACEMENT_3D('',#13296,#8890,#8891);
#8114=AXIS2_PLACEMENT_3D('',#13305,#8896,#8897);
#8115=AXIS2_PLACEMENT_3D('',#13311,#8901,#8902);
#8116=AXIS2_PLACEMENT_3D('',#13524,#8915,#8916);
#8117=AXIS2_PLACEMENT_3D('',#13530,#8920,#8921);
#8118=AXIS2_PLACEMENT_3D('',#13533,#8924,#8925);
#8119=AXIS2_PLACEMENT_3D('',#13534,#8926,#8927);
#8120=AXIS2_PLACEMENT_3D('',#13543,#8932,#8933);
#8121=AXIS2_PLACEMENT_3D('',#13549,#8937,#8938);
#8122=AXIS2_PLACEMENT_3D('',#13555,#8942,#8943);
#8123=AXIS2_PLACEMENT_3D('',#13558,#8946,#8947);
#8124=AXIS2_PLACEMENT_3D('',#13769,#8958,#8959);
#8125=AXIS2_PLACEMENT_3D('',#14005,#8973,#8974);
#8126=AXIS2_PLACEMENT_3D('',#14031,#8978,#8979);
#8127=AXIS2_PLACEMENT_3D('',#14032,#8980,#8981);
#8128=AXIS2_PLACEMENT_3D('',#14033,#8982,#8983);
#8129=AXIS2_PLACEMENT_3D('',#14034,#8984,#8985);
#8130=AXIS2_PLACEMENT_3D('',#14035,#8986,#8987);
#8131=AXIS2_PLACEMENT_3D('',#14036,#8988,#8989);
#8132=AXIS2_PLACEMENT_3D('',#14037,#8990,#8991);
#8133=AXIS2_PLACEMENT_3D('',#14040,#8992,#8993);
#8134=AXIS2_PLACEMENT_3D('',#14044,#8995,#8996);
#8135=AXIS2_PLACEMENT_3D('',#14046,#8998,#8999);
#8136=AXIS2_PLACEMENT_3D('',#14052,#9003,#9004);
#8137=AXIS2_PLACEMENT_3D('',#14061,#9009,#9010);
#8138=AXIS2_PLACEMENT_3D('',#14070,#9015,#9016);
#8139=AXIS2_PLACEMENT_3D('',#14076,#9020,#9021);
#8140=AXIS2_PLACEMENT_3D('',#14095,#9023,#9024);
#8141=AXIS2_PLACEMENT_3D('',#14099,#9026,#9027);
#8142=AXIS2_PLACEMENT_3D('',#14126,#9038,#9039);
#8143=AXIS2_PLACEMENT_3D('',#14130,#9042,#9043);
#8144=AXIS2_PLACEMENT_3D('',#14132,#9045,#9046);
#8145=AXIS2_PLACEMENT_3D('',#14138,#9050,#9051);
#8146=AXIS2_PLACEMENT_3D('',#14142,#9054,#9055);
#8147=AXIS2_PLACEMENT_3D('',#14146,#9058,#9059);
#8148=AXIS2_PLACEMENT_3D('',#14148,#9060,#9061);
#8149=AXIS2_PLACEMENT_3D('',#14185,#9069,#9070);
#8150=AXIS2_PLACEMENT_3D('',#14186,#9071,#9072);
#8151=AXIS2_PLACEMENT_3D('',#14188,#9074,#9075);
#8152=AXIS2_PLACEMENT_3D('',#14195,#9076,#9077);
#8153=AXIS2_PLACEMENT_3D('',#14196,#9078,#9079);
#8154=AXIS2_PLACEMENT_3D('',#14199,#9082,#9083);
#8155=AXIS2_PLACEMENT_3D('',#14201,#9085,#9086);
#8156=AXIS2_PLACEMENT_3D('',#14223,#9088,#9089);
#8157=AXIS2_PLACEMENT_3D('',#14256,#9092,#9093);
#8158=AXIS2_PLACEMENT_3D('',#14257,#9094,#9095);
#8159=AXIS2_PLACEMENT_3D('',#14266,#9100,#9101);
#8160=AXIS2_PLACEMENT_3D('',#14272,#9105,#9106);
#8161=AXIS2_PLACEMENT_3D('',#14278,#9110,#9111);
#8162=AXIS2_PLACEMENT_3D('',#14284,#9115,#9116);
#8163=AXIS2_PLACEMENT_3D('',#14290,#9120,#9121);
#8164=AXIS2_PLACEMENT_3D('',#14296,#9125,#9126);
#8165=AXIS2_PLACEMENT_3D('',#14302,#9130,#9131);
#8166=AXIS2_PLACEMENT_3D('',#14305,#9134,#9135);
#8167=AXIS2_PLACEMENT_3D('',#14311,#9139,#9140);
#8168=AXIS2_PLACEMENT_3D('',#14315,#9143,#9144);
#8169=AXIS2_PLACEMENT_3D('',#14319,#9147,#9148);
#8170=AXIS2_PLACEMENT_3D('',#14325,#9152,#9153);
#8171=AXIS2_PLACEMENT_3D('',#14334,#9158,#9159);
#8172=AXIS2_PLACEMENT_3D('',#14340,#9163,#9164);
#8173=AXIS2_PLACEMENT_3D('',#14344,#9167,#9168);
#8174=AXIS2_PLACEMENT_3D('',#14348,#9171,#9172);
#8175=AXIS2_PLACEMENT_3D('',#14350,#9174,#9175);
#8176=AXIS2_PLACEMENT_3D('',#14360,#9181,#9182);
#8177=AXIS2_PLACEMENT_3D('',#14365,#9184,#9185);
#8178=AXIS2_PLACEMENT_3D('',#14368,#9187,#9188);
#8179=AXIS2_PLACEMENT_3D('',#14369,#9189,#9190);
#8180=AXIS2_PLACEMENT_3D('',#14374,#9192,#9193);
#8181=AXIS2_PLACEMENT_3D('',#14377,#9195,#9196);
#8182=AXIS2_PLACEMENT_3D('',#14378,#9197,#9198);
#8183=AXIS2_PLACEMENT_3D('',#14382,#9200,#9201);
#8184=AXIS2_PLACEMENT_3D('',#14384,#9203,#9204);
#8185=AXIS2_PLACEMENT_3D('',#14388,#9206,#9207);
#8186=AXIS2_PLACEMENT_3D('',#14390,#9209,#9210);
#8187=AXIS2_PLACEMENT_3D('',#14395,#9213,#9214);
#8188=AXIS2_PLACEMENT_3D('',#14396,#9215,#9216);
#8189=AXIS2_PLACEMENT_3D('',#14401,#9219,#9220);
#8190=AXIS2_PLACEMENT_3D('',#14402,#9221,#9222);
#8191=AXIS2_PLACEMENT_3D('',#14404,#9223,#9224);
#8192=AXIS2_PLACEMENT_3D('',#14405,#9225,#9226);
#8193=AXIS2_PLACEMENT_3D('',#14406,#9227,#9228);
#8194=AXIS2_PLACEMENT_3D('',#14407,#9229,#9230);
#8195=AXIS2_PLACEMENT_3D('',#14410,#9232,#9233);
#8196=AXIS2_PLACEMENT_3D('',#14411,#9234,#9235);
#8197=AXIS2_PLACEMENT_3D('',#14416,#9238,#9239);
#8198=AXIS2_PLACEMENT_3D('',#14417,#9240,#9241);
#8199=AXIS2_PLACEMENT_3D('',#14420,#9244,#9245);
#8200=AXIS2_PLACEMENT_3D('',#14426,#9249,#9250);
#8201=AXIS2_PLACEMENT_3D('',#14427,#9251,#9252);
#8202=AXIS2_PLACEMENT_3D('',#14430,#9253,#9254);
#8203=AXIS2_PLACEMENT_3D('',#14431,#9255,#9256);
#8204=AXIS2_PLACEMENT_3D('',#14432,#9257,#9258);
#8205=AXIS2_PLACEMENT_3D('',#14433,#9259,#9260);
#8206=AXIS2_PLACEMENT_3D('',#14438,#9263,#9264);
#8207=AXIS2_PLACEMENT_3D('',#14439,#9265,#9266);
#8208=AXIS2_PLACEMENT_3D('',#14442,#9269,#9270);
#8209=AXIS2_PLACEMENT_3D('',#14446,#9272,#9273);
#8210=AXIS2_PLACEMENT_3D('',#14448,#9275,#9276);
#8211=AXIS2_PLACEMENT_3D('',#14453,#9279,#9280);
#8212=AXIS2_PLACEMENT_3D('',#14454,#9281,#9282);
#8213=AXIS2_PLACEMENT_3D('',#14460,#9285,#9286);
#8214=AXIS2_PLACEMENT_3D('',#14463,#9288,#9289);
#8215=AXIS2_PLACEMENT_3D('',#14468,#9291,#9292);
#8216=AXIS2_PLACEMENT_3D('',#14471,#9294,#9295);
#8217=AXIS2_PLACEMENT_3D('',#14476,#9297,#9298);
#8218=AXIS2_PLACEMENT_3D('',#14479,#9300,#9301);
#8219=AXIS2_PLACEMENT_3D('',#14484,#9303,#9304);
#8220=AXIS2_PLACEMENT_3D('',#14487,#9306,#9307);
#8221=AXIS2_PLACEMENT_3D('',#14492,#9309,#9310);
#8222=AXIS2_PLACEMENT_3D('',#14495,#9312,#9313);
#8223=AXIS2_PLACEMENT_3D('',#14500,#9315,#9316);
#8224=AXIS2_PLACEMENT_3D('',#14503,#9318,#9319);
#8225=AXIS2_PLACEMENT_3D('',#14508,#9321,#9322);
#8226=AXIS2_PLACEMENT_3D('',#14511,#9324,#9325);
#8227=AXIS2_PLACEMENT_3D('',#14516,#9327,#9328);
#8228=AXIS2_PLACEMENT_3D('',#14519,#9330,#9331);
#8229=AXIS2_PLACEMENT_3D('',#14524,#9333,#9334);
#8230=AXIS2_PLACEMENT_3D('',#14527,#9336,#9337);
#8231=AXIS2_PLACEMENT_3D('',#14528,#9338,#9339);
#8232=AXIS2_PLACEMENT_3D('',#14531,#9341,#9342);
#8233=AXIS2_PLACEMENT_3D('',#14532,#9343,#9344);
#8234=AXIS2_PLACEMENT_3D('',#14540,#9348,#9349);
#8235=AXIS2_PLACEMENT_3D('',#14544,#9351,#9352);
#8236=AXIS2_PLACEMENT_3D('',#14548,#9354,#9355);
#8237=AXIS2_PLACEMENT_3D('',#14552,#9357,#9358);
#8238=AXIS2_PLACEMENT_3D('',#14563,#9365,#9366);
#8239=AXIS2_PLACEMENT_3D('',#14564,#9367,#9368);
#8240=AXIS2_PLACEMENT_3D('',#14568,#9371,#9372);
#8241=AXIS2_PLACEMENT_3D('',#14572,#9375,#9376);
#8242=AXIS2_PLACEMENT_3D('',#14576,#9379,#9380);
#8243=AXIS2_PLACEMENT_3D('',#14582,#9384,#9385);
#8244=AXIS2_PLACEMENT_3D('',#14586,#9388,#9389);
#8245=AXIS2_PLACEMENT_3D('',#14590,#9392,#9393);
#8246=AXIS2_PLACEMENT_3D('',#14596,#9396,#9397);
#8247=AXIS2_PLACEMENT_3D('',#14602,#9400,#9401);
#8248=AXIS2_PLACEMENT_3D('',#14607,#9403,#9404);
#8249=AXIS2_PLACEMENT_3D('',#14614,#9408,#9409);
#8250=AXIS2_PLACEMENT_3D('',#14615,#9410,#9411);
#8251=AXIS2_PLACEMENT_3D('',#14616,#9412,#9413);
#8252=AXIS2_PLACEMENT_3D('',#14620,#9415,#9416);
#8253=AXIS2_PLACEMENT_3D('',#14621,#9417,#9418);
#8254=AXIS2_PLACEMENT_3D('',#14625,#9420,#9421);
#8255=AXIS2_PLACEMENT_3D('',#14626,#9422,#9423);
#8256=AXIS2_PLACEMENT_3D('',#14628,#9424,#9425);
#8257=AXIS2_PLACEMENT_3D('',#14629,#9426,#9427);
#8258=AXIS2_PLACEMENT_3D('',#14630,#9428,#9429);
#8259=AXIS2_PLACEMENT_3D('',#14640,#9435,#9436);
#8260=AXIS2_PLACEMENT_3D('',#14642,#9437,#9438);
#8261=AXIS2_PLACEMENT_3D('',#14645,#9440,#9441);
#8262=AXIS2_PLACEMENT_3D('',#14646,#9442,#9443);
#8263=AXIS2_PLACEMENT_3D('',#14647,#9444,#9445);
#8264=AXIS2_PLACEMENT_3D('',#14649,#9446,#9447);
#8265=AXIS2_PLACEMENT_3D('',#14652,#9449,#9450);
#8266=AXIS2_PLACEMENT_3D('',#14653,#9451,#9452);
#8267=AXIS2_PLACEMENT_3D('',#14654,#9453,#9454);
#8268=AXIS2_PLACEMENT_3D('',#14656,#9455,#9456);
#8269=AXIS2_PLACEMENT_3D('',#14659,#9458,#9459);
#8270=AXIS2_PLACEMENT_3D('',#14660,#9460,#9461);
#8271=AXIS2_PLACEMENT_3D('',#14661,#9462,#9463);
#8272=AXIS2_PLACEMENT_3D('',#14663,#9464,#9465);
#8273=AXIS2_PLACEMENT_3D('',#14666,#9467,#9468);
#8274=AXIS2_PLACEMENT_3D('',#14667,#9469,#9470);
#8275=AXIS2_PLACEMENT_3D('',#14668,#9471,#9472);
#8276=AXIS2_PLACEMENT_3D('',#14674,#9476,#9477);
#8277=AXIS2_PLACEMENT_3D('',#14676,#9478,#9479);
#8278=AXIS2_PLACEMENT_3D('',#14680,#9481,#9482);
#8279=AXIS2_PLACEMENT_3D('',#14684,#9484,#9485);
#8280=AXIS2_PLACEMENT_3D('',#14686,#9487,#9488);
#8281=AXIS2_PLACEMENT_3D('',#14688,#9490,#9491);
#8282=AXIS2_PLACEMENT_3D('',#14692,#9494,#9495);
#8283=AXIS2_PLACEMENT_3D('',#14693,#9496,#9497);
#8284=AXIS2_PLACEMENT_3D('',#14694,#9498,#9499);
#8285=AXIS2_PLACEMENT_3D('',#14700,#9503,#9504);
#8286=AXIS2_PLACEMENT_3D('',#14702,#9505,#9506);
#8287=AXIS2_PLACEMENT_3D('',#14706,#9508,#9509);
#8288=AXIS2_PLACEMENT_3D('',#14710,#9511,#9512);
#8289=AXIS2_PLACEMENT_3D('',#14712,#9514,#9515);
#8290=AXIS2_PLACEMENT_3D('',#14714,#9517,#9518);
#8291=AXIS2_PLACEMENT_3D('',#14718,#9521,#9522);
#8292=AXIS2_PLACEMENT_3D('',#14719,#9523,#9524);
#8293=AXIS2_PLACEMENT_3D('',#14720,#9525,#9526);
#8294=AXIS2_PLACEMENT_3D('',#14726,#9530,#9531);
#8295=AXIS2_PLACEMENT_3D('',#14728,#9532,#9533);
#8296=AXIS2_PLACEMENT_3D('',#14732,#9535,#9536);
#8297=AXIS2_PLACEMENT_3D('',#14736,#9538,#9539);
#8298=AXIS2_PLACEMENT_3D('',#14738,#9541,#9542);
#8299=AXIS2_PLACEMENT_3D('',#14740,#9544,#9545);
#8300=AXIS2_PLACEMENT_3D('',#14744,#9548,#9549);
#8301=AXIS2_PLACEMENT_3D('',#14745,#9550,#9551);
#8302=AXIS2_PLACEMENT_3D('',#14746,#9552,#9553);
#8303=AXIS2_PLACEMENT_3D('',#14752,#9557,#9558);
#8304=AXIS2_PLACEMENT_3D('',#14754,#9559,#9560);
#8305=AXIS2_PLACEMENT_3D('',#14758,#9562,#9563);
#8306=AXIS2_PLACEMENT_3D('',#14762,#9565,#9566);
#8307=AXIS2_PLACEMENT_3D('',#14764,#9568,#9569);
#8308=AXIS2_PLACEMENT_3D('',#14766,#9571,#9572);
#8309=AXIS2_PLACEMENT_3D('',#14770,#9575,#9576);
#8310=AXIS2_PLACEMENT_3D('',#14771,#9577,#9578);
#8311=AXIS2_PLACEMENT_3D('',#14772,#9579,#9580);
#8312=AXIS2_PLACEMENT_3D('',#14778,#9584,#9585);
#8313=AXIS2_PLACEMENT_3D('',#14780,#9586,#9587);
#8314=AXIS2_PLACEMENT_3D('',#14784,#9589,#9590);
#8315=AXIS2_PLACEMENT_3D('',#14788,#9592,#9593);
#8316=AXIS2_PLACEMENT_3D('',#14790,#9595,#9596);
#8317=AXIS2_PLACEMENT_3D('',#14792,#9598,#9599);
#8318=AXIS2_PLACEMENT_3D('',#14796,#9602,#9603);
#8319=AXIS2_PLACEMENT_3D('',#14797,#9604,#9605);
#8320=AXIS2_PLACEMENT_3D('',#14798,#9606,#9607);
#8321=AXIS2_PLACEMENT_3D('',#14804,#9611,#9612);
#8322=AXIS2_PLACEMENT_3D('',#14806,#9613,#9614);
#8323=AXIS2_PLACEMENT_3D('',#14810,#9616,#9617);
#8324=AXIS2_PLACEMENT_3D('',#14814,#9619,#9620);
#8325=AXIS2_PLACEMENT_3D('',#14816,#9622,#9623);
#8326=AXIS2_PLACEMENT_3D('',#14818,#9625,#9626);
#8327=AXIS2_PLACEMENT_3D('',#14822,#9629,#9630);
#8328=AXIS2_PLACEMENT_3D('',#14823,#9631,#9632);
#8329=AXIS2_PLACEMENT_3D('',#14824,#9633,#9634);
#8330=AXIS2_PLACEMENT_3D('',#14830,#9638,#9639);
#8331=AXIS2_PLACEMENT_3D('',#14832,#9640,#9641);
#8332=AXIS2_PLACEMENT_3D('',#14836,#9643,#9644);
#8333=AXIS2_PLACEMENT_3D('',#14840,#9646,#9647);
#8334=AXIS2_PLACEMENT_3D('',#14842,#9649,#9650);
#8335=AXIS2_PLACEMENT_3D('',#14844,#9652,#9653);
#8336=AXIS2_PLACEMENT_3D('',#14848,#9656,#9657);
#8337=AXIS2_PLACEMENT_3D('',#14849,#9658,#9659);
#8338=AXIS2_PLACEMENT_3D('',#14850,#9660,#9661);
#8339=AXIS2_PLACEMENT_3D('',#14856,#9665,#9666);
#8340=AXIS2_PLACEMENT_3D('',#14858,#9667,#9668);
#8341=AXIS2_PLACEMENT_3D('',#14862,#9670,#9671);
#8342=AXIS2_PLACEMENT_3D('',#14866,#9673,#9674);
#8343=AXIS2_PLACEMENT_3D('',#14868,#9676,#9677);
#8344=AXIS2_PLACEMENT_3D('',#14870,#9679,#9680);
#8345=AXIS2_PLACEMENT_3D('',#14874,#9683,#9684);
#8346=AXIS2_PLACEMENT_3D('',#14875,#9685,#9686);
#8347=AXIS2_PLACEMENT_3D('',#14876,#9687,#9688);
#8348=AXIS2_PLACEMENT_3D('',#14882,#9692,#9693);
#8349=AXIS2_PLACEMENT_3D('',#14884,#9694,#9695);
#8350=AXIS2_PLACEMENT_3D('',#14888,#9697,#9698);
#8351=AXIS2_PLACEMENT_3D('',#14892,#9700,#9701);
#8352=AXIS2_PLACEMENT_3D('',#14894,#9703,#9704);
#8353=AXIS2_PLACEMENT_3D('',#14896,#9706,#9707);
#8354=AXIS2_PLACEMENT_3D('',#14900,#9710,#9711);
#8355=AXIS2_PLACEMENT_3D('',#14901,#9712,#9713);
#8356=AXIS2_PLACEMENT_3D('',#14902,#9714,#9715);
#8357=AXIS2_PLACEMENT_3D('',#14920,#9731,#9732);
#8358=AXIS2_PLACEMENT_3D('',#14922,#9733,#9734);
#8359=AXIS2_PLACEMENT_3D('',#14924,#9735,#9736);
#8360=AXIS2_PLACEMENT_3D('',#14926,#9738,#9739);
#8361=AXIS2_PLACEMENT_3D('',#14930,#9742,#9743);
#8362=AXIS2_PLACEMENT_3D('',#14932,#9745,#9746);
#8363=AXIS2_PLACEMENT_3D('',#14934,#9748,#9749);
#8364=AXIS2_PLACEMENT_3D('',#14938,#9752,#9753);
#8365=AXIS2_PLACEMENT_3D('',#14940,#9755,#9756);
#8366=AXIS2_PLACEMENT_3D('',#14941,#9757,#9758);
#8367=AXIS2_PLACEMENT_3D('',#14943,#9759,#9760);
#8368=AXIS2_PLACEMENT_3D('',#14946,#9762,#9763);
#8369=AXIS2_PLACEMENT_3D('',#14949,#9764,#9765);
#8370=AXIS2_PLACEMENT_3D('',#14975,#9767,#9768);
#8371=AXIS2_PLACEMENT_3D('',#14999,#9770,#9771);
#8372=AXIS2_PLACEMENT_3D('',#15000,#9772,#9773);
#8373=AXIS2_PLACEMENT_3D('',#15005,#9776,#9777);
#8374=AXIS2_PLACEMENT_3D('',#15006,#9778,#9779);
#8375=AXIS2_PLACEMENT_3D('',#15010,#9782,#9783);
#8376=AXIS2_PLACEMENT_3D('',#15012,#9785,#9786);
#8377=AXIS2_PLACEMENT_3D('',#15016,#9788,#9789);
#8378=AXIS2_PLACEMENT_3D('',#15018,#9791,#9792);
#8379=AXIS2_PLACEMENT_3D('',#15022,#9795,#9796);
#8380=AXIS2_PLACEMENT_3D('',#15024,#9798,#9799);
#8381=AXIS2_PLACEMENT_3D('',#15029,#9802,#9803);
#8382=AXIS2_PLACEMENT_3D('',#15030,#9804,#9805);
#8383=AXIS2_PLACEMENT_3D('',#15034,#9808,#9809);
#8384=AXIS2_PLACEMENT_3D('',#15036,#9811,#9812);
#8385=AXIS2_PLACEMENT_3D('',#15042,#9816,#9817);
#8386=AXIS2_PLACEMENT_3D('',#15045,#9819,#9820);
#8387=AXIS2_PLACEMENT_3D('',#15046,#9821,#9822);
#8388=AXIS2_PLACEMENT_3D('',#15048,#9824,#9825);
#8389=AXIS2_PLACEMENT_3D('',#15049,#9826,#9827);
#8390=AXIS2_PLACEMENT_3D('',#15050,#9828,#9829);
#8391=AXIS2_PLACEMENT_3D('',#15051,#9830,#9831);
#8392=AXIS2_PLACEMENT_3D('',#15052,#9832,#9833);
#8393=AXIS2_PLACEMENT_3D('',#15053,#9834,#9835);
#8394=AXIS2_PLACEMENT_3D('',#15055,#9836,#9837);
#8395=AXIS2_PLACEMENT_3D('',#15056,#9838,#9839);
#8396=AXIS2_PLACEMENT_3D('',#15058,#9840,#9841);
#8397=AXIS2_PLACEMENT_3D('',#15060,#9843,#9844);
#8398=AXIS2_PLACEMENT_3D('',#15062,#9845,#9846);
#8399=AXIS2_PLACEMENT_3D('',#15063,#9847,#9848);
#8400=AXIS2_PLACEMENT_3D('',#15065,#9849,#9850);
#8401=AXIS2_PLACEMENT_3D('',#15067,#9852,#9853);
#8402=AXIS2_PLACEMENT_3D('',#15069,#9854,#9855);
#8403=AXIS2_PLACEMENT_3D('',#15070,#9856,#9857);
#8404=AXIS2_PLACEMENT_3D('',#15072,#9858,#9859);
#8405=AXIS2_PLACEMENT_3D('',#15074,#9861,#9862);
#8406=AXIS2_PLACEMENT_3D('',#15076,#9863,#9864);
#8407=AXIS2_PLACEMENT_3D('',#15077,#9865,#9866);
#8408=AXIS2_PLACEMENT_3D('',#15079,#9867,#9868);
#8409=AXIS2_PLACEMENT_3D('',#15081,#9870,#9871);
#8410=AXIS2_PLACEMENT_3D('',#15087,#9875,#9876);
#8411=AXIS2_PLACEMENT_3D('',#15089,#9877,#9878);
#8412=AXIS2_PLACEMENT_3D('',#15091,#9880,#9881);
#8413=AXIS2_PLACEMENT_3D('',#15095,#9884,#9885);
#8414=AXIS2_PLACEMENT_3D('',#15097,#9886,#9887);
#8415=AXIS2_PLACEMENT_3D('',#15099,#9889,#9890);
#8416=AXIS2_PLACEMENT_3D('',#15103,#9893,#9894);
#8417=AXIS2_PLACEMENT_3D('',#15105,#9895,#9896);
#8418=AXIS2_PLACEMENT_3D('',#15107,#9898,#9899);
#8419=AXIS2_PLACEMENT_3D('',#15111,#9902,#9903);
#8420=AXIS2_PLACEMENT_3D('',#15112,#9904,#9905);
#8421=AXIS2_PLACEMENT_3D('',#15113,#9906,#9907);
#8422=AXIS2_PLACEMENT_3D('',#15116,#9910,#9911);
#8423=AXIS2_PLACEMENT_3D('',#15118,#9913,#9914);
#8424=AXIS2_PLACEMENT_3D('',#15120,#9916,#9917);
#8425=AXIS2_PLACEMENT_3D('',#15122,#9919,#9920);
#8426=AXIS2_PLACEMENT_3D('',#15124,#9922,#9923);
#8427=AXIS2_PLACEMENT_3D('',#15126,#9925,#9926);
#8428=AXIS2_PLACEMENT_3D('',#15128,#9928,#9929);
#8429=AXIS2_PLACEMENT_3D('',#15129,#9930,#9931);
#8430=AXIS2_PLACEMENT_3D('',#15131,#9932,#9933);
#8431=AXIS2_PLACEMENT_3D('',#15132,#9934,#9935);
#8432=AXIS2_PLACEMENT_3D('',#15134,#9936,#9937);
#8433=AXIS2_PLACEMENT_3D('',#15136,#9939,#9940);
#8434=AXIS2_PLACEMENT_3D('',#15138,#9941,#9942);
#8435=AXIS2_PLACEMENT_3D('',#15140,#9944,#9945);
#8436=AXIS2_PLACEMENT_3D('',#15141,#9946,#9947);
#8437=AXIS2_PLACEMENT_3D('',#15143,#9948,#9949);
#8438=AXIS2_PLACEMENT_3D('',#15145,#9950,#9951);
#8439=AXIS2_PLACEMENT_3D('',#15146,#9952,#9953);
#8440=AXIS2_PLACEMENT_3D('',#15148,#9954,#9955);
#8441=AXIS2_PLACEMENT_3D('',#15150,#9957,#9958);
#8442=AXIS2_PLACEMENT_3D('',#15152,#9959,#9960);
#8443=AXIS2_PLACEMENT_3D('',#15154,#9962,#9963);
#8444=DIRECTION('axis',(0.,0.,1.));
#8445=DIRECTION('refdir',(1.,0.,0.));
#8446=DIRECTION('center_axis',(3.62986717094395E-16,-1.,5.98928083205749E-16));
#8447=DIRECTION('ref_axis',(-0.518301716093344,-7.00338636403475E-16,-0.855197831554018));
#8448=DIRECTION('',(-0.518301716093344,-7.00338636403475E-16,-0.855197831554018));
#8449=DIRECTION('',(0.855197831554017,0.,-0.518301716093346));
#8450=DIRECTION('',(-0.518301716093344,-7.00338636403475E-16,-0.855197831554018));
#8451=DIRECTION('',(0.855197831554017,0.,-0.518301716093346));
#8452=DIRECTION('',(0.855197831554017,0.,-0.518301716093346));
#8453=DIRECTION('',(0.855197831554017,0.,-0.518301716093346));
#8454=DIRECTION('',(0.855197831554017,0.,-0.518301716093346));
#8455=DIRECTION('',(0.855197831554017,0.,-0.518301716093346));
#8456=DIRECTION('',(0.855197831554017,0.,-0.518301716093346));
#8457=DIRECTION('center_axis',(-3.13365949722944E-16,1.,-5.17053817042855E-16));
#8458=DIRECTION('ref_axis',(0.518301716093344,6.04601412638401E-16,0.855197831554018));
#8459=DIRECTION('',(0.518301716093344,6.04601412638401E-16,0.855197831554018));
#8460=DIRECTION('',(0.855197831554017,0.,-0.518301716093346));
#8461=DIRECTION('',(0.518301716093344,6.04601412638401E-16,0.855197831554018));
#8462=DIRECTION('center_axis',(-0.518301716093346,0.,-0.855197831554017));
#8463=DIRECTION('ref_axis',(0.,1.,0.));
#8464=DIRECTION('',(0.,1.,0.));
#8465=DIRECTION('',(0.855197831554017,0.,-0.518301716093346));
#8466=DIRECTION('',(0.,1.,0.));
#8467=DIRECTION('center_axis',(3.13365949722944E-16,-1.,5.17053817042855E-16));
#8468=DIRECTION('ref_axis',(-0.518301716093344,-6.04601412638401E-16,-0.855197831554018));
#8469=DIRECTION('',(-0.518301716093344,-6.04601412638401E-16,-0.855197831554018));
#8470=DIRECTION('',(0.855197831554017,0.,-0.518301716093346));
#8471=DIRECTION('',(-0.518301716093344,-6.04601412638401E-16,-0.855197831554018));
#8472=DIRECTION('',(0.855197831554017,0.,-0.518301716093346));
#8473=DIRECTION('',(0.855197831554017,0.,-0.518301716093346));
#8474=DIRECTION('',(0.855197831554017,0.,-0.518301716093346));
#8475=DIRECTION('',(0.855197831554017,0.,-0.518301716093346));
#8476=DIRECTION('center_axis',(4.00941572585375E-16,-1.,6.61553594765865E-16));
#8477=DIRECTION('ref_axis',(-0.518301716093344,-7.73567904824697E-16,-0.855197831554018));
#8478=DIRECTION('',(-0.518301716093344,-7.73567904824697E-16,-0.855197831554018));
#8479=DIRECTION('',(0.855197831554017,0.,-0.518301716093346));
#8480=DIRECTION('',(-0.518301716093344,-7.73567904824697E-16,-0.855197831554018));
#8481=DIRECTION('center_axis',(0.518301716093346,0.,0.855197831554017));
#8482=DIRECTION('ref_axis',(0.,-1.,0.));
#8483=DIRECTION('',(0.,-1.,0.));
#8484=DIRECTION('',(0.855197831554017,0.,-0.518301716093346));
#8485=DIRECTION('',(0.,-1.,0.));
#8486=DIRECTION('center_axis',(-2.87715245167491E-16,1.,-4.74730154526357E-16));
#8487=DIRECTION('ref_axis',(0.518301716093344,5.55111504040772E-16,0.855197831554018));
#8488=DIRECTION('',(0.518301716093344,5.55111504040772E-16,0.855197831554018));
#8489=DIRECTION('',(0.855197831554017,0.,-0.518301716093346));
#8490=DIRECTION('',(0.518301716093344,5.55111504040772E-16,0.855197831554018));
#8491=DIRECTION('center_axis',(-0.518301716093346,0.,-0.855197831554017));
#8492=DIRECTION('ref_axis',(0.,1.,0.));
#8493=DIRECTION('',(0.,1.,0.));
#8494=DIRECTION('',(0.,1.,0.));
#8495=DIRECTION('center_axis',(-0.855197831554018,0.,0.518301716093344));
#8496=DIRECTION('ref_axis',(0.,-1.,0.));
#8497=DIRECTION('',(0.855197831554017,0.,-0.518301716093346));
#8498=DIRECTION('',(0.855197831554017,0.,-0.518301716093346));
#8499=DIRECTION('',(0.855197831554017,0.,-0.518301716093346));
#8500=DIRECTION('',(0.855197831554017,0.,-0.518301716093346));
#8501=DIRECTION('',(0.855197831554017,0.,-0.518301716093346));
#8502=DIRECTION('',(0.855197831554017,0.,-0.518301716093346));
#8503=DIRECTION('',(0.855197831554017,0.,-0.518301716093346));
#8504=DIRECTION('',(0.855197831554017,0.,-0.518301716093346));
#8505=DIRECTION('',(0.855197831554017,0.,-0.518301716093346));
#8506=DIRECTION('',(0.855197831554017,0.,-0.518301716093346));
#8507=DIRECTION('center_axis',(-3.99423163652765E-16,1.,-6.59048220027059E-16));
#8508=DIRECTION('ref_axis',(0.518301716093344,7.70638319825337E-16,0.855197831554018));
#8509=DIRECTION('',(0.518301716093344,7.70638319825337E-16,0.855197831554018));
#8510=DIRECTION('',(0.518301716093344,7.70638319825337E-16,0.855197831554018));
#8511=DIRECTION('center_axis',(-0.518301716093346,0.,-0.855197831554017));
#8512=DIRECTION('ref_axis',(0.,1.,0.));
#8513=DIRECTION('',(0.,1.,0.));
#8514=DIRECTION('',(0.855197831554017,0.,-0.518301716093346));
#8515=DIRECTION('',(0.,1.,0.));
#8516=DIRECTION('',(0.855197831554017,0.,-0.518301716093346));
#8517=DIRECTION('',(0.855197831554017,0.,-0.518301716093346));
#8518=DIRECTION('',(0.855197831554017,0.,-0.518301716093346));
#8519=DIRECTION('center_axis',(4.39365334593987E-16,-1.,7.24952802080074E-16));
#8520=DIRECTION('ref_axis',(-0.518301716093344,-8.47701871229878E-16,-0.855197831554018));
#8521=DIRECTION('',(-0.518301716093344,-8.47701871229879E-16,-0.855197831554018));
#8522=DIRECTION('',(0.855197831554017,0.,-0.518301716093346));
#8523=DIRECTION('',(-0.518301716093344,-8.47701871229878E-16,-0.855197831554018));
#8524=DIRECTION('',(0.855197831554017,0.,-0.518301716093346));
#8525=DIRECTION('',(0.855197831554017,0.,-0.518301716093346));
#8526=DIRECTION('',(0.855197831554017,0.,-0.518301716093346));
#8527=DIRECTION('',(0.855197831554017,0.,-0.518301716093346));
#8528=DIRECTION('',(0.855197831554017,0.,-0.518301716093346));
#8529=DIRECTION('',(0.855197831554017,0.,-0.518301716093346));
#8530=DIRECTION('',(0.855197831554017,0.,-0.518301716093346));
#8531=DIRECTION('center_axis',(-0.513548976454419,0.135113204733314,-0.847355811149786));
#8532=DIRECTION('ref_axis',(0.0700294058801477,0.990830168044299,0.115548519702244));
#8533=DIRECTION('',(0.0700294058801477,0.990830168044299,0.115548519702244));
#8534=DIRECTION('',(0.855197831554017,0.,-0.518301716093346));
#8535=DIRECTION('',(0.0700294058801477,0.990830168044299,0.115548519702244));
#8536=DIRECTION('',(0.855197831554017,0.,-0.518301716093346));
#8537=DIRECTION('',(0.855197831554017,0.,-0.518301716093346));
#8538=DIRECTION('',(0.855197831554017,0.,-0.518301716093346));
#8539=DIRECTION('',(0.855197831554017,0.,-0.518301716093346));
#8540=DIRECTION('',(0.855197831554017,0.,-0.518301716093346));
#8541=DIRECTION('',(0.855197831554017,0.,-0.518301716093346));
#8542=DIRECTION('',(0.855197831554017,0.,-0.518301716093346));
#8543=DIRECTION('',(0.855197831554017,0.,-0.518301716093346));
#8544=DIRECTION('',(0.855197831554017,0.,-0.518301716093346));
#8545=DIRECTION('',(0.855197831554017,0.,-0.518301716093346));
#8546=DIRECTION('',(0.855197831554017,0.,-0.518301716093346));
#8547=DIRECTION('',(0.855197831554017,0.,-0.518301716093346));
#8548=DIRECTION('',(0.855197831554017,0.,-0.518301716093346));
#8549=DIRECTION('',(0.855197831554017,0.,-0.518301716093346));
#8550=DIRECTION('center_axis',(-0.855197831554018,0.,0.518301716093344));
#8551=DIRECTION('ref_axis',(0.,-1.,0.));
#8552=DIRECTION('center_axis',(3.6361259939781E-16,-1.,5.99960789006384E-16));
#8553=DIRECTION('ref_axis',(-0.518301716093344,-7.01546200036744E-16,-0.855197831554018));
#8554=DIRECTION('',(-0.518301716093344,-7.01546200036744E-16,-0.855197831554018));
#8555=DIRECTION('',(0.855197831554017,0.,-0.518301716093346));
#8556=DIRECTION('',(-0.518301716093344,-7.01546200036744E-16,-0.855197831554018));
#8557=DIRECTION('',(0.855197831554017,0.,-0.518301716093346));
#8558=DIRECTION('',(0.855197831554017,0.,-0.518301716093346));
#8559=DIRECTION('',(0.855197831554017,0.,-0.518301716093346));
#8560=DIRECTION('',(0.855197831554017,0.,-0.518301716093346));
#8561=DIRECTION('',(0.855197831554017,0.,-0.518301716093346));
#8562=DIRECTION('',(0.855197831554017,0.,-0.518301716093346));
#8563=DIRECTION('center_axis',(-3.26463288752985E-16,1.,-5.38664426442423E-16));
#8564=DIRECTION('ref_axis',(0.518301716093344,6.29871132230998E-16,0.855197831554018));
#8565=DIRECTION('',(0.518301716093344,6.29871132230998E-16,0.855197831554018));
#8566=DIRECTION('',(0.855197831554017,0.,-0.518301716093346));
#8567=DIRECTION('',(0.518301716093344,6.29871132230998E-16,0.855197831554018));
#8568=DIRECTION('center_axis',(-0.518301716093346,0.,-0.855197831554017));
#8569=DIRECTION('ref_axis',(0.,1.,0.));
#8570=DIRECTION('',(0.,1.,0.));
#8571=DIRECTION('',(0.855197831554017,0.,-0.518301716093346));
#8572=DIRECTION('',(0.,1.,0.));
#8573=DIRECTION('center_axis',(3.2296371414939E-16,-1.,5.3289012834649E-16));
#8574=DIRECTION('ref_axis',(-0.518301716093344,-6.2311912949797E-16,-0.855197831554018));
#8575=DIRECTION('',(-0.518301716093344,-6.2311912949797E-16,-0.855197831554018));
#8576=DIRECTION('',(0.855197831554017,0.,-0.518301716093346));
#8577=DIRECTION('',(-0.518301716093344,-6.2311912949797E-16,-0.855197831554018));
#8578=DIRECTION('',(0.855197831554017,0.,-0.518301716093346));
#8579=DIRECTION('',(0.855197831554017,0.,-0.518301716093346));
#8580=DIRECTION('',(0.855197831554017,0.,-0.518301716093346));
#8581=DIRECTION('',(0.855197831554017,0.,-0.518301716093346));
#8582=DIRECTION('',(0.855197831554017,0.,-0.518301716093346));
#8583=DIRECTION('center_axis',(0.,-1.,0.));
#8584=DIRECTION('ref_axis',(-0.518301716093344,0.,-0.855197831554018));
#8585=DIRECTION('',(-0.518301716093344,0.,-0.855197831554018));
#8586=DIRECTION('',(0.855197831554017,0.,-0.518301716093346));
#8587=DIRECTION('',(-0.518301716093344,0.,-0.855197831554018));
#8588=DIRECTION('center_axis',(0.518301716093346,0.,0.855197831554017));
#8589=DIRECTION('ref_axis',(0.,-1.,0.));
#8590=DIRECTION('',(0.,-1.,0.));
#8591=DIRECTION('',(0.855197831554017,0.,-0.518301716093346));
#8592=DIRECTION('',(0.,-1.,0.));
#8593=DIRECTION('center_axis',(-3.97166257099521E-16,1.,-6.55324324214205E-16));
#8594=DIRECTION('ref_axis',(0.518301716093344,7.66283893661642E-16,0.855197831554018));
#8595=DIRECTION('',(0.518301716093344,7.66283893661642E-16,0.855197831554018));
#8596=DIRECTION('',(0.855197831554017,0.,-0.518301716093346));
#8597=DIRECTION('',(0.518301716093344,7.66283893661642E-16,0.855197831554018));
#8598=DIRECTION('center_axis',(-0.518301716093346,0.,-0.855197831554017));
#8599=DIRECTION('ref_axis',(0.,1.,0.));
#8600=DIRECTION('',(0.,1.,0.));
#8601=DIRECTION('',(0.,1.,0.));
#8602=DIRECTION('center_axis',(-0.855197831554018,0.,0.518301716093344));
#8603=DIRECTION('ref_axis',(0.,-1.,0.));
#8604=DIRECTION('center_axis',(0.,-1.,0.));
#8605=DIRECTION('ref_axis',(-0.518301716093344,0.,-0.855197831554018));
#8606=DIRECTION('',(-0.518301716093344,0.,-0.855197831554018));
#8607=DIRECTION('',(0.855197831554017,0.,-0.518301716093346));
#8608=DIRECTION('',(-0.518301716093344,0.,-0.855197831554018));
#8609=DIRECTION('',(0.855197831554017,0.,-0.518301716093346));
#8610=DIRECTION('center_axis',(0.518301716093346,0.,0.855197831554017));
#8611=DIRECTION('ref_axis',(0.,-1.,0.));
#8612=DIRECTION('',(0.,-1.,0.));
#8613=DIRECTION('',(0.855197831554017,0.,-0.518301716093346));
#8614=DIRECTION('',(0.,-1.,0.));
#8615=DIRECTION('center_axis',(0.,1.,0.));
#8616=DIRECTION('ref_axis',(0.518301716093344,0.,0.855197831554018));
#8617=DIRECTION('',(0.518301716093344,0.,0.855197831554018));
#8618=DIRECTION('',(0.855197831554017,0.,-0.518301716093346));
#8619=DIRECTION('',(0.518301716093344,0.,0.855197831554018));
#8620=DIRECTION('center_axis',(-0.518301716093346,0.,-0.855197831554017));
#8621=DIRECTION('ref_axis',(0.,1.,0.));
#8622=DIRECTION('',(0.,1.,0.));
#8623=DIRECTION('',(0.,1.,0.));
#8624=DIRECTION('center_axis',(0.855197831554017,0.,-0.518301716093346));
#8625=DIRECTION('ref_axis',(-0.518301716093346,0.,-0.855197831554017));
#8626=DIRECTION('center_axis',(-0.518301716093346,0.,-0.855197831554017));
#8627=DIRECTION('ref_axis',(0.,1.,0.));
#8628=DIRECTION('',(0.,1.,0.));
#8629=DIRECTION('',(0.855197831554017,0.,-0.518301716093346));
#8630=DIRECTION('',(0.,1.,0.));
#8631=DIRECTION('',(0.855197831554017,0.,-0.518301716093346));
#8632=DIRECTION('',(0.855197831554017,0.,-0.518301716093346));
#8633=DIRECTION('',(0.855197831554017,0.,-0.518301716093346));
#8634=DIRECTION('',(0.855197831554017,0.,-0.518301716093346));
#8635=DIRECTION('',(0.855197831554017,0.,-0.518301716093346));
#8636=DIRECTION('',(0.855197831554017,0.,-0.518301716093346));
#8637=DIRECTION('center_axis',(0.518301716093346,0.,0.855197831554017));
#8638=DIRECTION('ref_axis',(0.,-1.,0.));
#8639=DIRECTION('',(0.,-1.,0.));
#8640=DIRECTION('',(0.855197831554017,0.,-0.518301716093346));
#8641=DIRECTION('',(0.,-1.,0.));
#8642=DIRECTION('center_axis',(4.02471905622217E-16,-1.,6.64078644276655E-16));
#8643=DIRECTION('ref_axis',(-0.518301716093344,-7.76520495930081E-16,-0.855197831554018));
#8644=DIRECTION('',(-0.518301716093344,-7.76520495930081E-16,-0.855197831554018));
#8645=DIRECTION('',(-0.518301716093344,-7.76520495930081E-16,-0.855197831554018));
#8646=DIRECTION('center_axis',(3.53851181072225E-16,-1.,5.83854448769168E-16));
#8647=DIRECTION('ref_axis',(-0.518301716093344,-6.8271273292195E-16,-0.855197831554018));
#8648=DIRECTION('',(-0.518301716093344,-6.8271273292195E-16,-0.855197831554018));
#8649=DIRECTION('',(0.855197831554017,0.,-0.518301716093346));
#8650=DIRECTION('',(-0.518301716093344,-6.8271273292195E-16,-0.855197831554018));
#8651=DIRECTION('',(0.855197831554017,0.,-0.518301716093346));
#8652=DIRECTION('center_axis',(-0.518301716093346,0.,-0.855197831554017));
#8653=DIRECTION('ref_axis',(0.,1.,0.));
#8654=DIRECTION('',(0.,1.,0.));
#8655=DIRECTION('',(0.855197831554017,0.,-0.518301716093346));
#8656=DIRECTION('',(0.,1.,0.));
#8657=DIRECTION('',(0.855197831554017,0.,-0.518301716093346));
#8658=DIRECTION('',(0.855197831554017,0.,-0.518301716093346));
#8659=DIRECTION('',(0.855197831554017,0.,-0.518301716093346));
#8660=DIRECTION('',(0.855197831554017,0.,-0.518301716093346));
#8661=DIRECTION('',(0.855197831554017,0.,-0.518301716093346));
#8662=DIRECTION('',(0.855197831554017,0.,-0.518301716093346));
#8663=DIRECTION('center_axis',(0.518301716093346,0.,0.855197831554017));
#8664=DIRECTION('ref_axis',(0.,-1.,0.));
#8665=DIRECTION('',(0.,-1.,0.));
#8666=DIRECTION('',(0.855197831554017,0.,-0.518301716093346));
#8667=DIRECTION('',(0.,-1.,0.));
#8668=DIRECTION('center_axis',(-2.87715266603948E-16,1.,-4.74730189896512E-16));
#8669=DIRECTION('ref_axis',(0.518301716093344,5.55111545399805E-16,0.855197831554018));
#8670=DIRECTION('',(0.518301716093344,5.55111545399805E-16,0.855197831554018));
#8671=DIRECTION('',(0.855197831554017,0.,-0.518301716093346));
#8672=DIRECTION('',(0.518301716093344,5.55111545399805E-16,0.855197831554018));
#8673=DIRECTION('center_axis',(-0.518301716093346,0.,-0.855197831554017));
#8674=DIRECTION('ref_axis',(0.,1.,0.));
#8675=DIRECTION('',(0.,1.,0.));
#8676=DIRECTION('',(0.,1.,0.));
#8677=DIRECTION('center_axis',(-0.855197831554018,0.,0.518301716093344));
#8678=DIRECTION('ref_axis',(0.,-1.,0.));
#8679=DIRECTION('',(0.855197831554017,0.,-0.518301716093346));
#8680=DIRECTION('',(0.855197831554017,0.,-0.518301716093346));
#8681=DIRECTION('',(0.855197831554017,0.,-0.518301716093346));
#8682=DIRECTION('',(0.855197831554017,0.,-0.518301716093346));
#8683=DIRECTION('',(0.855197831554017,0.,-0.518301716093346));
#8684=DIRECTION('',(0.855197831554017,0.,-0.518301716093346));
#8685=DIRECTION('',(0.855197831554017,0.,-0.518301716093346));
#8686=DIRECTION('',(0.855197831554017,0.,-0.518301716093346));
#8687=DIRECTION('',(0.855197831554017,0.,-0.518301716093346));
#8688=DIRECTION('',(0.855197831554017,0.,-0.518301716093346));
#8689=DIRECTION('center_axis',(0.,1.,0.));
#8690=DIRECTION('ref_axis',(0.518301716093344,0.,0.855197831554018));
#8691=DIRECTION('',(0.518301716093344,0.,0.855197831554018));
#8692=DIRECTION('',(0.518301716093344,0.,0.855197831554018));
#8693=DIRECTION('center_axis',(-0.518301716093346,0.,-0.855197831554017));
#8694=DIRECTION('ref_axis',(0.,1.,0.));
#8695=DIRECTION('',(0.,1.,0.));
#8696=DIRECTION('',(0.855197831554017,0.,-0.518301716093346));
#8697=DIRECTION('',(0.,1.,0.));
#8698=DIRECTION('',(0.855197831554017,0.,-0.518301716093346));
#8699=DIRECTION('',(0.855197831554017,0.,-0.518301716093346));
#8700=DIRECTION('',(0.855197831554017,0.,-0.518301716093346));
#8701=DIRECTION('center_axis',(4.39365334593987E-16,-1.,7.24952802080074E-16));
#8702=DIRECTION('ref_axis',(-0.518301716093344,-8.47701871229878E-16,-0.855197831554018));
#8703=DIRECTION('',(-0.518301716093344,-8.47701871229879E-16,-0.855197831554018));
#8704=DIRECTION('',(0.855197831554017,0.,-0.518301716093346));
#8705=DIRECTION('',(-0.518301716093344,-8.47701871229878E-16,-0.855197831554018));
#8706=DIRECTION('',(0.855197831554017,0.,-0.518301716093346));
#8707=DIRECTION('',(0.855197831554017,0.,-0.518301716093346));
#8708=DIRECTION('',(0.855197831554017,0.,-0.518301716093346));
#8709=DIRECTION('',(0.855197831554017,0.,-0.518301716093346));
#8710=DIRECTION('',(0.855197831554017,0.,-0.518301716093346));
#8711=DIRECTION('',(0.855197831554017,0.,-0.518301716093346));
#8712=DIRECTION('',(0.855197831554017,0.,-0.518301716093346));
#8713=DIRECTION('center_axis',(-0.513548933787527,0.135113808416116,-0.847355740749414));
#8714=DIRECTION('ref_axis',(0.0700297187699803,0.99083008572373,0.115549035970468));
#8715=DIRECTION('',(0.0700297187699803,0.99083008572373,0.115549035970468));
#8716=DIRECTION('',(0.855197831554017,0.,-0.518301716093346));
#8717=DIRECTION('',(0.0700297187699803,0.99083008572373,0.115549035970468));
#8718=DIRECTION('',(0.855197831554017,0.,-0.518301716093346));
#8719=DIRECTION('',(0.855197831554017,0.,-0.518301716093346));
#8720=DIRECTION('',(0.855197831554017,0.,-0.518301716093346));
#8721=DIRECTION('',(0.855197831554017,0.,-0.518301716093346));
#8722=DIRECTION('',(0.855197831554017,0.,-0.518301716093346));
#8723=DIRECTION('',(0.855197831554017,0.,-0.518301716093346));
#8724=DIRECTION('',(0.855197831554017,0.,-0.518301716093346));
#8725=DIRECTION('',(0.855197831554017,0.,-0.518301716093346));
#8726=DIRECTION('',(0.855197831554017,0.,-0.518301716093346));
#8727=DIRECTION('',(0.855197831554017,0.,-0.518301716093346));
#8728=DIRECTION('',(0.855197831554017,0.,-0.518301716093346));
#8729=DIRECTION('',(0.855197831554017,0.,-0.518301716093346));
#8730=DIRECTION('',(0.855197831554017,0.,-0.518301716093346));
#8731=DIRECTION('',(0.855197831554017,0.,-0.518301716093346));
#8732=DIRECTION('center_axis',(-0.855197831554018,0.,0.518301716093344));
#8733=DIRECTION('ref_axis',(0.,-1.,0.));
#8734=DIRECTION('',(0.855197831554017,0.,-0.518301716093346));
#8735=DIRECTION('',(0.855197831554017,0.,-0.518301716093346));
#8736=DIRECTION('',(0.855197831554017,0.,-0.518301716093346));
#8737=DIRECTION('',(0.855197831554017,0.,-0.518301716093346));
#8738=DIRECTION('center_axis',(3.39605978073055E-16,-1.,5.60349863820537E-16));
#8739=DIRECTION('ref_axis',(-0.518301716093344,-6.55228349681736E-16,-0.855197831554018));
#8740=DIRECTION('',(-0.518301716093344,-6.55228349681736E-16,-0.855197831554018));
#8741=DIRECTION('',(0.855197831554017,0.,-0.518301716093346));
#8742=DIRECTION('',(-0.518301716093344,-6.55228349681736E-16,-0.855197831554018));
#8743=DIRECTION('center_axis',(-0.518301716093346,0.,-0.855197831554017));
#8744=DIRECTION('ref_axis',(0.,1.,0.));
#8745=DIRECTION('',(0.,1.,0.));
#8746=DIRECTION('',(0.855197831554017,0.,-0.518301716093346));
#8747=DIRECTION('',(0.,1.,0.));
#8748=DIRECTION('center_axis',(3.41292537751321E-16,-1.,5.63132687289677E-16));
#8749=DIRECTION('ref_axis',(-0.518301716093344,-6.58482361053681E-16,-0.855197831554018));
#8750=DIRECTION('',(-0.518301716093344,-6.58482361053681E-16,-0.855197831554018));
#8751=DIRECTION('',(0.855197831554017,0.,-0.518301716093346));
#8752=DIRECTION('',(-0.518301716093344,-6.58482361053681E-16,-0.855197831554018));
#8753=DIRECTION('center_axis',(0.518301716093346,0.,0.855197831554017));
#8754=DIRECTION('ref_axis',(0.,-1.,0.));
#8755=DIRECTION('',(0.,-1.,0.));
#8756=DIRECTION('',(0.855197831554017,0.,-0.518301716093346));
#8757=DIRECTION('',(0.,-1.,0.));
#8758=DIRECTION('center_axis',(3.55282049804863E-16,-1.,5.86215382178021E-16));
#8759=DIRECTION('ref_axis',(-0.518301716093344,-6.85473419773275E-16,-0.855197831554018));
#8760=DIRECTION('',(-0.518301716093344,-6.85473419773275E-16,-0.855197831554018));
#8761=DIRECTION('',(0.855197831554017,0.,-0.518301716093346));
#8762=DIRECTION('',(-0.518301716093344,-6.85473419773275E-16,-0.855197831554018));
#8763=DIRECTION('center_axis',(0.443782492713633,0.516604347277836,0.732241112977491));
#8764=DIRECTION('ref_axis',(0.267756919735385,-0.856224239538709,0.441798917563384));
#8765=DIRECTION('',(0.267756919735385,-0.856224239538709,0.441798917563384));
#8766=DIRECTION('',(0.855197831554017,0.,-0.518301716093346));
#8767=DIRECTION('',(0.267756919735385,-0.856224239538709,0.441798917563384));
#8768=DIRECTION('center_axis',(-3.00706491652137E-16,1.,-4.96165711226023E-16));
#8769=DIRECTION('ref_axis',(0.518301716093344,5.80176530995663E-16,0.855197831554018));
#8770=DIRECTION('',(0.518301716093344,5.80176530995663E-16,0.855197831554018));
#8771=DIRECTION('',(0.855197831554017,0.,-0.518301716093346));
#8772=DIRECTION('',(0.518301716093344,5.80176530995663E-16,0.855197831554018));
#8773=DIRECTION('center_axis',(0.518301716093346,0.,0.855197831554017));
#8774=DIRECTION('ref_axis',(0.,-1.,0.));
#8775=DIRECTION('',(0.,-1.,0.));
#8776=DIRECTION('',(0.855197831554017,0.,-0.518301716093346));
#8777=DIRECTION('',(0.,-1.,0.));
#8778=DIRECTION('center_axis',(-3.76598662346286E-16,1.,-6.21387792871368E-16));
#8779=DIRECTION('ref_axis',(0.518301716093344,7.26601225990269E-16,0.855197831554018));
#8780=DIRECTION('',(0.518301716093344,7.26601225990269E-16,0.855197831554018));
#8781=DIRECTION('',(0.855197831554017,0.,-0.518301716093346));
#8782=DIRECTION('',(0.518301716093344,7.26601225990269E-16,0.855197831554018));
#8783=DIRECTION('center_axis',(-0.518301716093346,0.,-0.855197831554017));
#8784=DIRECTION('ref_axis',(0.,1.,0.));
#8785=DIRECTION('',(0.,1.,0.));
#8786=DIRECTION('',(0.855197831554017,0.,-0.518301716093346));
#8787=DIRECTION('',(0.,1.,0.));
#8788=DIRECTION('center_axis',(-3.4516407325629E-16,1.,-5.69520720872875E-16));
#8789=DIRECTION('ref_axis',(0.518301716093344,6.65952017018068E-16,0.855197831554018));
#8790=DIRECTION('',(0.518301716093344,6.65952017018068E-16,0.855197831554018));
#8791=DIRECTION('',(0.855197831554017,0.,-0.518301716093346));
#8792=DIRECTION('',(0.518301716093344,6.65952017018068E-16,0.855197831554018));
#8793=DIRECTION('',(0.855197831554017,0.,-0.518301716093346));
#8794=DIRECTION('',(0.855197831554017,0.,-0.518301716093346));
#8795=DIRECTION('',(0.855197831554017,0.,-0.518301716093346));
#8796=DIRECTION('',(0.855197831554017,0.,-0.518301716093346));
#8797=DIRECTION('center_axis',(0.0836429558767376,-0.986892523888809,0.138010877196616));
#8798=DIRECTION('ref_axis',(-0.511508088731261,-0.161378890479447,-0.843988346406581));
#8799=DIRECTION('',(-0.511508088731261,-0.161378890479447,-0.843988346406581));
#8800=DIRECTION('',(0.855197831554017,0.,-0.518301716093346));
#8801=DIRECTION('',(-0.511508088731261,-0.161378890479447,-0.843988346406581));
#8802=DIRECTION('center_axis',(-0.855197831554018,0.,0.518301716093344));
#8803=DIRECTION('ref_axis',(0.,-1.,0.));
#8804=DIRECTION('center_axis',(3.59644083254935E-16,-1.,5.9341273737064E-16));
#8805=DIRECTION('ref_axis',(-0.518301716093344,-6.93889431749756E-16,-0.855197831554018));
#8806=DIRECTION('',(-0.518301716093344,-6.93889431749756E-16,-0.855197831554018));
#8807=DIRECTION('',(0.855197831554017,0.,-0.518301716093346));
#8808=DIRECTION('',(-0.518301716093344,-6.93889431749756E-16,-0.855197831554018));
#8809=DIRECTION('',(0.855197831554017,0.,-0.518301716093346));
#8810=DIRECTION('center_axis',(0.518301716093346,0.,0.855197831554017));
#8811=DIRECTION('ref_axis',(0.,-1.,0.));
#8812=DIRECTION('',(0.,-1.,0.));
#8813=DIRECTION('',(0.855197831554017,0.,-0.518301716093346));
#8814=DIRECTION('',(0.,-1.,0.));
#8815=DIRECTION('center_axis',(-2.87715266603948E-16,1.,-4.74730189896512E-16));
#8816=DIRECTION('ref_axis',(0.518301716093344,5.55111545399805E-16,0.855197831554018));
#8817=DIRECTION('',(0.518301716093344,5.55111545399805E-16,0.855197831554018));
#8818=DIRECTION('',(0.855197831554017,0.,-0.518301716093346));
#8819=DIRECTION('',(0.518301716093344,5.55111545399805E-16,0.855197831554018));
#8820=DIRECTION('center_axis',(-0.518301716093346,0.,-0.855197831554017));
#8821=DIRECTION('ref_axis',(0.,1.,0.));
#8822=DIRECTION('',(0.,1.,0.));
#8823=DIRECTION('',(0.,1.,0.));
#8824=DIRECTION('center_axis',(0.855197831554017,0.,-0.518301716093346));
#8825=DIRECTION('ref_axis',(-0.518301716093346,0.,-0.855197831554017));
#8826=DIRECTION('center_axis',(3.97166257099521E-16,-1.,6.55324324214205E-16));
#8827=DIRECTION('ref_axis',(-0.518301716093344,-7.66283893661642E-16,-0.855197831554018));
#8828=DIRECTION('',(-0.518301716093344,-7.66283893661642E-16,-0.855197831554018));
#8829=DIRECTION('',(0.855197831554017,0.,-0.518301716093346));
#8830=DIRECTION('',(-0.518301716093344,-7.66283893661642E-16,-0.855197831554018));
#8831=DIRECTION('',(0.855197831554017,0.,-0.518301716093346));
#8832=DIRECTION('center_axis',(0.518301716093346,0.,0.855197831554017));
#8833=DIRECTION('ref_axis',(0.,-1.,0.));
#8834=DIRECTION('',(0.,-1.,0.));
#8835=DIRECTION('',(0.855197831554017,0.,-0.518301716093346));
#8836=DIRECTION('',(0.,-1.,0.));
#8837=DIRECTION('center_axis',(-3.97166257099521E-16,1.,-6.55324324214205E-16));
#8838=DIRECTION('ref_axis',(0.518301716093344,7.66283893661642E-16,0.855197831554018));
#8839=DIRECTION('',(0.518301716093344,7.66283893661642E-16,0.855197831554018));
#8840=DIRECTION('',(0.855197831554017,0.,-0.518301716093346));
#8841=DIRECTION('',(0.518301716093344,7.66283893661642E-16,0.855197831554018));
#8842=DIRECTION('center_axis',(-0.518301716093346,0.,-0.855197831554017));
#8843=DIRECTION('ref_axis',(0.,1.,0.));
#8844=DIRECTION('',(0.,1.,0.));
#8845=DIRECTION('',(0.,1.,0.));
#8846=DIRECTION('center_axis',(0.855197831554017,0.,-0.518301716093346));
#8847=DIRECTION('ref_axis',(-0.518301716093346,0.,-0.855197831554017));
#8848=DIRECTION('',(0.855197831554017,0.,-0.518301716093346));
#8849=DIRECTION('',(0.855197831554017,0.,-0.518301716093346));
#8850=DIRECTION('',(0.855197831554017,0.,-0.518301716093346));
#8851=DIRECTION('',(0.855197831554017,0.,-0.518301716093346));
#8852=DIRECTION('center_axis',(0.518301716093346,0.,0.855197831554017));
#8853=DIRECTION('ref_axis',(0.,-1.,0.));
#8854=DIRECTION('',(0.,-1.,0.));
#8855=DIRECTION('',(0.855197831554017,0.,-0.518301716093346));
#8856=DIRECTION('',(0.,-1.,0.));
#8857=DIRECTION('',(0.855197831554017,0.,-0.518301716093346));
#8858=DIRECTION('',(0.855197831554017,0.,-0.518301716093346));
#8859=DIRECTION('',(0.855197831554017,0.,-0.518301716093346));
#8860=DIRECTION('',(0.855197831554017,0.,-0.518301716093346));
#8861=DIRECTION('center_axis',(-0.518301716093346,0.,-0.855197831554017));
#8862=DIRECTION('ref_axis',(0.,1.,0.));
#8863=DIRECTION('',(0.,1.,0.));
#8864=DIRECTION('',(0.855197831554017,0.,-0.518301716093346));
#8865=DIRECTION('',(0.,1.,0.));
#8866=DIRECTION('',(0.855197831554017,0.,-0.518301716093346));
#8867=DIRECTION('',(0.855197831554017,0.,-0.518301716093346));
#8868=DIRECTION('',(0.855197831554017,0.,-0.518301716093346));
#8869=DIRECTION('',(0.855197831554017,0.,-0.518301716093346));
#8870=DIRECTION('',(0.855197831554017,0.,-0.518301716093346));
#8871=DIRECTION('',(0.855197831554017,0.,-0.518301716093346));
#8872=DIRECTION('',(0.855197831554017,0.,-0.518301716093346));
#8873=DIRECTION('',(0.855197831554017,0.,-0.518301716093346));
#8874=DIRECTION('',(0.855197831554017,0.,-0.518301716093346));
#8875=DIRECTION('center_axis',(0.514384011010727,-0.122720554955107,0.848733618167695));
#8876=DIRECTION('ref_axis',(-0.0636062742331595,-0.992441265461846,-0.104950352484713));
#8877=DIRECTION('',(-0.0636062742331595,-0.992441265461846,-0.104950352484713));
#8878=DIRECTION('',(0.855197831554017,0.,-0.518301716093346));
#8879=DIRECTION('',(-0.0636062742331595,-0.992441265461846,-0.104950352484713));
#8880=DIRECTION('center_axis',(-0.855197831554018,0.,0.518301716093344));
#8881=DIRECTION('ref_axis',(0.,-1.,0.));
#8882=DIRECTION('',(0.855197831554017,0.,-0.518301716093346));
#8883=DIRECTION('',(0.855197831554017,0.,-0.518301716093346));
#8884=DIRECTION('',(0.855197831554017,0.,-0.518301716093346));
#8885=DIRECTION('',(0.855197831554017,0.,-0.518301716093346));
#8886=DIRECTION('',(0.855197831554017,0.,-0.518301716093346));
#8887=DIRECTION('',(0.855197831554017,0.,-0.518301716093346));
#8888=DIRECTION('',(0.855197831554017,0.,-0.518301716093346));
#8889=DIRECTION('',(0.855197831554017,0.,-0.518301716093346));
#8890=DIRECTION('center_axis',(3.59644056459364E-16,-1.,5.93412693157947E-16));
#8891=DIRECTION('ref_axis',(-0.518301716093344,-6.93889380050965E-16,-0.855197831554018));
#8892=DIRECTION('',(-0.518301716093344,-6.93889380050965E-16,-0.855197831554018));
#8893=DIRECTION('',(0.855197831554017,0.,-0.518301716093346));
#8894=DIRECTION('',(-0.518301716093344,-6.93889380050965E-16,-0.855197831554018));
#8895=DIRECTION('',(0.855197831554017,0.,-0.518301716093346));
#8896=DIRECTION('center_axis',(0.518301716093346,0.,0.855197831554017));
#8897=DIRECTION('ref_axis',(0.,-1.,0.));
#8898=DIRECTION('',(0.,-1.,0.));
#8899=DIRECTION('',(0.855197831554017,0.,-0.518301716093346));
#8900=DIRECTION('',(0.,-1.,0.));
#8901=DIRECTION('center_axis',(-4.00941572585375E-16,1.,-6.61553594765865E-16));
#8902=DIRECTION('ref_axis',(0.518301716093344,7.73567904824697E-16,0.855197831554018));
#8903=DIRECTION('',(0.518301716093344,7.73567904824697E-16,0.855197831554018));
#8904=DIRECTION('',(0.855197831554017,0.,-0.518301716093346));
#8905=DIRECTION('',(0.518301716093344,7.73567904824697E-16,0.855197831554018));
#8906=DIRECTION('',(0.855197831554017,0.,-0.518301716093346));
#8907=DIRECTION('',(0.855197831554017,0.,-0.518301716093346));
#8908=DIRECTION('',(0.855197831554017,0.,-0.518301716093346));
#8909=DIRECTION('',(0.855197831554017,0.,-0.518301716093346));
#8910=DIRECTION('',(0.855197831554017,0.,-0.518301716093346));
#8911=DIRECTION('',(0.855197831554017,0.,-0.518301716093346));
#8912=DIRECTION('',(0.855197831554017,0.,-0.518301716093346));
#8913=DIRECTION('',(0.855197831554017,0.,-0.518301716093346));
#8914=DIRECTION('',(0.855197831554017,0.,-0.518301716093346));
#8915=DIRECTION('center_axis',(0.,1.,0.));
#8916=DIRECTION('ref_axis',(0.518301716093344,0.,0.855197831554018));
#8917=DIRECTION('',(0.518301716093344,0.,0.855197831554018));
#8918=DIRECTION('',(0.855197831554017,0.,-0.518301716093346));
#8919=DIRECTION('',(0.518301716093344,0.,0.855197831554018));
#8920=DIRECTION('center_axis',(-0.518301716093346,0.,-0.855197831554017));
#8921=DIRECTION('ref_axis',(0.,1.,0.));
#8922=DIRECTION('',(0.,1.,0.));
#8923=DIRECTION('',(0.,1.,0.));
#8924=DIRECTION('center_axis',(-0.855197831554018,0.,0.518301716093344));
#8925=DIRECTION('ref_axis',(0.,-1.,0.));
#8926=DIRECTION('center_axis',(3.59644056459364E-16,-1.,5.93412693157947E-16));
#8927=DIRECTION('ref_axis',(-0.518301716093344,-6.93889380050965E-16,-0.855197831554018));
#8928=DIRECTION('',(-0.518301716093344,-6.93889380050965E-16,-0.855197831554018));
#8929=DIRECTION('',(0.855197831554017,0.,-0.518301716093346));
#8930=DIRECTION('',(-0.518301716093344,-6.93889380050965E-16,-0.855197831554018));
#8931=DIRECTION('',(0.855197831554017,0.,-0.518301716093346));
#8932=DIRECTION('center_axis',(0.518301716093346,0.,0.855197831554017));
#8933=DIRECTION('ref_axis',(0.,-1.,0.));
#8934=DIRECTION('',(0.,-1.,0.));
#8935=DIRECTION('',(0.855197831554017,0.,-0.518301716093346));
#8936=DIRECTION('',(0.,-1.,0.));
#8937=DIRECTION('center_axis',(-3.59644056459364E-16,1.,-5.93412693157947E-16));
#8938=DIRECTION('ref_axis',(0.518301716093344,6.93889380050965E-16,0.855197831554018));
#8939=DIRECTION('',(0.518301716093344,6.93889380050965E-16,0.855197831554018));
#8940=DIRECTION('',(0.855197831554017,0.,-0.518301716093346));
#8941=DIRECTION('',(0.518301716093344,6.93889380050965E-16,0.855197831554018));
#8942=DIRECTION('center_axis',(-0.518301716093346,0.,-0.855197831554017));
#8943=DIRECTION('ref_axis',(0.,1.,0.));
#8944=DIRECTION('',(0.,1.,0.));
#8945=DIRECTION('',(0.,1.,0.));
#8946=DIRECTION('center_axis',(0.855197831554017,0.,-0.518301716093346));
#8947=DIRECTION('ref_axis',(-0.518301716093346,0.,-0.855197831554017));
#8948=DIRECTION('',(0.855197831554017,0.,-0.518301716093346));
#8949=DIRECTION('',(0.855197831554017,0.,-0.518301716093346));
#8950=DIRECTION('',(0.855197831554017,0.,-0.518301716093346));
#8951=DIRECTION('',(0.855197831554017,0.,-0.518301716093346));
#8952=DIRECTION('',(0.855197831554017,0.,-0.518301716093346));
#8953=DIRECTION('',(0.855197831554017,0.,-0.518301716093346));
#8954=DIRECTION('',(0.855197831554017,0.,-0.518301716093346));
#8955=DIRECTION('',(0.855197831554017,0.,-0.518301716093346));
#8956=DIRECTION('',(0.855197831554017,0.,-0.518301716093346));
#8957=DIRECTION('',(0.855197831554017,0.,-0.518301716093346));
#8958=DIRECTION('center_axis',(-0.504489109753809,-0.229323511061228,-0.83240703109378));
#8959=DIRECTION('ref_axis',(-0.118858769323586,0.973350259297521,-0.196116969383916));
#8960=DIRECTION('',(-0.118858769323586,0.973350259297521,-0.196116969383916));
#8961=DIRECTION('',(0.855197831554017,0.,-0.518301716093346));
#8962=DIRECTION('',(-0.118858769323586,0.973350259297521,-0.196116969383916));
#8963=DIRECTION('',(0.855197831554017,0.,-0.518301716093346));
#8964=DIRECTION('',(0.855197831554017,0.,-0.518301716093346));
#8965=DIRECTION('',(0.855197831554017,0.,-0.518301716093346));
#8966=DIRECTION('',(0.855197831554017,0.,-0.518301716093346));
#8967=DIRECTION('',(0.855197831554017,0.,-0.518301716093346));
#8968=DIRECTION('',(0.855197831554017,0.,-0.518301716093346));
#8969=DIRECTION('',(0.855197831554017,0.,-0.518301716093346));
#8970=DIRECTION('',(0.855197831554017,0.,-0.518301716093346));
#8971=DIRECTION('',(0.855197831554017,0.,-0.518301716093346));
#8972=DIRECTION('',(0.855197831554017,0.,-0.518301716093346));
#8973=DIRECTION('center_axis',(0.502520298190357,-0.244886800435637,0.829158492014085));
#8974=DIRECTION('ref_axis',(-0.126925248914399,-0.969551677308846,-0.209426660708759));
#8975=DIRECTION('',(-0.126925248914399,-0.969551677308846,-0.209426660708758));
#8976=DIRECTION('',(0.855197831554017,0.,-0.518301716093346));
#8977=DIRECTION('',(-0.126925248914399,-0.969551677308846,-0.209426660708759));
#8978=DIRECTION('center_axis',(-0.855197831554018,0.,0.518301716093344));
#8979=DIRECTION('ref_axis',(0.,-1.,0.));
#8980=DIRECTION('center_axis',(-0.855197831554018,0.,0.518301716093344));
#8981=DIRECTION('ref_axis',(-0.518301716093344,0.,-0.855197831554018));
#8982=DIRECTION('center_axis',(-0.855197831554018,0.,0.518301716093344));
#8983=DIRECTION('ref_axis',(-0.518301716093344,0.,-0.855197831554018));
#8984=DIRECTION('center_axis',(-0.855197831554018,0.,0.518301716093344));
#8985=DIRECTION('ref_axis',(-0.518301716093344,0.,-0.855197831554018));
#8986=DIRECTION('center_axis',(-0.855197831554018,0.,0.518301716093344));
#8987=DIRECTION('ref_axis',(-0.518301716093344,0.,-0.855197831554018));
#8988=DIRECTION('center_axis',(-0.855197831554018,0.,0.518301716093344));
#8989=DIRECTION('ref_axis',(-0.518301716093344,0.,-0.855197831554018));
#8990=DIRECTION('center_axis',(0.,-1.,0.));
#8991=DIRECTION('ref_axis',(0.963119367356408,0.,-0.269074495675441));
#8992=DIRECTION('center_axis',(0.,1.,0.));
#8993=DIRECTION('ref_axis',(0.963119367356408,0.,-0.269074495675441));
#8994=DIRECTION('',(0.,-1.,0.));
#8995=DIRECTION('center_axis',(0.,-1.,0.));
#8996=DIRECTION('ref_axis',(0.963119367356408,0.,-0.269074495675441));
#8997=DIRECTION('',(0.,1.,0.));
#8998=DIRECTION('center_axis',(-0.855197831554018,0.,0.518301716093344));
#8999=DIRECTION('ref_axis',(-0.518301716093344,0.,-0.855197831554018));
#9000=DIRECTION('',(-0.518301716093344,0.,-0.855197831554018));
#9001=DIRECTION('',(0.,-1.,0.));
#9002=DIRECTION('',(-0.518301716093344,0.,-0.855197831554018));
#9003=DIRECTION('center_axis',(1.25516614391498E-16,0.,-1.));
#9004=DIRECTION('ref_axis',(1.,0.,1.25516614391498E-16));
#9005=DIRECTION('',(0.,-1.,0.));
#9006=DIRECTION('',(1.,0.,1.25516614391498E-16));
#9007=DIRECTION('',(0.,1.,0.));
#9008=DIRECTION('',(1.,0.,1.25516614391498E-16));
#9009=DIRECTION('center_axis',(0.,0.,1.));
#9010=DIRECTION('ref_axis',(-1.,0.,0.));
#9011=DIRECTION('',(0.,1.,0.));
#9012=DIRECTION('',(-1.,0.,0.));
#9013=DIRECTION('',(0.,-1.,0.));
#9014=DIRECTION('',(-1.,0.,0.));
#9015=DIRECTION('center_axis',(-0.855197831554018,0.,0.518301716093344));
#9016=DIRECTION('ref_axis',(-0.518301716093344,0.,-0.855197831554018));
#9017=DIRECTION('',(-0.518301716093344,0.,-0.855197831554018));
#9018=DIRECTION('',(0.,-1.,0.));
#9019=DIRECTION('',(0.518301716093344,0.,0.855197831554018));
#9020=DIRECTION('center_axis',(0.,-1.,0.));
#9021=DIRECTION('ref_axis',(-1.,0.,0.));
#9022=DIRECTION('',(6.89847316271942E-15,0.,1.));
#9023=DIRECTION('center_axis',(0.,-1.,0.));
#9024=DIRECTION('ref_axis',(-0.855197831554017,0.,0.518301716093346));
#9025=DIRECTION('',(-0.518301716093344,0.,-0.855197831554018));
#9026=DIRECTION('center_axis',(0.,-1.,0.));
#9027=DIRECTION('ref_axis',(-0.855197831554017,0.,0.518301716093346));
#9028=DIRECTION('',(6.81833938355634E-15,0.,1.));
#9029=DIRECTION('',(6.81833938355634E-15,0.,1.));
#9030=DIRECTION('',(1.,0.,0.));
#9031=DIRECTION('',(-1.,0.,2.25460643362556E-16));
#9032=DIRECTION('',(6.81833938355634E-15,0.,1.));
#9033=DIRECTION('',(1.,0.,0.));
#9034=DIRECTION('',(-0.518301716093344,0.,-0.855197831554018));
#9035=DIRECTION('',(-1.,0.,0.));
#9036=DIRECTION('',(6.81833938355634E-15,0.,1.));
#9037=DIRECTION('',(-0.518301716093344,0.,-0.855197831554018));
#9038=DIRECTION('center_axis',(1.,0.,-6.81833938355634E-15));
#9039=DIRECTION('ref_axis',(6.81833938355634E-15,0.,1.));
#9040=DIRECTION('',(-6.81833938355634E-15,0.,-1.));
#9041=DIRECTION('',(0.,1.,0.));
#9042=DIRECTION('center_axis',(0.,0.,-1.));
#9043=DIRECTION('ref_axis',(1.,0.,0.));
#9044=DIRECTION('',(1.,0.,0.));
#9045=DIRECTION('center_axis',(2.25460643362556E-16,0.,1.));
#9046=DIRECTION('ref_axis',(-1.,0.,2.25460643362556E-16));
#9047=DIRECTION('',(0.,1.,0.));
#9048=DIRECTION('',(-1.,0.,2.25460643362556E-16));
#9049=DIRECTION('',(0.,-1.,0.));
#9050=DIRECTION('center_axis',(-0.855197831554018,0.,0.518301716093344));
#9051=DIRECTION('ref_axis',(-0.518301716093344,0.,-0.855197831554018));
#9052=DIRECTION('',(0.518301716093344,0.,0.855197831554018));
#9053=DIRECTION('',(0.,-1.,0.));
#9054=DIRECTION('center_axis',(-0.855197831554018,0.,0.518301716093344));
#9055=DIRECTION('ref_axis',(-0.518301716093344,0.,-0.855197831554018));
#9056=DIRECTION('',(0.,-1.,0.));
#9057=DIRECTION('',(0.518301716093344,0.,0.855197831554018));
#9058=DIRECTION('center_axis',(0.,-1.,0.));
#9059=DIRECTION('ref_axis',(-1.,0.,0.));
#9060=DIRECTION('center_axis',(0.,-1.,0.));
#9061=DIRECTION('ref_axis',(-0.855197831554017,0.,0.518301716093346));
#9062=DIRECTION('',(-6.89847316271942E-15,0.,-1.));
#9063=DIRECTION('',(1.,0.,0.));
#9064=DIRECTION('',(-6.81833938355634E-15,0.,-1.));
#9065=DIRECTION('',(0.518301716093344,0.,0.855197831554018));
#9066=DIRECTION('',(-6.81833938355634E-15,0.,-1.));
#9067=DIRECTION('',(-1.,0.,0.));
#9068=DIRECTION('',(-6.81833938355634E-15,0.,-1.));
#9069=DIRECTION('center_axis',(0.,1.,0.));
#9070=DIRECTION('ref_axis',(-0.855197831554017,0.,0.518301716093346));
#9071=DIRECTION('center_axis',(1.,0.,-6.81833938355634E-15));
#9072=DIRECTION('ref_axis',(6.81833938355634E-15,0.,1.));
#9073=DIRECTION('',(0.,1.,0.));
#9074=DIRECTION('center_axis',(1.,0.,-6.81833938355634E-15));
#9075=DIRECTION('ref_axis',(6.81833938355634E-15,0.,1.));
#9076=DIRECTION('center_axis',(0.,0.,-1.));
#9077=DIRECTION('ref_axis',(1.,0.,0.));
#9078=DIRECTION('center_axis',(0.,0.,1.));
#9079=DIRECTION('ref_axis',(-1.,0.,0.));
#9080=DIRECTION('',(0.,1.,0.));
#9081=DIRECTION('',(0.,-1.,0.));
#9082=DIRECTION('center_axis',(-0.855197831554018,0.,0.518301716093344));
#9083=DIRECTION('ref_axis',(-0.518301716093344,0.,-0.855197831554018));
#9084=DIRECTION('',(0.,1.,0.));
#9085=DIRECTION('center_axis',(1.,0.,-6.81833938355634E-15));
#9086=DIRECTION('ref_axis',(6.81833938355634E-15,0.,1.));
#9087=DIRECTION('',(0.,-1.,0.));
#9088=DIRECTION('center_axis',(0.,-1.,0.));
#9089=DIRECTION('ref_axis',(-0.855197831554017,0.,0.518301716093346));
#9090=DIRECTION('',(0.,1.,0.));
#9091=DIRECTION('',(0.,-1.,0.));
#9092=DIRECTION('center_axis',(0.,-1.,0.));
#9093=DIRECTION('ref_axis',(-0.855197831554017,0.,0.518301716093346));
#9094=DIRECTION('center_axis',(0.707106781186549,0.,0.707106781186546));
#9095=DIRECTION('ref_axis',(0.707106781186546,0.,-0.707106781186549));
#9096=DIRECTION('',(0.,1.,0.));
#9097=DIRECTION('',(-0.678598344545845,-0.281084637714821,0.678598344545849));
#9098=DIRECTION('',(0.,-1.,0.));
#9099=DIRECTION('',(-0.678598344545843,0.281084637714832,0.678598344545846));
#9100=DIRECTION('center_axis',(0.707106781186548,-0.5,0.499999999999999));
#9101=DIRECTION('ref_axis',(0.577350269189624,0.,-0.816496580927727));
#9102=DIRECTION('',(0.,0.707106781186546,0.707106781186549));
#9103=DIRECTION('',(-0.678598344545846,-0.678598344545846,0.281084637714824));
#9104=DIRECTION('',(0.,-0.707106781186546,-0.707106781186549));
#9105=DIRECTION('center_axis',(0.707106781186548,-0.707106781186548,0.));
#9106=DIRECTION('ref_axis',(0.,0.,-1.));
#9107=DIRECTION('',(0.,0.,1.));
#9108=DIRECTION('',(-0.678598344545846,-0.678598344545846,-0.281084637714827));
#9109=DIRECTION('',(0.,0.,-1.));
#9110=DIRECTION('center_axis',(0.707106781186549,-0.5,-0.499999999999998));
#9111=DIRECTION('ref_axis',(-0.577350269189624,0.,-0.816496580927727));
#9112=DIRECTION('',(0.,-0.707106781186546,0.707106781186549));
#9113=DIRECTION('',(-0.678598344545844,-0.281084637714832,-0.678598344545845));
#9114=DIRECTION('',(0.,0.707106781186546,-0.707106781186549));
#9115=DIRECTION('center_axis',(0.707106781186548,0.,-0.707106781186547));
#9116=DIRECTION('ref_axis',(-0.707106781186547,0.,-0.707106781186548));
#9117=DIRECTION('',(0.,-1.,0.));
#9118=DIRECTION('',(-0.678598344545845,0.281084637714833,-0.678598344545844));
#9119=DIRECTION('',(0.,1.,0.));
#9120=DIRECTION('center_axis',(0.70710678118655,0.499999999999999,-0.499999999999998));
#9121=DIRECTION('ref_axis',(-0.577350269189623,0.,-0.816496580927728));
#9122=DIRECTION('',(0.,0.707106781186546,0.707106781186549));
#9123=DIRECTION('',(0.,-0.707106781186546,-0.707106781186549));
#9124=DIRECTION('',(-0.678598344545845,0.678598344545845,-0.281084637714831));
#9125=DIRECTION('center_axis',(0.707106781186548,0.707106781186548,0.));
#9126=DIRECTION('ref_axis',(0.,0.,-1.));
#9127=DIRECTION('',(0.,0.,1.));
#9128=DIRECTION('',(0.,0.,-1.));
#9129=DIRECTION('',(-0.678598344545845,0.678598344545845,0.281084637714831));
#9130=DIRECTION('center_axis',(0.707106781186549,0.5,0.499999999999998));
#9131=DIRECTION('ref_axis',(0.577350269189623,0.,-0.816496580927728));
#9132=DIRECTION('',(0.,-0.707106781186546,0.707106781186549));
#9133=DIRECTION('',(0.,0.707106781186546,-0.707106781186549));
#9134=DIRECTION('center_axis',(0.,0.707106781186549,-0.707106781186546));
#9135=DIRECTION('ref_axis',(-1.,0.,0.));
#9136=DIRECTION('',(-1.,0.,0.));
#9137=DIRECTION('',(0.577350269189625,0.577350269189625,0.577350269189627));
#9138=DIRECTION('',(1.,0.,0.));
#9139=DIRECTION('center_axis',(0.,-1.,0.));
#9140=DIRECTION('ref_axis',(0.,0.,1.));
#9141=DIRECTION('',(1.,0.,0.));
#9142=DIRECTION('',(0.,0.,-1.));
#9143=DIRECTION('center_axis',(0.,0.707106781186549,0.707106781186546));
#9144=DIRECTION('ref_axis',(1.,0.,0.));
#9145=DIRECTION('',(-1.,0.,0.));
#9146=DIRECTION('',(-0.577350269189625,-0.577350269189625,0.577350269189627));
#9147=DIRECTION('center_axis',(0.,0.,-1.));
#9148=DIRECTION('ref_axis',(0.,-1.,0.));
#9149=DIRECTION('',(1.,0.,0.));
#9150=DIRECTION('',(0.,1.,0.));
#9151=DIRECTION('',(0.707106781186548,0.707106781186548,0.));
#9152=DIRECTION('center_axis',(1.,0.,0.));
#9153=DIRECTION('ref_axis',(0.,0.,1.));
#9154=DIRECTION('',(0.,-1.,0.));
#9155=DIRECTION('',(0.,0.,-1.));
#9156=DIRECTION('',(0.,-1.,0.));
#9157=DIRECTION('',(0.,0.,1.));
#9158=DIRECTION('center_axis',(0.,-0.707106781186549,-0.707106781186546));
#9159=DIRECTION('ref_axis',(-1.,0.,0.));
#9160=DIRECTION('',(-1.,0.,0.));
#9161=DIRECTION('',(0.,0.707106781186546,-0.707106781186549));
#9162=DIRECTION('',(1.,0.,0.));
#9163=DIRECTION('center_axis',(0.,0.,1.));
#9164=DIRECTION('ref_axis',(0.,1.,0.));
#9165=DIRECTION('',(-0.707106781186548,-0.707106781186548,0.));
#9166=DIRECTION('',(0.,-1.,0.));
#9167=DIRECTION('center_axis',(0.,-0.707106781186549,0.707106781186546));
#9168=DIRECTION('ref_axis',(1.,0.,0.));
#9169=DIRECTION('',(-1.,0.,0.));
#9170=DIRECTION('',(0.,-0.707106781186546,-0.707106781186549));
#9171=DIRECTION('center_axis',(0.,1.,0.));
#9172=DIRECTION('ref_axis',(0.,0.,-1.));
#9173=DIRECTION('',(0.,0.,1.));
#9174=DIRECTION('center_axis',(-0.707106781186548,0.707106781186548,0.));
#9175=DIRECTION('ref_axis',(0.,0.,1.));
#9176=DIRECTION('',(0.,0.,-1.));
#9177=DIRECTION('',(-0.707106781186548,-0.707106781186548,0.));
#9178=DIRECTION('',(0.,0.,1.));
#9179=DIRECTION('',(0.707106781186548,0.707106781186548,0.));
#9180=DIRECTION('',(0.,0.,-1.));
#9181=DIRECTION('center_axis',(0.,-1.,0.));
#9182=DIRECTION('ref_axis',(-0.707106781186547,0.,-0.707106781186547));
#9183=DIRECTION('',(0.,1.,0.));
#9184=DIRECTION('center_axis',(0.,-1.,0.));
#9185=DIRECTION('ref_axis',(-1.,0.,0.));
#9186=DIRECTION('',(0.,-1.,0.));
#9187=DIRECTION('center_axis',(-0.707106781186548,0.707106781186548,0.));
#9188=DIRECTION('ref_axis',(0.707106781186547,0.707106781186547,0.));
#9189=DIRECTION('center_axis',(-1.,0.,0.));
#9190=DIRECTION('ref_axis',(0.,-0.707106781186547,-0.707106781186547));
#9191=DIRECTION('',(-1.,0.,0.));
#9192=DIRECTION('center_axis',(1.,0.,0.));
#9193=DIRECTION('ref_axis',(0.,-1.,0.));
#9194=DIRECTION('',(1.,0.,0.));
#9195=DIRECTION('center_axis',(-0.923879532511284,-0.382683432365096,1.3595646648138E-15));
#9196=DIRECTION('ref_axis',(0.382683432365096,-0.923879532511284,3.28227945271665E-15));
#9197=DIRECTION('center_axis',(0.707106781186548,0.707106781186548,0.));
#9198=DIRECTION('ref_axis',(0.500000000000001,-0.500000000000001,-0.707106781186546));
#9199=DIRECTION('',(0.707106781186548,0.707106781186548,0.));
#9200=DIRECTION('center_axis',(-0.382683432365093,-0.923879532511285,0.));
#9201=DIRECTION('ref_axis',(-0.923879532511285,0.382683432365093,0.));
#9202=DIRECTION('',(-0.707106781186548,-0.707106781186548,0.));
#9203=DIRECTION('center_axis',(0.,-1.,0.));
#9204=DIRECTION('ref_axis',(0.707106781186545,0.,-0.70710678118655));
#9205=DIRECTION('',(0.,1.,0.));
#9206=DIRECTION('center_axis',(0.382683432365096,-0.923879532511284,1.92271478790285E-15));
#9207=DIRECTION('ref_axis',(0.923879532511284,0.382683432365096,4.64184411753028E-15));
#9208=DIRECTION('',(0.,-1.,0.));
#9209=DIRECTION('center_axis',(-0.707106781186559,0.707106781186536,0.));
#9210=DIRECTION('ref_axis',(0.499999999999988,0.500000000000008,-0.70710678118655));
#9211=DIRECTION('',(0.707106781186559,-0.707106781186536,0.));
#9212=DIRECTION('',(-0.707106781186559,0.707106781186536,0.));
#9213=DIRECTION('center_axis',(0.923879532511289,-0.382683432365085,0.));
#9214=DIRECTION('ref_axis',(-0.382683432365085,-0.923879532511289,0.));
#9215=DIRECTION('center_axis',(1.,0.,0.));
#9216=DIRECTION('ref_axis',(0.,0.707106781186547,-0.707106781186547));
#9217=DIRECTION('',(1.,0.,0.));
#9218=DIRECTION('',(-1.,0.,0.));
#9219=DIRECTION('center_axis',(0.923879532511284,0.382683432365096,0.));
#9220=DIRECTION('ref_axis',(-0.382683432365096,0.923879532511284,0.));
#9221=DIRECTION('center_axis',(0.,0.,-1.));
#9222=DIRECTION('ref_axis',(-1.,0.,0.));
#9223=DIRECTION('center_axis',(0.,1.,0.));
#9224=DIRECTION('ref_axis',(1.,0.,0.));
#9225=DIRECTION('center_axis',(0.,0.,-1.));
#9226=DIRECTION('ref_axis',(-0.707106781186547,0.707106781186548,0.));
#9227=DIRECTION('center_axis',(0.,0.,1.));
#9228=DIRECTION('ref_axis',(-0.707106781186547,0.707106781186548,0.));
#9229=DIRECTION('center_axis',(0.,-1.,0.));
#9230=DIRECTION('ref_axis',(0.707106781186547,0.,-0.707106781186547));
#9231=DIRECTION('',(0.,1.,0.));
#9232=DIRECTION('center_axis',(0.707106781186548,0.707106781186548,0.));
#9233=DIRECTION('ref_axis',(-0.707106781186547,0.707106781186547,0.));
#9234=DIRECTION('center_axis',(-0.707106781186536,-0.707106781186559,0.));
#9235=DIRECTION('ref_axis',(-0.50000000000001,0.499999999999995,-0.707106781186545));
#9236=DIRECTION('',(0.707106781186536,0.707106781186559,0.));
#9237=DIRECTION('',(-0.707106781186536,-0.707106781186559,0.));
#9238=DIRECTION('center_axis',(0.382683432365082,0.92387953251129,0.));
#9239=DIRECTION('ref_axis',(0.92387953251129,-0.382683432365082,0.));
#9240=DIRECTION('center_axis',(1.,0.,0.));
#9241=DIRECTION('ref_axis',(0.,-0.707106781186547,-0.707106781186547));
#9242=DIRECTION('',(1.,0.,0.));
#9243=DIRECTION('',(-1.,0.,0.));
#9244=DIRECTION('center_axis',(0.,1.,0.));
#9245=DIRECTION('ref_axis',(-0.70710678118655,0.,-0.707106781186545));
#9246=DIRECTION('',(0.,1.,0.));
#9247=DIRECTION('',(0.,1.,0.));
#9248=DIRECTION('',(0.,-1.,0.));
#9249=DIRECTION('center_axis',(-0.382683432365079,0.923879532511291,0.));
#9250=DIRECTION('ref_axis',(-0.923879532511291,-0.382683432365079,0.));
#9251=DIRECTION('center_axis',(0.,0.,-1.));
#9252=DIRECTION('ref_axis',(-1.,0.,0.));
#9253=DIRECTION('center_axis',(1.,0.,0.));
#9254=DIRECTION('ref_axis',(0.,-1.,0.));
#9255=DIRECTION('center_axis',(0.,0.,-1.));
#9256=DIRECTION('ref_axis',(0.707106781186547,0.707106781186548,0.));
#9257=DIRECTION('center_axis',(0.,0.,1.));
#9258=DIRECTION('ref_axis',(0.707106781186547,0.707106781186548,0.));
#9259=DIRECTION('center_axis',(-1.,0.,0.));
#9260=DIRECTION('ref_axis',(0.,-0.707106781186547,-0.707106781186547));
#9261=DIRECTION('',(1.,0.,0.));
#9262=DIRECTION('',(-1.,0.,0.));
#9263=DIRECTION('center_axis',(-0.923879532511284,0.382683432365096,0.));
#9264=DIRECTION('ref_axis',(0.382683432365096,0.923879532511284,0.));
#9265=DIRECTION('center_axis',(0.707106781186536,-0.707106781186559,0.));
#9266=DIRECTION('ref_axis',(-0.50000000000001,-0.499999999999995,-0.707106781186545));
#9267=DIRECTION('',(-0.707106781186536,0.707106781186559,0.));
#9268=DIRECTION('',(0.707106781186536,-0.707106781186559,0.));
#9269=DIRECTION('center_axis',(0.,0.,1.));
#9270=DIRECTION('ref_axis',(0.707106781186547,0.707106781186547,0.));
#9271=DIRECTION('',(0.,0.,1.));
#9272=DIRECTION('center_axis',(0.,0.,1.));
#9273=DIRECTION('ref_axis',(0.707106781186547,0.707106781186547,0.));
#9274=DIRECTION('',(0.,0.,-1.));
#9275=DIRECTION('center_axis',(-1.,0.,0.));
#9276=DIRECTION('ref_axis',(0.,0.,-1.));
#9277=DIRECTION('',(0.,0.,-1.));
#9278=DIRECTION('',(0.,-1.,0.));
#9279=DIRECTION('center_axis',(1.,0.,0.));
#9280=DIRECTION('ref_axis',(0.,-1.,0.));
#9281=DIRECTION('center_axis',(0.,-1.,0.));
#9282=DIRECTION('ref_axis',(0.,0.,-1.));
#9283=DIRECTION('',(-1.,0.,0.));
#9284=DIRECTION('',(0.,0.,1.));
#9285=DIRECTION('center_axis',(0.,1.,0.));
#9286=DIRECTION('ref_axis',(1.,0.,0.));
#9287=DIRECTION('',(0.,0.,-1.));
#9288=DIRECTION('center_axis',(0.,1.,0.));
#9289=DIRECTION('ref_axis',(-1.,0.,0.));
#9290=DIRECTION('',(0.,0.,-1.));
#9291=DIRECTION('center_axis',(0.,1.,0.));
#9292=DIRECTION('ref_axis',(-1.,0.,0.));
#9293=DIRECTION('',(0.,0.,1.));
#9294=DIRECTION('center_axis',(0.,1.,0.));
#9295=DIRECTION('ref_axis',(1.,0.,0.));
#9296=DIRECTION('',(0.,0.,-1.));
#9297=DIRECTION('center_axis',(0.,1.,0.));
#9298=DIRECTION('ref_axis',(-1.,0.,0.));
#9299=DIRECTION('',(0.,0.,1.));
#9300=DIRECTION('center_axis',(0.,1.,0.));
#9301=DIRECTION('ref_axis',(1.,0.,0.));
#9302=DIRECTION('',(0.,0.,1.));
#9303=DIRECTION('center_axis',(0.,1.,0.));
#9304=DIRECTION('ref_axis',(1.,0.,0.));
#9305=DIRECTION('',(0.,0.,-1.));
#9306=DIRECTION('center_axis',(0.,1.,0.));
#9307=DIRECTION('ref_axis',(-1.,0.,0.));
#9308=DIRECTION('',(0.,0.,1.));
#9309=DIRECTION('center_axis',(0.,1.,0.));
#9310=DIRECTION('ref_axis',(1.,0.,0.));
#9311=DIRECTION('',(0.,0.,-1.));
#9312=DIRECTION('center_axis',(0.,1.,0.));
#9313=DIRECTION('ref_axis',(-1.,0.,0.));
#9314=DIRECTION('',(0.,0.,1.));
#9315=DIRECTION('center_axis',(0.,1.,0.));
#9316=DIRECTION('ref_axis',(1.,0.,0.));
#9317=DIRECTION('',(0.,0.,-1.));
#9318=DIRECTION('center_axis',(0.,1.,0.));
#9319=DIRECTION('ref_axis',(-1.,0.,0.));
#9320=DIRECTION('',(0.,0.,1.));
#9321=DIRECTION('center_axis',(0.,1.,0.));
#9322=DIRECTION('ref_axis',(1.,0.,0.));
#9323=DIRECTION('',(0.,0.,-1.));
#9324=DIRECTION('center_axis',(0.,1.,0.));
#9325=DIRECTION('ref_axis',(-1.,0.,0.));
#9326=DIRECTION('',(0.,0.,1.));
#9327=DIRECTION('center_axis',(0.,1.,0.));
#9328=DIRECTION('ref_axis',(1.,0.,0.));
#9329=DIRECTION('',(0.,0.,-1.));
#9330=DIRECTION('center_axis',(0.,1.,0.));
#9331=DIRECTION('ref_axis',(-1.,0.,0.));
#9332=DIRECTION('',(0.,0.,1.));
#9333=DIRECTION('center_axis',(0.,1.,0.));
#9334=DIRECTION('ref_axis',(1.,0.,0.));
#9335=DIRECTION('',(0.,0.,-1.));
#9336=DIRECTION('center_axis',(0.,1.,0.));
#9337=DIRECTION('ref_axis',(-1.,0.,0.));
#9338=DIRECTION('center_axis',(0.,0.,-1.));
#9339=DIRECTION('ref_axis',(-0.707106781186547,0.707106781186547,0.));
#9340=DIRECTION('',(0.,0.,1.));
#9341=DIRECTION('center_axis',(0.,0.,1.));
#9342=DIRECTION('ref_axis',(-0.707106781186547,0.707106781186547,0.));
#9343=DIRECTION('center_axis',(0.,-1.,0.));
#9344=DIRECTION('ref_axis',(1.,0.,-6.73072708679001E-15));
#9345=DIRECTION('',(1.,0.,0.));
#9346=DIRECTION('',(0.,0.,1.));
#9347=DIRECTION('',(1.,0.,0.));
#9348=DIRECTION('center_axis',(0.,-1.,0.));
#9349=DIRECTION('ref_axis',(-1.,0.,0.));
#9350=DIRECTION('',(0.,0.,-1.));
#9351=DIRECTION('center_axis',(0.,-1.,0.));
#9352=DIRECTION('ref_axis',(0.,0.,1.));
#9353=DIRECTION('',(-1.,0.,0.));
#9354=DIRECTION('center_axis',(0.,-1.,0.));
#9355=DIRECTION('ref_axis',(1.,0.,0.));
#9356=DIRECTION('',(0.,0.,1.));
#9357=DIRECTION('center_axis',(0.,-1.,0.));
#9358=DIRECTION('ref_axis',(0.,0.,-1.));
#9359=DIRECTION('',(1.,0.,0.));
#9360=DIRECTION('',(0.,0.,-1.));
#9361=DIRECTION('',(1.,0.,0.));
#9362=DIRECTION('',(-6.89847316271942E-15,0.,-1.));
#9363=DIRECTION('',(1.,0.,-6.73072708679001E-15));
#9364=DIRECTION('',(6.89847316271942E-15,0.,1.));
#9365=DIRECTION('center_axis',(0.,0.,-1.));
#9366=DIRECTION('ref_axis',(-1.,0.,0.));
#9367=DIRECTION('center_axis',(-0.707106781186559,-0.707106781186536,4.87795715319239E-15));
#9368=DIRECTION('ref_axis',(6.89847316271942E-15,0.,1.));
#9369=DIRECTION('',(-0.707106781186536,0.707106781186559,4.75934276538511E-15));
#9370=DIRECTION('',(-6.89847316271942E-15,0.,-1.));
#9371=DIRECTION('center_axis',(-1.,0.,6.89847316271942E-15));
#9372=DIRECTION('ref_axis',(0.,-1.,0.));
#9373=DIRECTION('',(0.,-1.,0.));
#9374=DIRECTION('',(6.89847316271942E-15,0.,1.));
#9375=DIRECTION('center_axis',(-0.707106781186559,0.707106781186536,4.87795715319239E-15));
#9376=DIRECTION('ref_axis',(6.89847316271942E-15,0.,1.));
#9377=DIRECTION('',(0.707106781186536,0.707106781186559,-4.75934276538511E-15));
#9378=DIRECTION('',(-6.89847316271942E-15,0.,-1.));
#9379=DIRECTION('center_axis',(0.707106781186536,0.707106781186559,-4.87795715319223E-15));
#9380=DIRECTION('ref_axis',(-6.89847316271942E-15,0.,-1.));
#9381=DIRECTION('',(6.89847316271942E-15,0.,1.));
#9382=DIRECTION('',(0.707106781186559,-0.707106781186536,-4.75934276538527E-15));
#9383=DIRECTION('',(-6.89847316271942E-15,0.,-1.));
#9384=DIRECTION('center_axis',(1.,0.,-6.89847316271942E-15));
#9385=DIRECTION('ref_axis',(0.,1.,0.));
#9386=DIRECTION('',(0.,1.,0.));
#9387=DIRECTION('',(6.89847316271942E-15,0.,1.));
#9388=DIRECTION('center_axis',(-6.73072708679001E-15,0.,-1.));
#9389=DIRECTION('ref_axis',(-1.,0.,6.73072708679001E-15));
#9390=DIRECTION('',(-0.707106781186548,-0.707106781186548,4.75934276538519E-15));
#9391=DIRECTION('',(-1.,0.,6.73072708679001E-15));
#9392=DIRECTION('center_axis',(-6.73072708679001E-15,0.,-1.));
#9393=DIRECTION('ref_axis',(1.,0.,0.));
#9394=DIRECTION('',(0.,1.,0.));
#9395=DIRECTION('',(1.,0.,-6.73072708679001E-15));
#9396=DIRECTION('center_axis',(6.73072708679001E-15,0.,1.));
#9397=DIRECTION('ref_axis',(-1.,0.,6.89847316271942E-15));
#9398=DIRECTION('',(1.,0.,-6.73072708679001E-15));
#9399=DIRECTION('',(0.,-1.,0.));
#9400=DIRECTION('center_axis',(6.73072708679001E-15,0.,1.));
#9401=DIRECTION('ref_axis',(-1.,0.,6.89847316271942E-15));
#9402=DIRECTION('',(0.,1.,0.));
#9403=DIRECTION('center_axis',(6.73072708679001E-15,0.,1.));
#9404=DIRECTION('ref_axis',(-1.,0.,6.89847316271942E-15));
#9405=DIRECTION('',(-1.,0.,6.73072708679001E-15));
#9406=DIRECTION('',(0.,-1.,0.));
#9407=DIRECTION('',(-1.,0.,6.73072708679001E-15));
#9408=DIRECTION('center_axis',(6.73072708679001E-15,0.,1.));
#9409=DIRECTION('ref_axis',(-1.,0.,6.89847316271942E-15));
#9410=DIRECTION('center_axis',(0.707106781186548,-0.707106781186548,-4.87795715319231E-15));
#9411=DIRECTION('ref_axis',(-6.89847316271942E-15,0.,-1.));
#9412=DIRECTION('center_axis',(1.,0.,0.));
#9413=DIRECTION('ref_axis',(0.,-1.,0.));
#9414=DIRECTION('',(0.,0.,1.));
#9415=DIRECTION('center_axis',(1.,0.,0.));
#9416=DIRECTION('ref_axis',(0.,-1.,0.));
#9417=DIRECTION('center_axis',(1.,0.,0.));
#9418=DIRECTION('ref_axis',(0.,-1.,0.));
#9419=DIRECTION('',(1.,0.,0.));
#9420=DIRECTION('center_axis',(-1.,0.,0.));
#9421=DIRECTION('ref_axis',(0.,-1.,0.));
#9422=DIRECTION('center_axis',(-0.707106781186548,-0.707106781186548,0.));
#9423=DIRECTION('ref_axis',(0.707106781186548,-0.707106781186548,0.));
#9424=DIRECTION('center_axis',(-0.707106781186548,-0.707106781186548,0.));
#9425=DIRECTION('ref_axis',(0.707106781186548,-0.707106781186548,0.));
#9426=DIRECTION('center_axis',(-1.,0.,0.));
#9427=DIRECTION('ref_axis',(0.,-1.,0.));
#9428=DIRECTION('center_axis',(0.707106781186548,0.707106781186548,0.));
#9429=DIRECTION('ref_axis',(0.,0.,-1.));
#9430=DIRECTION('',(0.,0.,1.));
#9431=DIRECTION('',(0.707106781186548,-0.707106781186548,0.));
#9432=DIRECTION('',(0.,0.,-1.));
#9433=DIRECTION('',(-0.707106781186548,0.707106781186548,0.));
#9434=DIRECTION('',(0.,0.,1.));
#9435=DIRECTION('center_axis',(0.,0.,-1.));
#9436=DIRECTION('ref_axis',(1.,0.,0.));
#9437=DIRECTION('center_axis',(0.,0.,-1.));
#9438=DIRECTION('ref_axis',(1.,0.,0.));
#9439=DIRECTION('',(0.,0.,-1.));
#9440=DIRECTION('center_axis',(0.,0.,-1.));
#9441=DIRECTION('ref_axis',(1.,0.,0.));
#9442=DIRECTION('center_axis',(0.,0.,1.));
#9443=DIRECTION('ref_axis',(1.,0.,0.));
#9444=DIRECTION('center_axis',(0.,0.,-1.));
#9445=DIRECTION('ref_axis',(1.,0.,0.));
#9446=DIRECTION('center_axis',(0.,0.,-1.));
#9447=DIRECTION('ref_axis',(1.,0.,0.));
#9448=DIRECTION('',(0.,0.,-1.));
#9449=DIRECTION('center_axis',(0.,0.,-1.));
#9450=DIRECTION('ref_axis',(1.,0.,0.));
#9451=DIRECTION('center_axis',(0.,0.,1.));
#9452=DIRECTION('ref_axis',(1.,0.,0.));
#9453=DIRECTION('center_axis',(0.,0.,-1.));
#9454=DIRECTION('ref_axis',(1.,0.,0.));
#9455=DIRECTION('center_axis',(0.,0.,-1.));
#9456=DIRECTION('ref_axis',(1.,0.,0.));
#9457=DIRECTION('',(0.,0.,-1.));
#9458=DIRECTION('center_axis',(0.,0.,-1.));
#9459=DIRECTION('ref_axis',(1.,0.,0.));
#9460=DIRECTION('center_axis',(0.,0.,1.));
#9461=DIRECTION('ref_axis',(1.,0.,0.));
#9462=DIRECTION('center_axis',(0.,0.,-1.));
#9463=DIRECTION('ref_axis',(1.,0.,0.));
#9464=DIRECTION('center_axis',(0.,0.,-1.));
#9465=DIRECTION('ref_axis',(1.,0.,0.));
#9466=DIRECTION('',(0.,0.,-1.));
#9467=DIRECTION('center_axis',(0.,0.,-1.));
#9468=DIRECTION('ref_axis',(1.,0.,0.));
#9469=DIRECTION('center_axis',(0.,0.,1.));
#9470=DIRECTION('ref_axis',(1.,0.,0.));
#9471=DIRECTION('center_axis',(-1.,0.,0.));
#9472=DIRECTION('ref_axis',(0.,0.,1.));
#9473=DIRECTION('',(0.,0.,-1.));
#9474=DIRECTION('',(0.,1.,0.));
#9475=DIRECTION('',(0.,1.,0.));
#9476=DIRECTION('center_axis',(0.,1.,0.));
#9477=DIRECTION('ref_axis',(-1.,0.,0.));
#9478=DIRECTION('center_axis',(0.,-1.,0.));
#9479=DIRECTION('ref_axis',(-1.,0.,0.));
#9480=DIRECTION('',(0.,1.,0.));
#9481=DIRECTION('center_axis',(0.,-1.,0.));
#9482=DIRECTION('ref_axis',(-1.,0.,0.));
#9483=DIRECTION('',(0.,-1.,0.));
#9484=DIRECTION('center_axis',(0.,1.,0.));
#9485=DIRECTION('ref_axis',(-1.,0.,0.));
#9486=DIRECTION('',(0.,1.,0.));
#9487=DIRECTION('center_axis',(0.,-1.,0.));
#9488=DIRECTION('ref_axis',(1.,0.,0.));
#9489=DIRECTION('',(1.,0.,0.));
#9490=DIRECTION('center_axis',(1.,0.,0.));
#9491=DIRECTION('ref_axis',(0.,0.,-1.));
#9492=DIRECTION('',(0.,0.,1.));
#9493=DIRECTION('',(0.,1.,0.));
#9494=DIRECTION('center_axis',(0.,1.,0.));
#9495=DIRECTION('ref_axis',(1.,0.,0.));
#9496=DIRECTION('center_axis',(0.,-1.,0.));
#9497=DIRECTION('ref_axis',(1.,0.,0.));
#9498=DIRECTION('center_axis',(-1.,0.,0.));
#9499=DIRECTION('ref_axis',(0.,0.,1.));
#9500=DIRECTION('',(0.,0.,-1.));
#9501=DIRECTION('',(0.,1.,0.));
#9502=DIRECTION('',(0.,1.,0.));
#9503=DIRECTION('center_axis',(0.,1.,0.));
#9504=DIRECTION('ref_axis',(-1.,0.,0.));
#9505=DIRECTION('center_axis',(0.,-1.,0.));
#9506=DIRECTION('ref_axis',(-1.,0.,0.));
#9507=DIRECTION('',(0.,1.,0.));
#9508=DIRECTION('center_axis',(0.,-1.,0.));
#9509=DIRECTION('ref_axis',(-1.,0.,0.));
#9510=DIRECTION('',(0.,-1.,0.));
#9511=DIRECTION('center_axis',(0.,1.,0.));
#9512=DIRECTION('ref_axis',(-1.,0.,0.));
#9513=DIRECTION('',(0.,1.,0.));
#9514=DIRECTION('center_axis',(0.,-1.,0.));
#9515=DIRECTION('ref_axis',(1.,0.,0.));
#9516=DIRECTION('',(1.,0.,0.));
#9517=DIRECTION('center_axis',(1.,0.,0.));
#9518=DIRECTION('ref_axis',(0.,0.,-1.));
#9519=DIRECTION('',(0.,0.,1.));
#9520=DIRECTION('',(0.,1.,0.));
#9521=DIRECTION('center_axis',(0.,1.,0.));
#9522=DIRECTION('ref_axis',(1.,0.,0.));
#9523=DIRECTION('center_axis',(0.,-1.,0.));
#9524=DIRECTION('ref_axis',(1.,0.,0.));
#9525=DIRECTION('center_axis',(-1.,0.,0.));
#9526=DIRECTION('ref_axis',(0.,0.,1.));
#9527=DIRECTION('',(0.,0.,-1.));
#9528=DIRECTION('',(0.,1.,0.));
#9529=DIRECTION('',(0.,1.,0.));
#9530=DIRECTION('center_axis',(0.,1.,0.));
#9531=DIRECTION('ref_axis',(-1.,0.,0.));
#9532=DIRECTION('center_axis',(0.,-1.,0.));
#9533=DIRECTION('ref_axis',(-1.,0.,0.));
#9534=DIRECTION('',(0.,1.,0.));
#9535=DIRECTION('center_axis',(0.,-1.,0.));
#9536=DIRECTION('ref_axis',(-1.,0.,0.));
#9537=DIRECTION('',(0.,-1.,0.));
#9538=DIRECTION('center_axis',(0.,1.,0.));
#9539=DIRECTION('ref_axis',(-1.,0.,0.));
#9540=DIRECTION('',(0.,1.,0.));
#9541=DIRECTION('center_axis',(0.,-1.,0.));
#9542=DIRECTION('ref_axis',(1.,0.,0.));
#9543=DIRECTION('',(1.,0.,0.));
#9544=DIRECTION('center_axis',(1.,0.,0.));
#9545=DIRECTION('ref_axis',(0.,0.,-1.));
#9546=DIRECTION('',(0.,0.,1.));
#9547=DIRECTION('',(0.,1.,0.));
#9548=DIRECTION('center_axis',(0.,1.,0.));
#9549=DIRECTION('ref_axis',(1.,0.,0.));
#9550=DIRECTION('center_axis',(0.,-1.,0.));
#9551=DIRECTION('ref_axis',(1.,0.,0.));
#9552=DIRECTION('center_axis',(-1.,0.,0.));
#9553=DIRECTION('ref_axis',(0.,0.,1.));
#9554=DIRECTION('',(0.,0.,-1.));
#9555=DIRECTION('',(0.,1.,0.));
#9556=DIRECTION('',(0.,1.,0.));
#9557=DIRECTION('center_axis',(0.,1.,0.));
#9558=DIRECTION('ref_axis',(-1.,0.,0.));
#9559=DIRECTION('center_axis',(0.,-1.,0.));
#9560=DIRECTION('ref_axis',(-1.,0.,0.));
#9561=DIRECTION('',(0.,1.,0.));
#9562=DIRECTION('center_axis',(0.,-1.,0.));
#9563=DIRECTION('ref_axis',(-1.,0.,0.));
#9564=DIRECTION('',(0.,-1.,0.));
#9565=DIRECTION('center_axis',(0.,1.,0.));
#9566=DIRECTION('ref_axis',(-1.,0.,0.));
#9567=DIRECTION('',(0.,1.,0.));
#9568=DIRECTION('center_axis',(0.,-1.,0.));
#9569=DIRECTION('ref_axis',(1.,0.,0.));
#9570=DIRECTION('',(1.,0.,0.));
#9571=DIRECTION('center_axis',(1.,0.,0.));
#9572=DIRECTION('ref_axis',(0.,0.,-1.));
#9573=DIRECTION('',(0.,0.,1.));
#9574=DIRECTION('',(0.,1.,0.));
#9575=DIRECTION('center_axis',(0.,1.,0.));
#9576=DIRECTION('ref_axis',(1.,0.,0.));
#9577=DIRECTION('center_axis',(0.,-1.,0.));
#9578=DIRECTION('ref_axis',(1.,0.,0.));
#9579=DIRECTION('center_axis',(-1.,0.,0.));
#9580=DIRECTION('ref_axis',(0.,0.,1.));
#9581=DIRECTION('',(0.,0.,-1.));
#9582=DIRECTION('',(0.,1.,0.));
#9583=DIRECTION('',(0.,1.,0.));
#9584=DIRECTION('center_axis',(0.,1.,0.));
#9585=DIRECTION('ref_axis',(-1.,0.,0.));
#9586=DIRECTION('center_axis',(0.,-1.,0.));
#9587=DIRECTION('ref_axis',(-1.,0.,0.));
#9588=DIRECTION('',(0.,1.,0.));
#9589=DIRECTION('center_axis',(0.,-1.,0.));
#9590=DIRECTION('ref_axis',(-1.,0.,0.));
#9591=DIRECTION('',(0.,-1.,0.));
#9592=DIRECTION('center_axis',(0.,1.,0.));
#9593=DIRECTION('ref_axis',(-1.,0.,0.));
#9594=DIRECTION('',(0.,1.,0.));
#9595=DIRECTION('center_axis',(0.,-1.,0.));
#9596=DIRECTION('ref_axis',(1.,0.,0.));
#9597=DIRECTION('',(1.,0.,0.));
#9598=DIRECTION('center_axis',(1.,0.,0.));
#9599=DIRECTION('ref_axis',(0.,0.,-1.));
#9600=DIRECTION('',(0.,0.,1.));
#9601=DIRECTION('',(0.,1.,0.));
#9602=DIRECTION('center_axis',(0.,1.,0.));
#9603=DIRECTION('ref_axis',(1.,0.,0.));
#9604=DIRECTION('center_axis',(0.,-1.,0.));
#9605=DIRECTION('ref_axis',(1.,0.,0.));
#9606=DIRECTION('center_axis',(-1.,0.,0.));
#9607=DIRECTION('ref_axis',(0.,0.,1.));
#9608=DIRECTION('',(0.,0.,-1.));
#9609=DIRECTION('',(0.,1.,0.));
#9610=DIRECTION('',(0.,1.,0.));
#9611=DIRECTION('center_axis',(0.,1.,0.));
#9612=DIRECTION('ref_axis',(-1.,0.,0.));
#9613=DIRECTION('center_axis',(0.,-1.,0.));
#9614=DIRECTION('ref_axis',(-1.,0.,0.));
#9615=DIRECTION('',(0.,1.,0.));
#9616=DIRECTION('center_axis',(0.,-1.,0.));
#9617=DIRECTION('ref_axis',(-1.,0.,0.));
#9618=DIRECTION('',(0.,-1.,0.));
#9619=DIRECTION('center_axis',(0.,1.,0.));
#9620=DIRECTION('ref_axis',(-1.,0.,0.));
#9621=DIRECTION('',(0.,1.,0.));
#9622=DIRECTION('center_axis',(0.,-1.,0.));
#9623=DIRECTION('ref_axis',(1.,0.,0.));
#9624=DIRECTION('',(1.,0.,0.));
#9625=DIRECTION('center_axis',(1.,0.,0.));
#9626=DIRECTION('ref_axis',(0.,0.,-1.));
#9627=DIRECTION('',(0.,0.,1.));
#9628=DIRECTION('',(0.,1.,0.));
#9629=DIRECTION('center_axis',(0.,1.,0.));
#9630=DIRECTION('ref_axis',(1.,0.,0.));
#9631=DIRECTION('center_axis',(0.,-1.,0.));
#9632=DIRECTION('ref_axis',(1.,0.,0.));
#9633=DIRECTION('center_axis',(-1.,0.,0.));
#9634=DIRECTION('ref_axis',(0.,0.,1.));
#9635=DIRECTION('',(0.,0.,-1.));
#9636=DIRECTION('',(0.,1.,0.));
#9637=DIRECTION('',(0.,1.,0.));
#9638=DIRECTION('center_axis',(0.,1.,0.));
#9639=DIRECTION('ref_axis',(-1.,0.,0.));
#9640=DIRECTION('center_axis',(0.,-1.,0.));
#9641=DIRECTION('ref_axis',(-1.,0.,0.));
#9642=DIRECTION('',(0.,1.,0.));
#9643=DIRECTION('center_axis',(0.,-1.,0.));
#9644=DIRECTION('ref_axis',(-1.,0.,0.));
#9645=DIRECTION('',(0.,-1.,0.));
#9646=DIRECTION('center_axis',(0.,1.,0.));
#9647=DIRECTION('ref_axis',(-1.,0.,0.));
#9648=DIRECTION('',(0.,1.,0.));
#9649=DIRECTION('center_axis',(0.,-1.,0.));
#9650=DIRECTION('ref_axis',(1.,0.,0.));
#9651=DIRECTION('',(1.,0.,0.));
#9652=DIRECTION('center_axis',(1.,0.,0.));
#9653=DIRECTION('ref_axis',(0.,0.,-1.));
#9654=DIRECTION('',(0.,0.,1.));
#9655=DIRECTION('',(0.,1.,0.));
#9656=DIRECTION('center_axis',(0.,1.,0.));
#9657=DIRECTION('ref_axis',(1.,0.,0.));
#9658=DIRECTION('center_axis',(0.,-1.,0.));
#9659=DIRECTION('ref_axis',(1.,0.,0.));
#9660=DIRECTION('center_axis',(-1.,0.,0.));
#9661=DIRECTION('ref_axis',(0.,0.,1.));
#9662=DIRECTION('',(0.,0.,-1.));
#9663=DIRECTION('',(0.,1.,0.));
#9664=DIRECTION('',(0.,1.,0.));
#9665=DIRECTION('center_axis',(0.,1.,0.));
#9666=DIRECTION('ref_axis',(-1.,0.,0.));
#9667=DIRECTION('center_axis',(0.,-1.,0.));
#9668=DIRECTION('ref_axis',(-1.,0.,0.));
#9669=DIRECTION('',(0.,1.,0.));
#9670=DIRECTION('center_axis',(0.,-1.,0.));
#9671=DIRECTION('ref_axis',(-1.,0.,0.));
#9672=DIRECTION('',(0.,-1.,0.));
#9673=DIRECTION('center_axis',(0.,1.,0.));
#9674=DIRECTION('ref_axis',(-1.,0.,0.));
#9675=DIRECTION('',(0.,1.,0.));
#9676=DIRECTION('center_axis',(0.,-1.,0.));
#9677=DIRECTION('ref_axis',(1.,0.,0.));
#9678=DIRECTION('',(1.,0.,0.));
#9679=DIRECTION('center_axis',(1.,0.,0.));
#9680=DIRECTION('ref_axis',(0.,0.,-1.));
#9681=DIRECTION('',(0.,0.,1.));
#9682=DIRECTION('',(0.,1.,0.));
#9683=DIRECTION('center_axis',(0.,1.,0.));
#9684=DIRECTION('ref_axis',(1.,0.,0.));
#9685=DIRECTION('center_axis',(0.,-1.,0.));
#9686=DIRECTION('ref_axis',(1.,0.,0.));
#9687=DIRECTION('center_axis',(-1.,0.,0.));
#9688=DIRECTION('ref_axis',(0.,0.,1.));
#9689=DIRECTION('',(0.,0.,-1.));
#9690=DIRECTION('',(0.,1.,0.));
#9691=DIRECTION('',(0.,1.,0.));
#9692=DIRECTION('center_axis',(0.,1.,0.));
#9693=DIRECTION('ref_axis',(-1.,0.,0.));
#9694=DIRECTION('center_axis',(0.,-1.,0.));
#9695=DIRECTION('ref_axis',(-1.,0.,0.));
#9696=DIRECTION('',(0.,1.,0.));
#9697=DIRECTION('center_axis',(0.,-1.,0.));
#9698=DIRECTION('ref_axis',(-1.,0.,0.));
#9699=DIRECTION('',(0.,-1.,0.));
#9700=DIRECTION('center_axis',(0.,1.,0.));
#9701=DIRECTION('ref_axis',(-1.,0.,0.));
#9702=DIRECTION('',(0.,1.,0.));
#9703=DIRECTION('center_axis',(0.,-1.,0.));
#9704=DIRECTION('ref_axis',(1.,0.,0.));
#9705=DIRECTION('',(1.,0.,0.));
#9706=DIRECTION('center_axis',(1.,0.,0.));
#9707=DIRECTION('ref_axis',(0.,0.,-1.));
#9708=DIRECTION('',(0.,0.,1.));
#9709=DIRECTION('',(0.,1.,0.));
#9710=DIRECTION('center_axis',(0.,1.,0.));
#9711=DIRECTION('ref_axis',(1.,0.,0.));
#9712=DIRECTION('center_axis',(0.,-1.,0.));
#9713=DIRECTION('ref_axis',(1.,0.,0.));
#9714=DIRECTION('center_axis',(0.,0.,1.));
#9715=DIRECTION('ref_axis',(1.,0.,0.));
#9716=DIRECTION('',(-1.,0.,0.));
#9717=DIRECTION('',(-1.,0.,0.));
#9718=DIRECTION('',(-1.,0.,0.));
#9719=DIRECTION('',(0.,-1.,0.));
#9720=DIRECTION('',(0.707106781186547,-0.707106781186548,0.));
#9721=DIRECTION('',(-1.,0.,0.));
#9722=DIRECTION('',(0.707106781186547,0.707106781186548,0.));
#9723=DIRECTION('',(0.,1.,0.));
#9724=DIRECTION('',(-1.,0.,0.));
#9725=DIRECTION('',(-1.,0.,0.));
#9726=DIRECTION('',(-1.,0.,0.));
#9727=DIRECTION('',(-1.,0.,0.));
#9728=DIRECTION('',(-1.,0.,0.));
#9729=DIRECTION('',(-1.,0.,0.));
#9730=DIRECTION('',(-1.,0.,0.));
#9731=DIRECTION('center_axis',(0.,1.,0.));
#9732=DIRECTION('ref_axis',(-1.,0.,0.));
#9733=DIRECTION('center_axis',(0.,-1.,0.));
#9734=DIRECTION('ref_axis',(-1.,0.,0.));
#9735=DIRECTION('center_axis',(0.,-1.,0.));
#9736=DIRECTION('ref_axis',(0.,0.,-1.));
#9737=DIRECTION('',(1.,0.,1.85037170770859E-17));
#9738=DIRECTION('center_axis',(-0.707106781186548,-0.707106781186547,0.));
#9739=DIRECTION('ref_axis',(0.,0.,1.));
#9740=DIRECTION('',(0.,0.,1.));
#9741=DIRECTION('',(-0.707106781186547,0.707106781186548,0.));
#9742=DIRECTION('center_axis',(1.,0.,0.));
#9743=DIRECTION('ref_axis',(0.,0.,1.));
#9744=DIRECTION('',(0.,-1.,0.));
#9745=DIRECTION('center_axis',(0.,-1.,0.));
#9746=DIRECTION('ref_axis',(0.,0.,-1.));
#9747=DIRECTION('',(-1.,0.,0.));
#9748=DIRECTION('center_axis',(0.707106781186548,-0.707106781186547,0.));
#9749=DIRECTION('ref_axis',(0.,0.,-1.));
#9750=DIRECTION('',(-0.707106781186547,-0.707106781186548,0.));
#9751=DIRECTION('',(0.,0.,-1.));
#9752=DIRECTION('center_axis',(-1.,0.,0.));
#9753=DIRECTION('ref_axis',(0.,0.,-1.));
#9754=DIRECTION('',(0.,1.,0.));
#9755=DIRECTION('center_axis',(0.,0.,1.));
#9756=DIRECTION('ref_axis',(-1.,0.,0.));
#9757=DIRECTION('center_axis',(6.83214169000096E-15,0.,1.));
#9758=DIRECTION('ref_axis',(-1.,0.,6.83214169000096E-15));
#9759=DIRECTION('center_axis',(6.73072708679001E-15,0.,1.));
#9760=DIRECTION('ref_axis',(-1.,0.,6.83214169000096E-15));
#9761=DIRECTION('',(-6.83214169000096E-15,0.,-1.));
#9762=DIRECTION('center_axis',(6.73072708679001E-15,0.,1.));
#9763=DIRECTION('ref_axis',(-1.,0.,6.73072708679001E-15));
#9764=DIRECTION('center_axis',(0.,0.,-1.));
#9765=DIRECTION('ref_axis',(-1.,0.,6.83214169000096E-15));
#9766=DIRECTION('',(-6.83214169000096E-15,0.,-1.));
#9767=DIRECTION('center_axis',(-1.85037170770859E-17,0.,1.));
#9768=DIRECTION('ref_axis',(-1.,0.,6.83214169000096E-15));
#9769=DIRECTION('',(6.83214169000096E-15,0.,1.));
#9770=DIRECTION('center_axis',(0.,1.,0.));
#9771=DIRECTION('ref_axis',(-1.,0.,6.73072708679001E-15));
#9772=DIRECTION('center_axis',(6.89847316271942E-15,0.,1.));
#9773=DIRECTION('ref_axis',(-1.,0.,6.89847316271942E-15));
#9774=DIRECTION('',(-6.89847316271942E-15,0.,-1.));
#9775=DIRECTION('',(6.89847316271942E-15,0.,1.));
#9776=DIRECTION('center_axis',(-6.73072708679001E-15,0.,-1.));
#9777=DIRECTION('ref_axis',(-1.,0.,6.89847316271942E-15));
#9778=DIRECTION('center_axis',(0.,-1.,0.));
#9779=DIRECTION('ref_axis',(1.,0.,-6.73072708679001E-15));
#9780=DIRECTION('',(-6.89847316271942E-15,0.,-1.));
#9781=DIRECTION('',(1.,0.,-6.73072708679001E-15));
#9782=DIRECTION('center_axis',(1.,0.,-6.89847316271942E-15));
#9783=DIRECTION('ref_axis',(0.,1.,0.));
#9784=DIRECTION('',(0.,1.,0.));
#9785=DIRECTION('center_axis',(6.89847316271942E-15,0.,1.));
#9786=DIRECTION('ref_axis',(-1.,0.,6.89847316271942E-15));
#9787=DIRECTION('',(6.89847316271942E-15,0.,1.));
#9788=DIRECTION('center_axis',(-6.73072708679001E-15,0.,-1.));
#9789=DIRECTION('ref_axis',(-1.,0.,6.89847316271942E-15));
#9790=DIRECTION('',(-6.89847316271942E-15,0.,-1.));
#9791=DIRECTION('center_axis',(0.,-1.,0.));
#9792=DIRECTION('ref_axis',(1.,0.,-6.73072708679001E-15));
#9793=DIRECTION('',(1.,0.,-6.73072708679001E-15));
#9794=DIRECTION('',(6.89847316271942E-15,0.,1.));
#9795=DIRECTION('center_axis',(-1.,0.,6.89847316271942E-15));
#9796=DIRECTION('ref_axis',(0.,-1.,0.));
#9797=DIRECTION('',(0.,-1.,0.));
#9798=DIRECTION('center_axis',(6.89847316271942E-15,0.,1.));
#9799=DIRECTION('ref_axis',(-1.,0.,6.89847316271942E-15));
#9800=DIRECTION('',(-6.89847316271942E-15,0.,-1.));
#9801=DIRECTION('',(6.89847316271942E-15,0.,1.));
#9802=DIRECTION('center_axis',(-6.73072708679001E-15,0.,-1.));
#9803=DIRECTION('ref_axis',(-1.,0.,6.89847316271942E-15));
#9804=DIRECTION('center_axis',(1.,0.,-6.89847316271942E-15));
#9805=DIRECTION('ref_axis',(0.,1.,0.));
#9806=DIRECTION('',(-6.89847316271942E-15,0.,-1.));
#9807=DIRECTION('',(0.,1.,0.));
#9808=DIRECTION('center_axis',(0.,1.,0.));
#9809=DIRECTION('ref_axis',(-1.,0.,6.73072708679001E-15));
#9810=DIRECTION('',(-1.,0.,6.73072708679001E-15));
#9811=DIRECTION('center_axis',(0.,1.,0.));
#9812=DIRECTION('ref_axis',(-1.,0.,6.73072708679001E-15));
#9813=DIRECTION('',(6.89847316271942E-15,0.,1.));
#9814=DIRECTION('',(-6.89847316271942E-15,0.,-1.));
#9815=DIRECTION('',(-1.,0.,6.73072708679001E-15));
#9816=DIRECTION('center_axis',(6.89847316271942E-15,0.,1.));
#9817=DIRECTION('ref_axis',(-1.,0.,6.89847316271942E-15));
#9818=DIRECTION('',(-6.89847316271942E-15,0.,-1.));
#9819=DIRECTION('center_axis',(-6.73072708679001E-15,0.,-1.));
#9820=DIRECTION('ref_axis',(-1.,0.,6.89847316271942E-15));
#9821=DIRECTION('center_axis',(-1.,0.,6.89847316271942E-15));
#9822=DIRECTION('ref_axis',(0.,-1.,0.));
#9823=DIRECTION('',(0.,-1.,0.));
#9824=DIRECTION('center_axis',(-6.73072708679001E-15,0.,-1.));
#9825=DIRECTION('ref_axis',(-1.,0.,6.73072708679001E-15));
#9826=DIRECTION('center_axis',(-6.73072708679001E-15,0.,-1.));
#9827=DIRECTION('ref_axis',(-1.,0.,6.73072708679001E-15));
#9828=DIRECTION('center_axis',(-6.73072708679001E-15,0.,-1.));
#9829=DIRECTION('ref_axis',(-1.,0.,6.73072708679001E-15));
#9830=DIRECTION('center_axis',(-6.73072708679001E-15,0.,-1.));
#9831=DIRECTION('ref_axis',(-1.,0.,6.73072708679001E-15));
#9832=DIRECTION('center_axis',(-6.73072708679001E-15,0.,-1.));
#9833=DIRECTION('ref_axis',(-1.,0.,6.73072708679001E-15));
#9834=DIRECTION('center_axis',(0.,0.,1.));
#9835=DIRECTION('ref_axis',(1.,0.,0.));
#9836=DIRECTION('center_axis',(0.,0.,-1.));
#9837=DIRECTION('ref_axis',(1.,0.,0.));
#9838=DIRECTION('center_axis',(0.,0.,-1.));
#9839=DIRECTION('ref_axis',(1.,0.,0.));
#9840=DIRECTION('center_axis',(-6.73072708679001E-15,0.,-1.));
#9841=DIRECTION('ref_axis',(1.,0.,0.));
#9842=DIRECTION('',(0.,0.,-1.));
#9843=DIRECTION('center_axis',(0.,0.,1.));
#9844=DIRECTION('ref_axis',(1.,0.,0.));
#9845=DIRECTION('center_axis',(0.,0.,-1.));
#9846=DIRECTION('ref_axis',(1.,0.,0.));
#9847=DIRECTION('center_axis',(0.,0.,-1.));
#9848=DIRECTION('ref_axis',(1.,0.,0.));
#9849=DIRECTION('center_axis',(-6.73072708679001E-15,0.,-1.));
#9850=DIRECTION('ref_axis',(1.,0.,0.));
#9851=DIRECTION('',(0.,0.,-1.));
#9852=DIRECTION('center_axis',(0.,0.,1.));
#9853=DIRECTION('ref_axis',(1.,0.,0.));
#9854=DIRECTION('center_axis',(0.,0.,-1.));
#9855=DIRECTION('ref_axis',(1.,0.,0.));
#9856=DIRECTION('center_axis',(0.,0.,-1.));
#9857=DIRECTION('ref_axis',(1.,0.,0.));
#9858=DIRECTION('center_axis',(-6.73072708679001E-15,0.,-1.));
#9859=DIRECTION('ref_axis',(1.,0.,0.));
#9860=DIRECTION('',(0.,0.,-1.));
#9861=DIRECTION('center_axis',(0.,0.,1.));
#9862=DIRECTION('ref_axis',(1.,0.,0.));
#9863=DIRECTION('center_axis',(0.,0.,-1.));
#9864=DIRECTION('ref_axis',(1.,0.,0.));
#9865=DIRECTION('center_axis',(0.,0.,-1.));
#9866=DIRECTION('ref_axis',(1.,0.,0.));
#9867=DIRECTION('center_axis',(-6.73072708679001E-15,0.,-1.));
#9868=DIRECTION('ref_axis',(1.,0.,0.));
#9869=DIRECTION('',(0.,0.,-1.));
#9870=DIRECTION('center_axis',(1.85037170770859E-17,0.,-1.));
#9871=DIRECTION('ref_axis',(-1.,0.,-1.85037170770859E-17));
#9872=DIRECTION('',(-1.,0.,-1.85037170770859E-17));
#9873=DIRECTION('',(0.,1.,0.));
#9874=DIRECTION('',(0.,1.,0.));
#9875=DIRECTION('center_axis',(0.,1.,0.));
#9876=DIRECTION('ref_axis',(-1.,0.,0.));
#9877=DIRECTION('center_axis',(0.,1.,0.));
#9878=DIRECTION('ref_axis',(-1.,0.,0.));
#9879=DIRECTION('',(0.,1.,0.));
#9880=DIRECTION('center_axis',(-1.,0.,0.));
#9881=DIRECTION('ref_axis',(0.,0.,1.));
#9882=DIRECTION('',(0.,0.,1.));
#9883=DIRECTION('',(0.,1.,0.));
#9884=DIRECTION('center_axis',(0.,1.,0.));
#9885=DIRECTION('ref_axis',(0.,0.,1.));
#9886=DIRECTION('center_axis',(0.,1.,0.));
#9887=DIRECTION('ref_axis',(0.,0.,1.));
#9888=DIRECTION('',(0.,1.,0.));
#9889=DIRECTION('center_axis',(0.,0.,1.));
#9890=DIRECTION('ref_axis',(1.,0.,0.));
#9891=DIRECTION('',(1.,0.,0.));
#9892=DIRECTION('',(0.,1.,0.));
#9893=DIRECTION('center_axis',(0.,1.,0.));
#9894=DIRECTION('ref_axis',(1.,0.,0.));
#9895=DIRECTION('center_axis',(0.,1.,0.));
#9896=DIRECTION('ref_axis',(1.,0.,0.));
#9897=DIRECTION('',(0.,1.,0.));
#9898=DIRECTION('center_axis',(1.,0.,0.));
#9899=DIRECTION('ref_axis',(0.,0.,-1.));
#9900=DIRECTION('',(0.,0.,-1.));
#9901=DIRECTION('',(0.,1.,0.));
#9902=DIRECTION('center_axis',(0.,1.,0.));
#9903=DIRECTION('ref_axis',(0.,0.,-1.));
#9904=DIRECTION('center_axis',(0.,1.,0.));
#9905=DIRECTION('ref_axis',(0.,0.,-1.));
#9906=DIRECTION('center_axis',(0.,-1.,0.));
#9907=DIRECTION('ref_axis',(0.,0.,1.));
#9908=DIRECTION('',(0.,0.707106781186546,-0.707106781186549));
#9909=DIRECTION('',(-0.707106781186548,-0.707106781186547,-1.96261557335472E-16));
#9910=DIRECTION('center_axis',(0.707106781186547,-0.707106781186548,0.));
#9911=DIRECTION('ref_axis',(0.,0.,-1.));
#9912=DIRECTION('',(-0.707106781186549,-0.707106781186546,0.));
#9913=DIRECTION('center_axis',(0.,-1.,0.));
#9914=DIRECTION('ref_axis',(-1.,0.,0.));
#9915=DIRECTION('',(0.,-0.707106781186546,-0.707106781186549));
#9916=DIRECTION('center_axis',(-1.30841038223648E-17,-0.707106781186549,
0.707106781186546));
#9917=DIRECTION('ref_axis',(1.,0.,1.85037170770859E-17));
#9918=DIRECTION('',(0.,-0.707106781186546,-0.707106781186549));
#9919=DIRECTION('center_axis',(0.,-1.,0.));
#9920=DIRECTION('ref_axis',(0.,0.,-1.));
#9921=DIRECTION('',(0.707106781186548,-0.707106781186548,-4.90653893338682E-17));
#9922=DIRECTION('center_axis',(-0.707106781186547,-0.707106781186548,0.));
#9923=DIRECTION('ref_axis',(0.,0.,1.));
#9924=DIRECTION('',(0.707106781186549,-0.707106781186546,0.));
#9925=DIRECTION('center_axis',(0.,-1.,0.));
#9926=DIRECTION('ref_axis',(1.,0.,0.));
#9927=DIRECTION('',(0.,-0.707106781186546,0.707106781186549));
#9928=DIRECTION('center_axis',(0.,-0.707106781186549,-0.707106781186546));
#9929=DIRECTION('ref_axis',(-1.,0.,0.));
#9930=DIRECTION('center_axis',(-6.73072708679001E-15,0.,-1.));
#9931=DIRECTION('ref_axis',(-1.,0.,6.73072708679001E-15));
#9932=DIRECTION('center_axis',(6.73072708679001E-15,0.,1.));
#9933=DIRECTION('ref_axis',(1.,0.,0.));
#9934=DIRECTION('center_axis',(0.,0.,1.));
#9935=DIRECTION('ref_axis',(1.,0.,0.));
#9936=DIRECTION('center_axis',(0.,0.,1.));
#9937=DIRECTION('ref_axis',(1.,0.,0.));
#9938=DIRECTION('',(0.,0.,-1.));
#9939=DIRECTION('center_axis',(0.,0.,1.));
#9940=DIRECTION('ref_axis',(1.,0.,0.));
#9941=DIRECTION('center_axis',(0.,0.,-1.));
#9942=DIRECTION('ref_axis',(1.,0.,0.));
#9943=DIRECTION('',(0.,0.,-1.));
#9944=DIRECTION('center_axis',(0.,0.,1.));
#9945=DIRECTION('ref_axis',(1.,0.,0.));
#9946=DIRECTION('center_axis',(0.,0.,1.));
#9947=DIRECTION('ref_axis',(1.,0.,0.));
#9948=DIRECTION('center_axis',(0.,0.,1.));
#9949=DIRECTION('ref_axis',(1.,0.,0.));
#9950=DIRECTION('center_axis',(0.,0.,1.));
#9951=DIRECTION('ref_axis',(1.,0.,0.));
#9952=DIRECTION('center_axis',(0.,0.,1.));
#9953=DIRECTION('ref_axis',(1.,0.,0.));
#9954=DIRECTION('center_axis',(0.,0.,1.));
#9955=DIRECTION('ref_axis',(1.,0.,0.));
#9956=DIRECTION('',(0.,0.,-1.));
#9957=DIRECTION('center_axis',(0.,0.,1.));
#9958=DIRECTION('ref_axis',(1.,0.,0.));
#9959=DIRECTION('center_axis',(0.,0.,1.));
#9960=DIRECTION('ref_axis',(1.,0.,0.));
#9961=DIRECTION('',(0.,0.,-1.));
#9962=DIRECTION('center_axis',(0.,0.,1.));
#9963=DIRECTION('ref_axis',(1.,0.,0.));
#9964=CARTESIAN_POINT('',(0.,0.,0.));
#9965=CARTESIAN_POINT('Origin',(-101.800456299788,9.10657788333465,23.9685007126414));
#9966=CARTESIAN_POINT('',(-101.800456299788,9.10657788333465,23.9685007126414));
#9967=CARTESIAN_POINT('',(-103.443748470172,9.10657788333465,21.2570686315081));
#9968=CARTESIAN_POINT('',(-98.4002288576992,9.10657788333465,29.578875992088));
#9969=CARTESIAN_POINT('',(-101.372857384011,9.10657788333465,23.7093498545947));
#9970=CARTESIAN_POINT('',(-101.800456299788,9.10657788333465,23.9685007126414));
#9971=CARTESIAN_POINT('',(-103.016149554395,9.10657788333465,20.9979177734614));
#9972=CARTESIAN_POINT('',(-101.372857384011,9.10657788333465,23.7093498545947));
#9973=CARTESIAN_POINT('',(-103.443748470172,9.10657788333465,21.2570686315081));
#9974=CARTESIAN_POINT('Ctrl Pts',(-101.246092839815,8.94286657390167,24.8832004215966));
#9975=CARTESIAN_POINT('Ctrl Pts',(-100.818493924038,8.94286657390167,24.6240495635499));
#9976=CARTESIAN_POINT('Ctrl Pts',(-101.32519047502,8.99043478461793,24.7526893235082));
#9977=CARTESIAN_POINT('Ctrl Pts',(-100.897591559243,8.99043478461793,24.4935384654616));
#9978=CARTESIAN_POINT('Ctrl Pts',(-101.505373321961,9.09879422682519,24.4553876260561));
#9979=CARTESIAN_POINT('Ctrl Pts',(-101.077774406184,9.09879422682519,24.1962367680094));
#9980=CARTESIAN_POINT('Ctrl Pts',(-101.694406130303,9.10378050715891,24.143483492291));
#9981=CARTESIAN_POINT('Ctrl Pts',(-101.266807214526,9.10378050715891,23.8843326342444));
#9982=CARTESIAN_POINT('Ctrl Pts',(-101.800456299788,9.10657788333465,23.9685007126414));
#9983=CARTESIAN_POINT('Ctrl Pts',(-101.372857384011,9.10657788333465,23.7093498545947));
#9984=CARTESIAN_POINT('',(-101.246092839815,8.94286657390167,24.8832004215966));
#9985=CARTESIAN_POINT('Ctrl Pts',(-101.246092839815,8.94286657390167,24.8832004215966));
#9986=CARTESIAN_POINT('Ctrl Pts',(-101.32519047502,8.99043478461793,24.7526893235082));
#9987=CARTESIAN_POINT('Ctrl Pts',(-101.505373321961,9.09879422682519,24.4553876260561));
#9988=CARTESIAN_POINT('Ctrl Pts',(-101.694406130303,9.10378050715891,24.143483492291));
#9989=CARTESIAN_POINT('Ctrl Pts',(-101.800456299788,9.10657788333465,23.9685007126414));
#9990=CARTESIAN_POINT('',(-100.818493924038,8.94286657390167,24.6240495635499));
#9991=CARTESIAN_POINT('',(-101.246092839815,8.94286657390167,24.8832004215966));
#9992=CARTESIAN_POINT('Ctrl Pts',(-100.818493924038,8.94286657390167,24.6240495635499));
#9993=CARTESIAN_POINT('Ctrl Pts',(-100.897591559243,8.99043478461793,24.4935384654615));
#9994=CARTESIAN_POINT('Ctrl Pts',(-101.077774406184,9.09879422682519,24.1962367680094));
#9995=CARTESIAN_POINT('Ctrl Pts',(-101.266807214526,9.10378050715891,23.8843326342443));
#9996=CARTESIAN_POINT('Ctrl Pts',(-101.372857384011,9.10657788333465,23.7093498545947));
#9997=CARTESIAN_POINT('Ctrl Pts',(-100.929313455032,8.3971639972644,25.4058864064889));
#9998=CARTESIAN_POINT('Ctrl Pts',(-100.501714539255,8.3971639972644,25.1467355484422));
#9999=CARTESIAN_POINT('Ctrl Pts',(-100.971029677894,8.51500849216004,25.3370546387673));
#10000=CARTESIAN_POINT('Ctrl Pts',(-100.543430762117,8.51500849216004,25.0779037807206));
#10001=CARTESIAN_POINT('Ctrl Pts',(-101.053325271674,8.74748597971554,25.2012669090298));
#10002=CARTESIAN_POINT('Ctrl Pts',(-100.625726355897,8.74748597971554,24.9421160509832));
#10003=CARTESIAN_POINT('Ctrl Pts',(-101.182431485626,8.87834226969362,24.9882416560089));
#10004=CARTESIAN_POINT('Ctrl Pts',(-100.754832569849,8.87834226969362,24.7290907979622));
#10005=CARTESIAN_POINT('Ctrl Pts',(-101.246092839815,8.94286657390167,24.8832004215966));
#10006=CARTESIAN_POINT('Ctrl Pts',(-100.818493924038,8.94286657390167,24.6240495635499));
#10007=CARTESIAN_POINT('',(-100.929313455032,8.3971639972644,25.4058864064889));
#10008=CARTESIAN_POINT('Ctrl Pts',(-100.929313455032,8.3971639972644,25.4058864064889));
#10009=CARTESIAN_POINT('Ctrl Pts',(-100.971029677894,8.51500849216004,25.3370546387673));
#10010=CARTESIAN_POINT('Ctrl Pts',(-101.053325271674,8.74748597971554,25.2012669090298));
#10011=CARTESIAN_POINT('Ctrl Pts',(-101.182431485626,8.87834226969362,24.9882416560089));
#10012=CARTESIAN_POINT('Ctrl Pts',(-101.246092839815,8.94286657390167,24.8832004215966));
#10013=CARTESIAN_POINT('',(-100.501714539255,8.3971639972644,25.1467355484422));
#10014=CARTESIAN_POINT('',(-100.929313455032,8.3971639972644,25.4058864064889));
#10015=CARTESIAN_POINT('Ctrl Pts',(-100.501714539255,8.3971639972644,25.1467355484422));
#10016=CARTESIAN_POINT('Ctrl Pts',(-100.543430762117,8.51500849216004,25.0779037807206));
#10017=CARTESIAN_POINT('Ctrl Pts',(-100.625726355897,8.74748597971554,24.9421160509832));
#10018=CARTESIAN_POINT('Ctrl Pts',(-100.754832569849,8.87834226969362,24.7290907979622));
#10019=CARTESIAN_POINT('Ctrl Pts',(-100.818493924038,8.94286657390167,24.6240495635499));
#10020=CARTESIAN_POINT('Ctrl Pts',(-100.810521108505,7.57315362510253,25.6018937782579));
#10021=CARTESIAN_POINT('Ctrl Pts',(-100.382922192728,7.57315362510253,25.3427429202113));
#10022=CARTESIAN_POINT('Ctrl Pts',(-100.815629137277,7.71714181228693,25.5934655307845));
#10023=CARTESIAN_POINT('Ctrl Pts',(-100.3880302215,7.71714181228693,25.3343146727378));
#10024=CARTESIAN_POINT('Ctrl Pts',(-100.825928531444,8.00746732951868,25.5764715304089));
#10025=CARTESIAN_POINT('Ctrl Pts',(-100.398329615667,8.00746732951868,25.3173206723622));
#10026=CARTESIAN_POINT('Ctrl Pts',(-100.894666418355,8.26656628270818,25.4630540170053));
#10027=CARTESIAN_POINT('Ctrl Pts',(-100.467067502578,8.26656628270818,25.2039031589587));
#10028=CARTESIAN_POINT('Ctrl Pts',(-100.929313455032,8.3971639972644,25.4058864064889));
#10029=CARTESIAN_POINT('Ctrl Pts',(-100.501714539255,8.3971639972644,25.1467355484422));
#10030=CARTESIAN_POINT('',(-100.810521108505,7.57315362510253,25.6018937782579));
#10031=CARTESIAN_POINT('Ctrl Pts',(-100.810521108505,7.57315362510253,25.6018937782579));
#10032=CARTESIAN_POINT('Ctrl Pts',(-100.815629137277,7.71714181228693,25.5934655307845));
#10033=CARTESIAN_POINT('Ctrl Pts',(-100.825928531444,8.00746732951868,25.5764715304089));
#10034=CARTESIAN_POINT('Ctrl Pts',(-100.894666418355,8.26656628270818,25.4630540170053));
#10035=CARTESIAN_POINT('Ctrl Pts',(-100.929313455032,8.3971639972644,25.4058864064889));
#10036=CARTESIAN_POINT('',(-100.382922192728,7.57315362510253,25.3427429202113));
#10037=CARTESIAN_POINT('',(-100.810521108505,7.57315362510253,25.6018937782579));
#10038=CARTESIAN_POINT('Ctrl Pts',(-100.382922192728,7.57315362510253,25.3427429202113));
#10039=CARTESIAN_POINT('Ctrl Pts',(-100.3880302215,7.71714181228693,25.3343146727378));
#10040=CARTESIAN_POINT('Ctrl Pts',(-100.398329615667,8.00746732951868,25.3173206723622));
#10041=CARTESIAN_POINT('Ctrl Pts',(-100.467067502578,8.26656628270818,25.2039031589586));
#10042=CARTESIAN_POINT('Ctrl Pts',(-100.501714539255,8.3971639972644,25.1467355484422));
#10043=CARTESIAN_POINT('Ctrl Pts',(-100.985881356781,6.67274440345336,25.3125493686036));
#10044=CARTESIAN_POINT('Ctrl Pts',(-100.558282441004,6.67274440345336,25.0533985105569));
#10045=CARTESIAN_POINT('Ctrl Pts',(-100.934792972099,6.79505018630255,25.3968452033275));
#10046=CARTESIAN_POINT('Ctrl Pts',(-100.507194056322,6.79505018630255,25.1376943452808));
#10047=CARTESIAN_POINT('Ctrl Pts',(-100.825482280764,7.05674038772458,25.5772078440305));
#10048=CARTESIAN_POINT('Ctrl Pts',(-100.397883364987,7.05674038772458,25.3180569859838));
#10049=CARTESIAN_POINT('Ctrl Pts',(-100.815720525752,7.39368587709054,25.5933147398005));
#10050=CARTESIAN_POINT('Ctrl Pts',(-100.388121609975,7.39368587709054,25.3341638817539));
#10051=CARTESIAN_POINT('Ctrl Pts',(-100.810521108505,7.57315362510253,25.6018937782579));
#10052=CARTESIAN_POINT('Ctrl Pts',(-100.382922192728,7.57315362510253,25.3427429202113));
#10053=CARTESIAN_POINT('',(-100.985881356781,6.67274440345336,25.3125493686036));
#10054=CARTESIAN_POINT('Ctrl Pts',(-100.985881356781,6.67274440345336,25.3125493686036));
#10055=CARTESIAN_POINT('Ctrl Pts',(-100.934792972099,6.79505018630255,25.3968452033275));
#10056=CARTESIAN_POINT('Ctrl Pts',(-100.825482280764,7.05674038772458,25.5772078440305));
#10057=CARTESIAN_POINT('Ctrl Pts',(-100.815720525752,7.39368587709054,25.5933147398005));
#10058=CARTESIAN_POINT('Ctrl Pts',(-100.810521108505,7.57315362510253,25.6018937782579));
#10059=CARTESIAN_POINT('',(-100.558282441004,6.67274440345336,25.0533985105569));
#10060=CARTESIAN_POINT('',(-100.985881356781,6.67274440345336,25.3125493686036));
#10061=CARTESIAN_POINT('Ctrl Pts',(-100.558282441004,6.67274440345336,25.0533985105569));
#10062=CARTESIAN_POINT('Ctrl Pts',(-100.507194056322,6.79505018630255,25.1376943452808));
#10063=CARTESIAN_POINT('Ctrl Pts',(-100.397883364987,7.05674038772458,25.3180569859838));
#10064=CARTESIAN_POINT('Ctrl Pts',(-100.388121609975,7.39368587709054,25.3341638817539));
#10065=CARTESIAN_POINT('Ctrl Pts',(-100.382922192728,7.57315362510253,25.3427429202113));
#10066=CARTESIAN_POINT('Ctrl Pts',(-101.540244816753,6.35077918586303,24.3978496596484));
#10067=CARTESIAN_POINT('Ctrl Pts',(-101.112645900976,6.35077918586303,24.1386988016018));
#10068=CARTESIAN_POINT('Ctrl Pts',(-101.42671906473,6.3559014570733,24.5851671504872));
#10069=CARTESIAN_POINT('Ctrl Pts',(-100.999120148953,6.3559014570733,24.3260162924405));
#10070=CARTESIAN_POINT('Ctrl Pts',(-101.225233032523,6.36499248781873,24.9176191036283));
#10071=CARTESIAN_POINT('Ctrl Pts',(-100.797634116746,6.36499248781873,24.6584682455816));
#10072=CARTESIAN_POINT('Ctrl Pts',(-101.058618301628,6.57922120565327,25.1925334096051));
#10073=CARTESIAN_POINT('Ctrl Pts',(-100.631019385851,6.57922120565327,24.9333825515584));
#10074=CARTESIAN_POINT('Ctrl Pts',(-100.985881356781,6.67274440345336,25.3125493686036));
#10075=CARTESIAN_POINT('Ctrl Pts',(-100.558282441004,6.67274440345336,25.0533985105569));
#10076=CARTESIAN_POINT('',(-101.540244816753,6.35077918586303,24.3978496596484));
#10077=CARTESIAN_POINT('Ctrl Pts',(-101.540244816753,6.35077918586303,24.3978496596484));
#10078=CARTESIAN_POINT('Ctrl Pts',(-101.42671906473,6.3559014570733,24.5851671504872));
#10079=CARTESIAN_POINT('Ctrl Pts',(-101.225233032523,6.36499248781873,24.9176191036283));
#10080=CARTESIAN_POINT('Ctrl Pts',(-101.058618301628,6.57922120565327,25.1925334096051));
#10081=CARTESIAN_POINT('Ctrl Pts',(-100.985881356781,6.67274440345336,25.3125493686036));
#10082=CARTESIAN_POINT('',(-101.112645900976,6.35077918586303,24.1386988016018));
#10083=CARTESIAN_POINT('',(-101.540244816753,6.35077918586303,24.3978496596484));
#10084=CARTESIAN_POINT('Ctrl Pts',(-101.112645900976,6.35077918586303,24.1386988016018));
#10085=CARTESIAN_POINT('Ctrl Pts',(-100.999120148953,6.3559014570733,24.3260162924405));
#10086=CARTESIAN_POINT('Ctrl Pts',(-100.797634116746,6.36499248781873,24.6584682455816));
#10087=CARTESIAN_POINT('Ctrl Pts',(-100.631019385851,6.57922120565327,24.9333825515584));
#10088=CARTESIAN_POINT('Ctrl Pts',(-100.558282441004,6.67274440345336,25.0533985105569));
#10089=CARTESIAN_POINT('Origin',(-103.443748470172,6.35077918586303,21.2570686315081));
#10090=CARTESIAN_POINT('',(-103.443748470172,6.35077918586303,21.2570686315081));
#10091=CARTESIAN_POINT('',(-99.2218749428911,6.35077918586304,28.2231599515213));
#10092=CARTESIAN_POINT('',(-103.016149554395,6.35077918586303,20.9979177734614));
#10093=CARTESIAN_POINT('',(-103.443748470172,6.35077918586303,21.2570686315081));
#10094=CARTESIAN_POINT('',(-103.016149554395,6.35077918586303,20.9979177734614));
#10095=CARTESIAN_POINT('Origin',(-103.443748470172,5.36851490554382,21.2570686315081));
#10096=CARTESIAN_POINT('',(-103.443748470172,5.36851490554382,21.2570686315081));
#10097=CARTESIAN_POINT('',(-103.443748470172,17.7406947067239,21.2570686315081));
#10098=CARTESIAN_POINT('',(-103.016149554395,5.36851490554382,20.9979177734614));
#10099=CARTESIAN_POINT('',(-103.443748470172,5.36851490554382,21.2570686315081));
#10100=CARTESIAN_POINT('',(-103.016149554395,5.36851490554382,20.9979177734614));
#10101=CARTESIAN_POINT('Origin',(-101.540244816753,5.36851490554382,24.3978496596484));
#10102=CARTESIAN_POINT('',(-101.540244816753,5.36851490554382,24.3978496596484));
#10103=CARTESIAN_POINT('',(-98.2701231161819,5.36851490554382,29.7935504655915));
#10104=CARTESIAN_POINT('',(-101.112645900976,5.36851490554382,24.1386988016018));
#10105=CARTESIAN_POINT('',(-101.540244816753,5.36851490554382,24.3978496596484));
#10106=CARTESIAN_POINT('',(-101.112645900976,5.36851490554382,24.1386988016018));
#10107=CARTESIAN_POINT('Ctrl Pts',(-100.867089010254,5.57588184890319,25.5085567403726));
#10108=CARTESIAN_POINT('Ctrl Pts',(-100.439490094477,5.57588184890319,25.249405882326));
#10109=CARTESIAN_POINT('Ctrl Pts',(-100.961084929336,5.51568785348926,25.3534634738874));
#10110=CARTESIAN_POINT('Ctrl Pts',(-100.533486013559,5.51568785348926,25.0943126158407));
#10111=CARTESIAN_POINT('Ctrl Pts',(-101.179098694809,5.37607413698733,24.9937407608573));
#10112=CARTESIAN_POINT('Ctrl Pts',(-100.751499779032,5.37607413698733,24.7345899028106));
#10113=CARTESIAN_POINT('Ctrl Pts',(-101.409296206384,5.37125582062733,24.6139148667582));
#10114=CARTESIAN_POINT('Ctrl Pts',(-100.981697290607,5.37125582062733,24.3547640087115));
#10115=CARTESIAN_POINT('Ctrl Pts',(-101.540244816753,5.36851490554382,24.3978496596484));
#10116=CARTESIAN_POINT('Ctrl Pts',(-101.112645900976,5.36851490554382,24.1386988016018));
#10117=CARTESIAN_POINT('',(-100.867089010254,5.57588184890319,25.5085567403726));
#10118=CARTESIAN_POINT('Ctrl Pts',(-100.867089010254,5.57588184890319,25.5085567403726));
#10119=CARTESIAN_POINT('Ctrl Pts',(-100.961084929336,5.51568785348926,25.3534634738874));
#10120=CARTESIAN_POINT('Ctrl Pts',(-101.179098694809,5.37607413698733,24.9937407608573));
#10121=CARTESIAN_POINT('Ctrl Pts',(-101.409296206384,5.37125582062733,24.6139148667582));
#10122=CARTESIAN_POINT('Ctrl Pts',(-101.540244816753,5.36851490554382,24.3978496596484));
#10123=CARTESIAN_POINT('',(-100.439490094477,5.57588184890319,25.249405882326));
#10124=CARTESIAN_POINT('',(-100.867089010254,5.57588184890319,25.5085567403726));
#10125=CARTESIAN_POINT('Ctrl Pts',(-100.439490094477,5.57588184890319,25.2494058823259));
#10126=CARTESIAN_POINT('Ctrl Pts',(-100.533486013559,5.51568785348926,25.0943126158407));
#10127=CARTESIAN_POINT('Ctrl Pts',(-100.751499779032,5.37607413698733,24.7345899028106));
#10128=CARTESIAN_POINT('Ctrl Pts',(-100.981697290607,5.37125582062733,24.3547640087115));
#10129=CARTESIAN_POINT('Ctrl Pts',(-101.112645900976,5.36851490554382,24.1386988016018));
#10130=CARTESIAN_POINT('Ctrl Pts',(-100.505055427645,6.25255311545898,26.1059121516782));
#10131=CARTESIAN_POINT('Ctrl Pts',(-100.077456511868,6.25255311545898,25.8467612936315));
#10132=CARTESIAN_POINT('Ctrl Pts',(-100.551683497,6.10654206195464,26.028975837241));
#10133=CARTESIAN_POINT('Ctrl Pts',(-100.124084581223,6.10654206195464,25.7698249791943));
#10134=CARTESIAN_POINT('Ctrl Pts',(-100.642722759817,5.82146187618323,25.8787610535934));
#10135=CARTESIAN_POINT('Ctrl Pts',(-100.21512384404,5.82146187618323,25.6196101955468));
#10136=CARTESIAN_POINT('Ctrl Pts',(-100.793524304545,5.65640208044311,25.6299385047928));
#10137=CARTESIAN_POINT('Ctrl Pts',(-100.365925388768,5.65640208044311,25.3707876467462));
#10138=CARTESIAN_POINT('Ctrl Pts',(-100.867089010254,5.57588184890319,25.5085567403726));
#10139=CARTESIAN_POINT('Ctrl Pts',(-100.439490094477,5.57588184890319,25.249405882326));
#10140=CARTESIAN_POINT('',(-100.505055427645,6.25255311545898,26.1059121516782));
#10141=CARTESIAN_POINT('Ctrl Pts',(-100.505055427645,6.25255311545898,26.1059121516782));
#10142=CARTESIAN_POINT('Ctrl Pts',(-100.551683497,6.10654206195464,26.028975837241));
#10143=CARTESIAN_POINT('Ctrl Pts',(-100.642722759817,5.82146187618323,25.8787610535934));
#10144=CARTESIAN_POINT('Ctrl Pts',(-100.793524304545,5.65640208044311,25.6299385047928));
#10145=CARTESIAN_POINT('Ctrl Pts',(-100.867089010254,5.57588184890319,25.5085567403726));
#10146=CARTESIAN_POINT('',(-100.077456511868,6.25255311545898,25.8467612936315));
#10147=CARTESIAN_POINT('',(-100.505055427645,6.25255311545898,26.1059121516782));
#10148=CARTESIAN_POINT('Ctrl Pts',(-100.077456511868,6.25255311545898,25.8467612936315));
#10149=CARTESIAN_POINT('Ctrl Pts',(-100.124084581223,6.10654206195464,25.7698249791943));
#10150=CARTESIAN_POINT('Ctrl Pts',(-100.21512384404,5.82146187618323,25.6196101955468));
#10151=CARTESIAN_POINT('Ctrl Pts',(-100.365925388768,5.65640208044311,25.3707876467462));
#10152=CARTESIAN_POINT('Ctrl Pts',(-100.439490094477,5.57588184890319,25.2494058823259));
#10153=CARTESIAN_POINT('Ctrl Pts',(-100.372121414613,7.3712428909259,26.3252532731809));
#10154=CARTESIAN_POINT('Ctrl Pts',(-99.9445224988355,7.3712428909259,26.0661024151342));
#10155=CARTESIAN_POINT('Ctrl Pts',(-100.376563985094,7.16768420604798,26.3179230318873));
#10156=CARTESIAN_POINT('Ctrl Pts',(-99.9489650693165,7.16768420604798,26.0587721738406));
#10157=CARTESIAN_POINT('Ctrl Pts',(-100.385057275338,6.77852144548536,26.3039091029845));
#10158=CARTESIAN_POINT('Ctrl Pts',(-99.9574583595606,6.77852144548536,26.0447582449378));
#10159=CARTESIAN_POINT('Ctrl Pts',(-100.466305547279,6.42239914619268,26.1698494542817));
#10160=CARTESIAN_POINT('Ctrl Pts',(-100.038706631502,6.42239914619268,25.910698596235));
#10161=CARTESIAN_POINT('Ctrl Pts',(-100.505055427645,6.25255311545898,26.1059121516782));
#10162=CARTESIAN_POINT('Ctrl Pts',(-100.077456511868,6.25255311545898,25.8467612936315));
#10163=CARTESIAN_POINT('',(-100.372121414613,7.3712428909259,26.3252532731809));
#10164=CARTESIAN_POINT('Ctrl Pts',(-100.372121414613,7.3712428909259,26.3252532731809));
#10165=CARTESIAN_POINT('Ctrl Pts',(-100.376563985094,7.16768420604798,26.3179230318873));
#10166=CARTESIAN_POINT('Ctrl Pts',(-100.385057275338,6.77852144548536,26.3039091029845));
#10167=CARTESIAN_POINT('Ctrl Pts',(-100.466305547279,6.42239914619268,26.1698494542817));
#10168=CARTESIAN_POINT('Ctrl Pts',(-100.505055427645,6.25255311545898,26.1059121516782));
#10169=CARTESIAN_POINT('',(-99.9445224988355,7.3712428909259,26.0661024151342));
#10170=CARTESIAN_POINT('',(-100.372121414613,7.3712428909259,26.3252532731809));
#10171=CARTESIAN_POINT('Ctrl Pts',(-99.9445224988355,7.3712428909259,26.0661024151342));
#10172=CARTESIAN_POINT('Ctrl Pts',(-99.9489650693165,7.16768420604798,26.0587721738406));
#10173=CARTESIAN_POINT('Ctrl Pts',(-99.9574583595606,6.77852144548536,26.0447582449378));
#10174=CARTESIAN_POINT('Ctrl Pts',(-100.038706631502,6.42239914619268,25.910698596235));
#10175=CARTESIAN_POINT('Ctrl Pts',(-100.077456511868,6.25255311545898,25.8467612936315));
#10176=CARTESIAN_POINT('Ctrl Pts',(-100.785065738077,9.10657788333465,25.6438951394637));
#10177=CARTESIAN_POINT('Ctrl Pts',(-100.3574668223,9.10657788333465,25.3847442814171));
#10178=CARTESIAN_POINT('Ctrl Pts',(-100.664623699547,8.86259858512334,25.8426245030387));
#10179=CARTESIAN_POINT('Ctrl Pts',(-100.23702478377,8.86259858512334,25.583473644992));
#10180=CARTESIAN_POINT('Ctrl Pts',(-100.42404581477,8.37526024205605,26.2395780129204));
#10181=CARTESIAN_POINT('Ctrl Pts',(-99.9964468989934,8.37526024205605,25.9804271548737));
#10182=CARTESIAN_POINT('Ctrl Pts',(-100.389414855969,7.70563125419117,26.2967190949432));
#10183=CARTESIAN_POINT('Ctrl Pts',(-99.9618159401917,7.70563125419117,26.0375682368966));
#10184=CARTESIAN_POINT('Ctrl Pts',(-100.372121414613,7.3712428909259,26.3252532731809));
#10185=CARTESIAN_POINT('Ctrl Pts',(-99.9445224988355,7.3712428909259,26.0661024151342));
#10186=CARTESIAN_POINT('',(-100.785065738077,9.10657788333465,25.6438951394637));
#10187=CARTESIAN_POINT('Ctrl Pts',(-100.785065738077,9.10657788333465,25.6438951394637));
#10188=CARTESIAN_POINT('Ctrl Pts',(-100.664623699547,8.86259858512334,25.8426245030387));
#10189=CARTESIAN_POINT('Ctrl Pts',(-100.42404581477,8.37526024205605,26.2395780129204));
#10190=CARTESIAN_POINT('Ctrl Pts',(-100.389414855969,7.70563125419117,26.2967190949432));
#10191=CARTESIAN_POINT('Ctrl Pts',(-100.372121414613,7.3712428909259,26.3252532731809));
#10192=CARTESIAN_POINT('',(-100.3574668223,9.10657788333465,25.3847442814171));
#10193=CARTESIAN_POINT('',(-100.785065738077,9.10657788333465,25.6438951394637));
#10194=CARTESIAN_POINT('Ctrl Pts',(-100.3574668223,9.10657788333465,25.3847442814171));
#10195=CARTESIAN_POINT('Ctrl Pts',(-100.23702478377,8.86259858512334,25.583473644992));
#10196=CARTESIAN_POINT('Ctrl Pts',(-99.9964468989934,8.37526024205605,25.9804271548737));
#10197=CARTESIAN_POINT('Ctrl Pts',(-99.9618159401917,7.70563125419117,26.0375682368966));
#10198=CARTESIAN_POINT('Ctrl Pts',(-99.9445224988355,7.3712428909259,26.0661024151342));
#10199=CARTESIAN_POINT('Origin',(-99.2973346796387,9.10657788333465,28.0986513858877));
#10200=CARTESIAN_POINT('',(-99.2973346796387,9.10657788333465,28.0986513858877));
#10201=CARTESIAN_POINT('',(-97.1486680476245,9.10657788333465,31.6439513287111));
#10202=CARTESIAN_POINT('',(-98.8697357638617,9.10657788333465,27.8395005278411));
#10203=CARTESIAN_POINT('',(-99.2973346796387,9.10657788333465,28.0986513858877));
#10204=CARTESIAN_POINT('',(-98.8697357638617,9.10657788333465,27.8395005278411));
#10205=CARTESIAN_POINT('Origin',(-99.2973346796387,10.0888421636539,28.0986513858877));
#10206=CARTESIAN_POINT('',(-99.2973346796387,10.0888421636539,28.0986513858877));
#10207=CARTESIAN_POINT('',(-99.2973346796387,20.100858335779,28.0986513858877));
#10208=CARTESIAN_POINT('',(-98.8697357638617,10.0888421636539,27.8395005278411));
#10209=CARTESIAN_POINT('',(-99.2973346796387,10.0888421636539,28.0986513858877));
#10210=CARTESIAN_POINT('',(-98.8697357638617,10.0888421636539,27.8395005278411));
#10211=CARTESIAN_POINT('Origin',(-103.443748470172,10.0888421636539,21.2570686315081));
#10212=CARTESIAN_POINT('',(-103.443748470172,10.0888421636539,21.2570686315081));
#10213=CARTESIAN_POINT('',(-99.2218749428911,10.0888421636539,28.2231599515213));
#10214=CARTESIAN_POINT('',(-103.016149554395,10.0888421636539,20.9979177734614));
#10215=CARTESIAN_POINT('',(-103.443748470172,10.0888421636539,21.2570686315081));
#10216=CARTESIAN_POINT('',(-103.016149554395,10.0888421636539,20.9979177734614));
#10217=CARTESIAN_POINT('Origin',(-103.443748470172,9.10657788333465,21.2570686315081));
#10218=CARTESIAN_POINT('',(-103.443748470172,19.6097261956194,21.2570686315081));
#10219=CARTESIAN_POINT('',(-103.016149554395,9.10657788333465,20.9979177734614));
#10220=CARTESIAN_POINT('Origin',(-104.177201968817,0.0479147088246457,19.0821812896646));
#10221=CARTESIAN_POINT('Ctrl Pts',(-102.632001798679,-2.15126787605713,
22.596450639471));
#10222=CARTESIAN_POINT('Ctrl Pts',(-102.204402882902,-2.15126787605713,
22.3372997814244));
#10223=CARTESIAN_POINT('Ctrl Pts',(-102.561402966505,-2.19718955936751,
22.7129387125591));
#10224=CARTESIAN_POINT('Ctrl Pts',(-102.133804050728,-2.19718955936751,
22.4537878545124));
#10225=CARTESIAN_POINT('Ctrl Pts',(-102.396680829803,-2.30433464325682,
22.9847302381173));
#10226=CARTESIAN_POINT('Ctrl Pts',(-101.969081914026,-2.30433464325682,
22.7255793800706));
#10227=CARTESIAN_POINT('Ctrl Pts',(-102.222449275462,-2.30763483882439,
23.2722123027793));
#10228=CARTESIAN_POINT('Ctrl Pts',(-101.794850359685,-2.30763483882439,
23.0130614447326));
#10229=CARTESIAN_POINT('Ctrl Pts',(-102.122892227601,-2.30952059212159,
23.4364814317506));
#10230=CARTESIAN_POINT('Ctrl Pts',(-101.695293311824,-2.30952059212159,
23.177330573704));
#10231=CARTESIAN_POINT('',(-102.632001798679,-2.15126787605713,22.596450639471));
#10232=CARTESIAN_POINT('',(-102.122892227601,-2.30952059212159,23.4364814317506));
#10233=CARTESIAN_POINT('Ctrl Pts',(-102.632001798679,-2.15126787605713,
22.596450639471));
#10234=CARTESIAN_POINT('Ctrl Pts',(-102.561402966505,-2.19718955936751,
22.7129387125591));
#10235=CARTESIAN_POINT('Ctrl Pts',(-102.396680829803,-2.30433464325682,
22.9847302381173));
#10236=CARTESIAN_POINT('Ctrl Pts',(-102.222449275462,-2.30763483882439,
23.2722123027793));
#10237=CARTESIAN_POINT('Ctrl Pts',(-102.122892227601,-2.30952059212159,
23.4364814317506));
#10238=CARTESIAN_POINT('',(-102.204402882902,-2.15126787605713,22.3372997814244));
#10239=CARTESIAN_POINT('',(-102.632001798679,-2.15126787605713,22.596450639471));
#10240=CARTESIAN_POINT('',(-101.695293311824,-2.30952059212159,23.177330573704));
#10241=CARTESIAN_POINT('Ctrl Pts',(-102.204402882902,-2.15126787605713,
22.3372997814244));
#10242=CARTESIAN_POINT('Ctrl Pts',(-102.133804050728,-2.19718955936751,
22.4537878545124));
#10243=CARTESIAN_POINT('Ctrl Pts',(-101.969081914026,-2.30433464325682,
22.7255793800706));
#10244=CARTESIAN_POINT('Ctrl Pts',(-101.794850359685,-2.30763483882439,
23.0130614447326));
#10245=CARTESIAN_POINT('Ctrl Pts',(-101.695293311824,-2.30952059212159,
23.177330573704));
#10246=CARTESIAN_POINT('',(-102.122892227601,-2.30952059212159,23.4364814317506));
#10247=CARTESIAN_POINT('Ctrl Pts',(-102.985549948881,-1.50188003960084,
22.0130961916384));
#10248=CARTESIAN_POINT('Ctrl Pts',(-102.557951033104,-1.50188003960084,
21.7539453335917));
#10249=CARTESIAN_POINT('Ctrl Pts',(-102.938915530686,-1.63885660395749,
22.09004298166));
#10250=CARTESIAN_POINT('Ctrl Pts',(-102.511316614909,-1.63885660395749,
21.8308921236134));
#10251=CARTESIAN_POINT('Ctrl Pts',(-102.847138462331,-1.90842804918147,
22.2414751444457));
#10252=CARTESIAN_POINT('Ctrl Pts',(-102.419539546554,-1.90842804918147,
21.982324286399));
#10253=CARTESIAN_POINT('Ctrl Pts',(-102.702932700737,-2.07120319678036,
22.479414651075));
#10254=CARTESIAN_POINT('Ctrl Pts',(-102.27533378496,-2.07120319678036,22.2202637930283));
#10255=CARTESIAN_POINT('Ctrl Pts',(-102.632001798679,-2.15126787605713,
22.596450639471));
#10256=CARTESIAN_POINT('Ctrl Pts',(-102.204402882902,-2.15126787605713,
22.3372997814244));
#10257=CARTESIAN_POINT('',(-102.985549948881,-1.50188003960084,22.0130961916384));
#10258=CARTESIAN_POINT('Ctrl Pts',(-102.985549948881,-1.50188003960084,
22.0130961916384));
#10259=CARTESIAN_POINT('Ctrl Pts',(-102.938915530686,-1.63885660395749,
22.09004298166));
#10260=CARTESIAN_POINT('Ctrl Pts',(-102.847138462331,-1.90842804918147,
22.2414751444457));
#10261=CARTESIAN_POINT('Ctrl Pts',(-102.702932700737,-2.07120319678036,
22.479414651075));
#10262=CARTESIAN_POINT('Ctrl Pts',(-102.632001798679,-2.15126787605713,
22.596450639471));
#10263=CARTESIAN_POINT('',(-102.557951033104,-1.50188003960084,21.7539453335917));
#10264=CARTESIAN_POINT('',(-102.985549948881,-1.50188003960084,22.0130961916384));
#10265=CARTESIAN_POINT('Ctrl Pts',(-102.557951033104,-1.50188003960084,
21.7539453335917));
#10266=CARTESIAN_POINT('Ctrl Pts',(-102.511316614909,-1.63885660395749,
21.8308921236134));
#10267=CARTESIAN_POINT('Ctrl Pts',(-102.419539546554,-1.90842804918147,
21.982324286399));
#10268=CARTESIAN_POINT('Ctrl Pts',(-102.27533378496,-2.07120319678036,22.2202637930283));
#10269=CARTESIAN_POINT('Ctrl Pts',(-102.204402882902,-2.15126787605713,
22.3372997814244));
#10270=CARTESIAN_POINT('Ctrl Pts',(-103.112827418883,-0.492331137089241,
21.8030883661341));
#10271=CARTESIAN_POINT('Ctrl Pts',(-102.685228503106,-0.492331137089241,
21.5439375080874));
#10272=CARTESIAN_POINT('Ctrl Pts',(-103.108195986033,-0.673900424551752,
21.8107302303367));
#10273=CARTESIAN_POINT('Ctrl Pts',(-102.680597070256,-0.673900424551752,
21.55157937229));
#10274=CARTESIAN_POINT('Ctrl Pts',(-103.099205124669,-1.02637542406199,
21.8255651515873));
#10275=CARTESIAN_POINT('Ctrl Pts',(-102.671606208892,-1.02637542406199,
21.5664142935407));
#10276=CARTESIAN_POINT('Ctrl Pts',(-103.0226631216,-1.34660787708889,21.9518594566514));
#10277=CARTESIAN_POINT('Ctrl Pts',(-102.595064205823,-1.34660787708889,
21.6927085986047));
#10278=CARTESIAN_POINT('Ctrl Pts',(-102.985549948881,-1.50188003960084,
22.0130961916384));
#10279=CARTESIAN_POINT('Ctrl Pts',(-102.557951033104,-1.50188003960084,
21.7539453335917));
#10280=CARTESIAN_POINT('',(-103.112827418883,-0.492331137089241,21.8030883661341));
#10281=CARTESIAN_POINT('Ctrl Pts',(-103.112827418883,-0.492331137089241,
21.8030883661341));
#10282=CARTESIAN_POINT('Ctrl Pts',(-103.108195986033,-0.673900424551752,
21.8107302303367));
#10283=CARTESIAN_POINT('Ctrl Pts',(-103.099205124669,-1.02637542406199,
21.8255651515873));
#10284=CARTESIAN_POINT('Ctrl Pts',(-103.0226631216,-1.34660787708889,21.9518594566514));
#10285=CARTESIAN_POINT('Ctrl Pts',(-102.985549948881,-1.50188003960084,
22.0130961916384));
#10286=CARTESIAN_POINT('',(-102.685228503106,-0.492331137089241,21.5439375080874));
#10287=CARTESIAN_POINT('',(-103.112827418883,-0.492331137089241,21.8030883661341));
#10288=CARTESIAN_POINT('Ctrl Pts',(-102.685228503106,-0.492331137089241,
21.5439375080874));
#10289=CARTESIAN_POINT('Ctrl Pts',(-102.680597070256,-0.673900424551752,
21.55157937229));
#10290=CARTESIAN_POINT('Ctrl Pts',(-102.671606208892,-1.02637542406199,
21.5664142935407));
#10291=CARTESIAN_POINT('Ctrl Pts',(-102.595064205823,-1.34660787708889,
21.6927085986047));
#10292=CARTESIAN_POINT('Ctrl Pts',(-102.557951033104,-1.50188003960084,
21.7539453335917));
#10293=CARTESIAN_POINT('Ctrl Pts',(-102.977064825405,0.380793462367546,
22.0270966453737));
#10294=CARTESIAN_POINT('Ctrl Pts',(-102.549465909628,0.380793462367546,
21.767945787327));
#10295=CARTESIAN_POINT('Ctrl Pts',(-103.01656180002,0.261438131749943,21.9619266372588));
#10296=CARTESIAN_POINT('Ctrl Pts',(-102.588962884243,0.261438131749943,
21.7027757792122));
#10297=CARTESIAN_POINT('Ctrl Pts',(-103.104216712941,-0.00344496914324477,
21.8172960309393));
#10298=CARTESIAN_POINT('Ctrl Pts',(-102.676617797164,-0.00344496914324477,
21.5581451728926));
#10299=CARTESIAN_POINT('Ctrl Pts',(-103.109774144898,-0.318976777013089,
21.8081262682102));
#10300=CARTESIAN_POINT('Ctrl Pts',(-102.682175229121,-0.318976777013089,
21.5489754101635));
#10301=CARTESIAN_POINT('Ctrl Pts',(-103.112827418883,-0.492331137089241,
21.8030883661341));
#10302=CARTESIAN_POINT('Ctrl Pts',(-102.685228503106,-0.492331137089241,
21.5439375080874));
#10303=CARTESIAN_POINT('',(-102.977064825405,0.380793462367546,22.0270966453737));
#10304=CARTESIAN_POINT('Ctrl Pts',(-102.977064825405,0.380793462367546,
22.0270966453737));
#10305=CARTESIAN_POINT('Ctrl Pts',(-103.01656180002,0.261438131749943,21.9619266372588));
#10306=CARTESIAN_POINT('Ctrl Pts',(-103.104216712941,-0.00344496914324477,
21.8172960309393));
#10307=CARTESIAN_POINT('Ctrl Pts',(-103.109774144898,-0.318976777013089,
21.8081262682102));
#10308=CARTESIAN_POINT('Ctrl Pts',(-103.112827418883,-0.492331137089241,
21.8030883661341));
#10309=CARTESIAN_POINT('',(-102.549465909628,0.380793462367546,21.767945787327));
#10310=CARTESIAN_POINT('',(-102.977064825405,0.380793462367546,22.0270966453737));
#10311=CARTESIAN_POINT('Ctrl Pts',(-102.549465909628,0.380793462367546,
21.767945787327));
#10312=CARTESIAN_POINT('Ctrl Pts',(-102.588962884243,0.261438131749943,
21.7027757792122));
#10313=CARTESIAN_POINT('Ctrl Pts',(-102.676617797164,-0.00344496914324477,
21.5581451728926));
#10314=CARTESIAN_POINT('Ctrl Pts',(-102.682175229121,-0.318976777013089,
21.5489754101635));
#10315=CARTESIAN_POINT('Ctrl Pts',(-102.685228503106,-0.492331137089241,
21.5439375080874));
#10316=CARTESIAN_POINT('Ctrl Pts',(-102.63765865064,0.675472865672599,22.587116833735));
#10317=CARTESIAN_POINT('Ctrl Pts',(-102.210059734863,0.675472865672599,
22.3279659756883));
#10318=CARTESIAN_POINT('Ctrl Pts',(-102.70273381276,0.663145875990689,22.479742816237));
#10319=CARTESIAN_POINT('Ctrl Pts',(-102.275134896983,0.663145875990689,
22.2205919581903));
#10320=CARTESIAN_POINT('Ctrl Pts',(-102.833013066446,0.638467473914872,
22.2647820476562));
#10321=CARTESIAN_POINT('Ctrl Pts',(-102.405414150669,0.638467473914872,
22.0056311896096));
#10322=CARTESIAN_POINT('Ctrl Pts',(-102.929015903031,0.466741448480614,
22.1063773672904));
#10323=CARTESIAN_POINT('Ctrl Pts',(-102.501416987254,0.466741448480614,
21.8472265092438));
#10324=CARTESIAN_POINT('Ctrl Pts',(-102.977064825405,0.380793462367546,
22.0270966453737));
#10325=CARTESIAN_POINT('Ctrl Pts',(-102.549465909628,0.380793462367546,
21.767945787327));
#10326=CARTESIAN_POINT('',(-102.63765865064,0.675472865672599,22.587116833735));
#10327=CARTESIAN_POINT('Ctrl Pts',(-102.63765865064,0.675472865672599,22.587116833735));
#10328=CARTESIAN_POINT('Ctrl Pts',(-102.70273381276,0.663145875990689,22.479742816237));
#10329=CARTESIAN_POINT('Ctrl Pts',(-102.833013066446,0.638467473914872,
22.2647820476562));
#10330=CARTESIAN_POINT('Ctrl Pts',(-102.929015903031,0.466741448480614,
22.1063773672904));
#10331=CARTESIAN_POINT('Ctrl Pts',(-102.977064825405,0.380793462367546,
22.0270966453737));
#10332=CARTESIAN_POINT('',(-102.210059734863,0.675472865672599,22.3279659756883));
#10333=CARTESIAN_POINT('',(-102.63765865064,0.675472865672599,22.587116833735));
#10334=CARTESIAN_POINT('Ctrl Pts',(-102.210059734863,0.675472865672599,
22.3279659756883));
#10335=CARTESIAN_POINT('Ctrl Pts',(-102.275134896983,0.663145875990689,
22.2205919581903));
#10336=CARTESIAN_POINT('Ctrl Pts',(-102.405414150669,0.638467473914872,
22.0056311896096));
#10337=CARTESIAN_POINT('Ctrl Pts',(-102.501416987254,0.466741448480614,
21.8472265092438));
#10338=CARTESIAN_POINT('Ctrl Pts',(-102.549465909628,0.380793462367546,
21.767945787327));
#10339=CARTESIAN_POINT('Ctrl Pts',(-102.397245686072,0.539047370524897,
22.9837982252723));
#10340=CARTESIAN_POINT('Ctrl Pts',(-101.969646770295,0.539047370524897,
22.7246473672256));
#10341=CARTESIAN_POINT('Ctrl Pts',(-102.434322631098,0.578837579059648,
22.9226212659803));
#10342=CARTESIAN_POINT('Ctrl Pts',(-102.006723715321,0.578837579059648,
22.6634704079336));
#10343=CARTESIAN_POINT('Ctrl Pts',(-102.509128907208,0.659118123319729,
22.799190910398));
#10344=CARTESIAN_POINT('Ctrl Pts',(-102.081529991431,0.659118123319729,
22.5400400523514));
#10345=CARTESIAN_POINT('Ctrl Pts',(-102.594567033995,0.669989681243961,
22.6582180011999));
#10346=CARTESIAN_POINT('Ctrl Pts',(-102.166968118218,0.669989681243961,
22.3990671431532));
#10347=CARTESIAN_POINT('Ctrl Pts',(-102.63765865064,0.675472865672599,22.587116833735));
#10348=CARTESIAN_POINT('Ctrl Pts',(-102.210059734863,0.675472865672599,
22.3279659756883));
#10349=CARTESIAN_POINT('',(-102.397245686072,0.539047370524897,22.9837982252723));
#10350=CARTESIAN_POINT('Ctrl Pts',(-102.397245686072,0.539047370524897,
22.9837982252723));
#10351=CARTESIAN_POINT('Ctrl Pts',(-102.434322631098,0.578837579059648,
22.9226212659803));
#10352=CARTESIAN_POINT('Ctrl Pts',(-102.509128907208,0.659118123319729,
22.799190910398));
#10353=CARTESIAN_POINT('Ctrl Pts',(-102.594567033995,0.669989681243961,
22.6582180011999));
#10354=CARTESIAN_POINT('Ctrl Pts',(-102.63765865064,0.675472865672599,22.587116833735));
#10355=CARTESIAN_POINT('',(-101.969646770295,0.539047370524897,22.7246473672256));
#10356=CARTESIAN_POINT('',(-102.397245686072,0.539047370524897,22.9837982252723));
#10357=CARTESIAN_POINT('Ctrl Pts',(-101.969646770295,0.539047370524897,
22.7246473672256));
#10358=CARTESIAN_POINT('Ctrl Pts',(-102.006723715321,0.578837579059648,
22.6634704079336));
#10359=CARTESIAN_POINT('Ctrl Pts',(-102.081529991431,0.659118123319729,
22.5400400523514));
#10360=CARTESIAN_POINT('Ctrl Pts',(-102.166968118218,0.669989681243961,
22.3990671431532));
#10361=CARTESIAN_POINT('Ctrl Pts',(-102.210059734863,0.675472865672599,
22.3279659756883));
#10362=CARTESIAN_POINT('Ctrl Pts',(-102.230370870205,0.151598105998529,
23.2591416714537));
#10363=CARTESIAN_POINT('Ctrl Pts',(-101.802771954428,0.151598105998529,
22.999990813407));
#10364=CARTESIAN_POINT('Ctrl Pts',(-102.251061019907,0.229989951631542,
23.2250029244452));
#10365=CARTESIAN_POINT('Ctrl Pts',(-101.82346210413,0.229989951631542,22.9658520663986));
#10366=CARTESIAN_POINT('Ctrl Pts',(-102.291581459049,0.383515762511704,
23.1581441998599));
#10367=CARTESIAN_POINT('Ctrl Pts',(-101.863982543272,0.383515762511704,
22.8989933418133));
#10368=CARTESIAN_POINT('Ctrl Pts',(-102.362526101826,0.487942158103145,
23.0410855392787));
#10369=CARTESIAN_POINT('Ctrl Pts',(-101.934927186049,0.487942158103145,
22.7819346812321));
#10370=CARTESIAN_POINT('Ctrl Pts',(-102.397245686072,0.539047370524897,
22.9837982252723));
#10371=CARTESIAN_POINT('Ctrl Pts',(-101.969646770295,0.539047370524897,
22.7246473672256));
#10372=CARTESIAN_POINT('',(-102.230370870205,0.151598105998529,23.2591416714537));
#10373=CARTESIAN_POINT('Ctrl Pts',(-102.230370870205,0.151598105998529,
23.2591416714537));
#10374=CARTESIAN_POINT('Ctrl Pts',(-102.251061019907,0.229989951631542,
23.2250029244452));
#10375=CARTESIAN_POINT('Ctrl Pts',(-102.291581459049,0.383515762511704,
23.1581441998599));
#10376=CARTESIAN_POINT('Ctrl Pts',(-102.362526101826,0.487942158103145,
23.0410855392787));
#10377=CARTESIAN_POINT('Ctrl Pts',(-102.397245686072,0.539047370524897,
22.9837982252723));
#10378=CARTESIAN_POINT('',(-101.802771954428,0.151598105998529,22.999990813407));
#10379=CARTESIAN_POINT('',(-102.230370870205,0.151598105998529,23.2591416714537));
#10380=CARTESIAN_POINT('Ctrl Pts',(-101.802771954428,0.151598105998529,
22.999990813407));
#10381=CARTESIAN_POINT('Ctrl Pts',(-101.82346210413,0.229989951631542,22.9658520663986));
#10382=CARTESIAN_POINT('Ctrl Pts',(-101.863982543272,0.383515762511704,
22.8989933418133));
#10383=CARTESIAN_POINT('Ctrl Pts',(-101.934927186049,0.487942158103145,
22.781934681232));
#10384=CARTESIAN_POINT('Ctrl Pts',(-101.969646770295,0.539047370524897,
22.7246473672256));
#10385=CARTESIAN_POINT('Ctrl Pts',(-102.128549079562,-0.705155481724249,
23.4271476260146));
#10386=CARTESIAN_POINT('Ctrl Pts',(-101.700950163785,-0.705155481724249,
23.1679967679679));
#10387=CARTESIAN_POINT('Ctrl Pts',(-102.141454288511,-0.531349966761228,
23.4058540312478));
#10388=CARTESIAN_POINT('Ctrl Pts',(-101.713855372734,-0.531349966761228,
23.1467031732011));
#10389=CARTESIAN_POINT('Ctrl Pts',(-102.16308492518,-0.240031634774212,
23.3701634807448));
#10390=CARTESIAN_POINT('Ctrl Pts',(-101.735486009403,-0.240031634774212,
23.1110126226981));
#10391=CARTESIAN_POINT('Ctrl Pts',(-102.211030462887,0.0390295940837437,
23.2910533435278));
#10392=CARTESIAN_POINT('Ctrl Pts',(-101.78343154711,0.0390295940837437,
23.0319024854811));
#10393=CARTESIAN_POINT('Ctrl Pts',(-102.230370870205,0.151598105998529,
23.2591416714537));
#10394=CARTESIAN_POINT('Ctrl Pts',(-101.802771954428,0.151598105998529,
22.999990813407));
#10395=CARTESIAN_POINT('',(-102.128549079562,-0.705155481724249,23.4271476260146));
#10396=CARTESIAN_POINT('Ctrl Pts',(-102.128549079562,-0.705155481724249,
23.4271476260146));
#10397=CARTESIAN_POINT('Ctrl Pts',(-102.141454288511,-0.531349966761228,
23.4058540312478));
#10398=CARTESIAN_POINT('Ctrl Pts',(-102.16308492518,-0.240031634774212,
23.3701634807448));
#10399=CARTESIAN_POINT('Ctrl Pts',(-102.211030462887,0.0390295940837437,
23.2910533435278));
#10400=CARTESIAN_POINT('Ctrl Pts',(-102.230370870205,0.151598105998529,
23.2591416714537));
#10401=CARTESIAN_POINT('',(-101.700950163785,-0.705155481724249,23.1679967679679));
#10402=CARTESIAN_POINT('',(-102.128549079562,-0.705155481724249,23.4271476260146));
#10403=CARTESIAN_POINT('Ctrl Pts',(-101.700950163785,-0.705155481724249,
23.1679967679679));
#10404=CARTESIAN_POINT('Ctrl Pts',(-101.713855372734,-0.531349966761228,
23.1467031732011));
#10405=CARTESIAN_POINT('Ctrl Pts',(-101.735486009403,-0.240031634774212,
23.1110126226981));
#10406=CARTESIAN_POINT('Ctrl Pts',(-101.78343154711,0.0390295940837437,
23.0319024854811));
#10407=CARTESIAN_POINT('Ctrl Pts',(-101.802771954428,0.151598105998529,
22.999990813407));
#10408=CARTESIAN_POINT('Ctrl Pts',(-101.936218893267,-2.30952059212159,
23.7444924334018));
#10409=CARTESIAN_POINT('Ctrl Pts',(-101.50861997749,-2.30952059212159,23.4853415753552));
#10410=CARTESIAN_POINT('Ctrl Pts',(-101.973943884368,-2.08801111446747,
23.6822461980841));
#10411=CARTESIAN_POINT('Ctrl Pts',(-101.546344968591,-2.08801111446747,
23.4230953400374));
#10412=CARTESIAN_POINT('Ctrl Pts',(-102.063047350917,-1.5648231227402,23.5352254782785));
#10413=CARTESIAN_POINT('Ctrl Pts',(-101.63544843514,-1.5648231227402,23.2760746202318));
#10414=CARTESIAN_POINT('Ctrl Pts',(-102.104593125443,-1.01956181864638,
23.46667495031));
#10415=CARTESIAN_POINT('Ctrl Pts',(-101.676994209666,-1.01956181864638,
23.2075240922633));
#10416=CARTESIAN_POINT('Ctrl Pts',(-102.128549079562,-0.705155481724249,
23.4271476260146));
#10417=CARTESIAN_POINT('Ctrl Pts',(-101.700950163785,-0.705155481724249,
23.1679967679679));
#10418=CARTESIAN_POINT('',(-101.936218893267,-2.30952059212159,23.7444924334018));
#10419=CARTESIAN_POINT('Ctrl Pts',(-101.936218893267,-2.30952059212159,
23.7444924334018));
#10420=CARTESIAN_POINT('Ctrl Pts',(-101.973943884368,-2.08801111446747,
23.6822461980841));
#10421=CARTESIAN_POINT('Ctrl Pts',(-102.063047350917,-1.5648231227402,23.5352254782785));
#10422=CARTESIAN_POINT('Ctrl Pts',(-102.104593125443,-1.01956181864638,
23.46667495031));
#10423=CARTESIAN_POINT('Ctrl Pts',(-102.128549079562,-0.705155481724249,
23.4271476260146));
#10424=CARTESIAN_POINT('',(-101.50861997749,-2.30952059212159,23.4853415753552));
#10425=CARTESIAN_POINT('',(-101.936218893267,-2.30952059212159,23.7444924334018));
#10426=CARTESIAN_POINT('Ctrl Pts',(-101.508619977489,-2.30952059212159,
23.4853415753552));
#10427=CARTESIAN_POINT('Ctrl Pts',(-101.546344968591,-2.08801111446747,
23.4230953400374));
#10428=CARTESIAN_POINT('Ctrl Pts',(-101.63544843514,-1.5648231227402,23.2760746202318));
#10429=CARTESIAN_POINT('Ctrl Pts',(-101.676994209666,-1.01956181864638,
23.2075240922633));
#10430=CARTESIAN_POINT('Ctrl Pts',(-101.700950163785,-0.705155481724249,
23.1679967679679));
#10431=CARTESIAN_POINT('Origin',(-102.122892227601,-2.30952059212159,23.4364814317506));
#10432=CARTESIAN_POINT('',(-98.5614468216055,-2.30952059212158,29.3128663516426));
#10433=CARTESIAN_POINT('',(-101.695293311824,-2.30952059212159,23.177330573704));
#10434=CARTESIAN_POINT('Origin',(-103.443748470172,-3.61374889793824,21.2570686315081));
#10435=CARTESIAN_POINT('',(-103.443748470172,-3.61374889793824,21.2570686315081));
#10436=CARTESIAN_POINT('',(-103.443748470172,-2.58782898369264,21.2570686315081));
#10437=CARTESIAN_POINT('',(-103.443748470172,13.2495628049829,21.2570686315081));
#10438=CARTESIAN_POINT('',(-103.016149554395,-3.61374889793824,20.9979177734614));
#10439=CARTESIAN_POINT('',(-103.443748470172,-3.61374889793824,21.2570686315081));
#10440=CARTESIAN_POINT('',(-103.016149554395,-2.58782898369264,20.9979177734614));
#10441=CARTESIAN_POINT('',(-103.016149554395,-3.61374889793824,20.9979177734614));
#10442=CARTESIAN_POINT('',(-103.443748470172,-2.58782898369264,21.2570686315081));
#10443=CARTESIAN_POINT('Ctrl Pts',(-103.084543468009,-3.36272751274537,
21.8497568850768));
#10444=CARTESIAN_POINT('Ctrl Pts',(-102.656944552232,-3.36272751274537,
21.5906060270301));
#10445=CARTESIAN_POINT('Ctrl Pts',(-103.146467587196,-3.38987020432379,
21.7475820884184));
#10446=CARTESIAN_POINT('Ctrl Pts',(-102.718868671419,-3.38987020432379,
21.4884312303717));
#10447=CARTESIAN_POINT('Ctrl Pts',(-103.271599665586,-3.44471832255139,
21.5411141590751));
#10448=CARTESIAN_POINT('Ctrl Pts',(-102.844000749809,-3.44471832255139,
21.2819633010284));
#10449=CARTESIAN_POINT('Ctrl Pts',(-103.385974378395,-3.55702130114226,
21.3523958829396));
#10450=CARTESIAN_POINT('Ctrl Pts',(-102.958375462618,-3.55702130114226,
21.093245024893));
#10451=CARTESIAN_POINT('Ctrl Pts',(-103.443748470172,-3.61374889793824,
21.2570686315081));
#10452=CARTESIAN_POINT('Ctrl Pts',(-103.016149554395,-3.61374889793824,
20.9979177734614));
#10453=CARTESIAN_POINT('',(-103.084543468009,-3.36272751274537,21.8497568850768));
#10454=CARTESIAN_POINT('Ctrl Pts',(-103.084543468009,-3.36272751274537,
21.8497568850768));
#10455=CARTESIAN_POINT('Ctrl Pts',(-103.146467587196,-3.38987020432379,
21.7475820884184));
#10456=CARTESIAN_POINT('Ctrl Pts',(-103.271599665586,-3.44471832255139,
21.5411141590751));
#10457=CARTESIAN_POINT('Ctrl Pts',(-103.385974378395,-3.55702130114226,
21.3523958829396));
#10458=CARTESIAN_POINT('Ctrl Pts',(-103.443748470172,-3.61374889793824,
21.2570686315081));
#10459=CARTESIAN_POINT('',(-102.656944552232,-3.36272751274537,21.5906060270301));
#10460=CARTESIAN_POINT('',(-103.084543468009,-3.36272751274537,21.8497568850768));
#10461=CARTESIAN_POINT('Ctrl Pts',(-102.656944552232,-3.36272751274537,
21.5906060270301));
#10462=CARTESIAN_POINT('Ctrl Pts',(-102.718868671419,-3.38987020432379,
21.4884312303717));
#10463=CARTESIAN_POINT('Ctrl Pts',(-102.844000749809,-3.44471832255139,
21.2819633010284));
#10464=CARTESIAN_POINT('Ctrl Pts',(-102.958375462618,-3.55702130114226,
21.093245024893));
#10465=CARTESIAN_POINT('Ctrl Pts',(-103.016149554395,-3.61374889793824,
20.9979177734614));
#10466=CARTESIAN_POINT('Ctrl Pts',(-102.185116672379,-3.30269848289918,
23.3338110978669));
#10467=CARTESIAN_POINT('Ctrl Pts',(-101.757517756602,-3.30269848289918,
23.0746602398202));
#10468=CARTESIAN_POINT('Ctrl Pts',(-102.378549371742,-3.30056605810307,
23.0146471439173));
#10469=CARTESIAN_POINT('Ctrl Pts',(-101.950950455965,-3.30056605810307,
22.7554962858706));
#10470=CARTESIAN_POINT('Ctrl Pts',(-102.678880165435,-3.29725517616009,
22.5191013343239));
#10471=CARTESIAN_POINT('Ctrl Pts',(-102.251281249658,-3.29725517616009,
22.2599504762772));
#10472=CARTESIAN_POINT('Ctrl Pts',(-102.978056341825,-3.34554094219961,
22.0254606432802));
#10473=CARTESIAN_POINT('Ctrl Pts',(-102.550457426048,-3.34554094219961,
21.7663097852336));
#10474=CARTESIAN_POINT('Ctrl Pts',(-103.084543468009,-3.36272751274537,
21.8497568850768));
#10475=CARTESIAN_POINT('Ctrl Pts',(-102.656944552232,-3.36272751274537,
21.5906060270301));
#10476=CARTESIAN_POINT('',(-102.185116672379,-3.30269848289918,23.3338110978669));
#10477=CARTESIAN_POINT('Ctrl Pts',(-102.185116672379,-3.30269848289918,
23.3338110978669));
#10478=CARTESIAN_POINT('Ctrl Pts',(-102.378549371742,-3.30056605810307,
23.0146471439173));
#10479=CARTESIAN_POINT('Ctrl Pts',(-102.678880165435,-3.29725517616009,
22.5191013343239));
#10480=CARTESIAN_POINT('Ctrl Pts',(-102.978056341825,-3.34554094219961,
22.0254606432802));
#10481=CARTESIAN_POINT('Ctrl Pts',(-103.084543468009,-3.36272751274537,
21.8497568850768));
#10482=CARTESIAN_POINT('',(-101.757517756602,-3.30269848289918,23.0746602398202));
#10483=CARTESIAN_POINT('',(-102.185116672379,-3.30269848289918,23.3338110978669));
#10484=CARTESIAN_POINT('Ctrl Pts',(-101.757517756602,-3.30269848289918,
23.0746602398202));
#10485=CARTESIAN_POINT('Ctrl Pts',(-101.950950455965,-3.30056605810307,
22.7554962858706));
#10486=CARTESIAN_POINT('Ctrl Pts',(-102.251281249658,-3.29725517616009,
22.2599504762772));
#10487=CARTESIAN_POINT('Ctrl Pts',(-102.550457426048,-3.34554094219961,
21.7663097852336));
#10488=CARTESIAN_POINT('Ctrl Pts',(-102.656944552232,-3.36272751274537,
21.5906060270301));
#10489=CARTESIAN_POINT('Origin',(-101.50630432285,-3.30269848289918,24.4538514745895));
#10490=CARTESIAN_POINT('',(-101.50630432285,-3.30269848289918,24.4538514745895));
#10491=CARTESIAN_POINT('',(-98.25315286923,-3.30269848289917,29.821551373062));
#10492=CARTESIAN_POINT('',(-101.078705407073,-3.30269848289918,24.1947006165429));
#10493=CARTESIAN_POINT('',(-101.50630432285,-3.30269848289918,24.4538514745895));
#10494=CARTESIAN_POINT('',(-101.078705407073,-3.30269848289918,24.1947006165428));
#10495=CARTESIAN_POINT('Ctrl Pts',(-101.036792097636,-3.25358663979004,
25.228546646192));
#10496=CARTESIAN_POINT('Ctrl Pts',(-100.609193181859,-3.25358663979004,
24.9693957881453));
#10497=CARTESIAN_POINT('Ctrl Pts',(-101.097540668763,-3.26774773816594,
25.1283115038332));
#10498=CARTESIAN_POINT('Ctrl Pts',(-100.669941752986,-3.26774773816594,
24.8691606457865));
#10499=CARTESIAN_POINT('Ctrl Pts',(-101.253389906488,-3.30407775130557,
24.8711602615859));
#10500=CARTESIAN_POINT('Ctrl Pts',(-100.825790990711,-3.30407775130557,
24.6120094035392));
#10501=CARTESIAN_POINT('Ctrl Pts',(-101.410459179361,-3.30322117425154,
24.611995961346));
#10502=CARTESIAN_POINT('Ctrl Pts',(-100.982860263584,-3.30322117425154,
24.3528451032993));
#10503=CARTESIAN_POINT('Ctrl Pts',(-101.50630432285,-3.30269848289918,24.4538514745895));
#10504=CARTESIAN_POINT('Ctrl Pts',(-101.078705407073,-3.30269848289918,
24.1947006165429));
#10505=CARTESIAN_POINT('',(-101.036792097636,-3.25358663979004,25.228546646192));
#10506=CARTESIAN_POINT('Ctrl Pts',(-101.036792097636,-3.25358663979004,
25.228546646192));
#10507=CARTESIAN_POINT('Ctrl Pts',(-101.097540668763,-3.26774773816594,
25.1283115038332));
#10508=CARTESIAN_POINT('Ctrl Pts',(-101.253389906488,-3.30407775130557,
24.8711602615859));
#10509=CARTESIAN_POINT('Ctrl Pts',(-101.410459179361,-3.30322117425154,
24.611995961346));
#10510=CARTESIAN_POINT('Ctrl Pts',(-101.50630432285,-3.30269848289918,24.4538514745895));
#10511=CARTESIAN_POINT('',(-100.609193181859,-3.25358663979004,24.9693957881453));
#10512=CARTESIAN_POINT('',(-101.036792097636,-3.25358663979004,25.228546646192));
#10513=CARTESIAN_POINT('Ctrl Pts',(-100.609193181859,-3.25358663979004,
24.9693957881453));
#10514=CARTESIAN_POINT('Ctrl Pts',(-100.669941752986,-3.26774773816594,
24.8691606457865));
#10515=CARTESIAN_POINT('Ctrl Pts',(-100.825790990711,-3.30407775130557,
24.6120094035392));
#10516=CARTESIAN_POINT('Ctrl Pts',(-100.982860263584,-3.30322117425154,
24.3528451032993));
#10517=CARTESIAN_POINT('Ctrl Pts',(-101.078705407073,-3.30269848289918,
24.1947006165428));
#10518=CARTESIAN_POINT('Ctrl Pts',(-100.69172907091,-2.94799362602662,25.7979006402893));
#10519=CARTESIAN_POINT('Ctrl Pts',(-100.264130155133,-2.94799362602662,
25.5387497822427));
#10520=CARTESIAN_POINT('Ctrl Pts',(-100.741639482162,-3.01592834631374,
25.7155484617243));
#10521=CARTESIAN_POINT('Ctrl Pts',(-100.314040566385,-3.01592834631374,
25.4563976036776));
#10522=CARTESIAN_POINT('Ctrl Pts',(-100.846711931116,-3.15894595026809,
25.5421789209502));
#10523=CARTESIAN_POINT('Ctrl Pts',(-100.419113015339,-3.15894595026809,
25.2830280629035));
#10524=CARTESIAN_POINT('Ctrl Pts',(-100.97135543958,-3.22100580533592,25.3365171319839));
#10525=CARTESIAN_POINT('Ctrl Pts',(-100.543756523803,-3.22100580533592,
25.0773662739372));
#10526=CARTESIAN_POINT('Ctrl Pts',(-101.036792097636,-3.25358663979004,
25.228546646192));
#10527=CARTESIAN_POINT('Ctrl Pts',(-100.609193181859,-3.25358663979004,
24.9693957881453));
#10528=CARTESIAN_POINT('',(-100.69172907091,-2.94799362602662,25.7979006402893));
#10529=CARTESIAN_POINT('Ctrl Pts',(-100.69172907091,-2.94799362602662,25.7979006402893));
#10530=CARTESIAN_POINT('Ctrl Pts',(-100.741639482162,-3.01592834631374,
25.7155484617243));
#10531=CARTESIAN_POINT('Ctrl Pts',(-100.846711931116,-3.15894595026809,
25.5421789209502));
#10532=CARTESIAN_POINT('Ctrl Pts',(-100.97135543958,-3.22100580533592,25.3365171319839));
#10533=CARTESIAN_POINT('Ctrl Pts',(-101.036792097636,-3.25358663979004,
25.228546646192));
#10534=CARTESIAN_POINT('',(-100.264130155133,-2.94799362602662,25.5387497822427));
#10535=CARTESIAN_POINT('',(-100.69172907091,-2.94799362602662,25.7979006402893));
#10536=CARTESIAN_POINT('Ctrl Pts',(-100.264130155133,-2.94799362602662,
25.5387497822427));
#10537=CARTESIAN_POINT('Ctrl Pts',(-100.314040566385,-3.01592834631374,
25.4563976036776));
#10538=CARTESIAN_POINT('Ctrl Pts',(-100.419113015339,-3.15894595026809,
25.2830280629035));
#10539=CARTESIAN_POINT('Ctrl Pts',(-100.543756523803,-3.22100580533592,
25.0773662739372));
#10540=CARTESIAN_POINT('Ctrl Pts',(-100.609193181859,-3.25358663979004,
24.9693957881453));
#10541=CARTESIAN_POINT('Ctrl Pts',(-100.462629810265,-2.2658637661023,26.1759144203545));
#10542=CARTESIAN_POINT('Ctrl Pts',(-100.035030894488,-2.2658637661023,25.9167635623078));
#10543=CARTESIAN_POINT('Ctrl Pts',(-100.492215825634,-2.40591106031102,
26.1270974949947));
#10544=CARTESIAN_POINT('Ctrl Pts',(-100.064616909857,-2.40591106031102,
25.8679466369481));
#10545=CARTESIAN_POINT('Ctrl Pts',(-100.546297305147,-2.66190919922749,
26.0378630537987));
#10546=CARTESIAN_POINT('Ctrl Pts',(-100.11869838937,-2.66190919922749,25.7787121957521));
#10547=CARTESIAN_POINT('Ctrl Pts',(-100.646392380047,-2.85881007557873,
25.8727061802142));
#10548=CARTESIAN_POINT('Ctrl Pts',(-100.21879346427,-2.85881007557873,25.6135553221676));
#10549=CARTESIAN_POINT('Ctrl Pts',(-100.69172907091,-2.94799362602662,25.7979006402893));
#10550=CARTESIAN_POINT('Ctrl Pts',(-100.264130155133,-2.94799362602662,
25.5387497822427));
#10551=CARTESIAN_POINT('',(-100.462629810265,-2.2658637661023,26.1759144203545));
#10552=CARTESIAN_POINT('Ctrl Pts',(-100.462629810265,-2.2658637661023,26.1759144203545));
#10553=CARTESIAN_POINT('Ctrl Pts',(-100.492215825634,-2.40591106031102,
26.1270974949947));
#10554=CARTESIAN_POINT('Ctrl Pts',(-100.546297305147,-2.66190919922749,
26.0378630537987));
#10555=CARTESIAN_POINT('Ctrl Pts',(-100.646392380047,-2.85881007557873,
25.8727061802142));
#10556=CARTESIAN_POINT('Ctrl Pts',(-100.69172907091,-2.94799362602662,25.7979006402893));
#10557=CARTESIAN_POINT('',(-100.035030894488,-2.2658637661023,25.9167635623078));
#10558=CARTESIAN_POINT('',(-100.462629810265,-2.2658637661023,26.1759144203545));
#10559=CARTESIAN_POINT('Ctrl Pts',(-100.035030894488,-2.2658637661023,25.9167635623078));
#10560=CARTESIAN_POINT('Ctrl Pts',(-100.064616909857,-2.40591106031102,
25.8679466369481));
#10561=CARTESIAN_POINT('Ctrl Pts',(-100.11869838937,-2.66190919922749,25.7787121957521));
#10562=CARTESIAN_POINT('Ctrl Pts',(-100.21879346427,-2.85881007557873,25.6135553221676));
#10563=CARTESIAN_POINT('Ctrl Pts',(-100.264130155133,-2.94799362602662,
25.5387497822427));
#10564=CARTESIAN_POINT('Ctrl Pts',(-100.372121414613,-1.0598615306897,26.3252532731809));
#10565=CARTESIAN_POINT('Ctrl Pts',(-99.9445224988355,-1.0598615306897,26.0661024151342));
#10566=CARTESIAN_POINT('Ctrl Pts',(-100.374092551005,-1.28570971012073,
26.322000898133));
#10567=CARTESIAN_POINT('Ctrl Pts',(-99.9464936352282,-1.28570971012073,
26.0628500400864));
#10568=CARTESIAN_POINT('Ctrl Pts',(-100.377670049357,-1.69561107089553,
26.316098025853));
#10569=CARTESIAN_POINT('Ctrl Pts',(-99.9500711335797,-1.69561107089553,
26.0569471678063));
#10570=CARTESIAN_POINT('Ctrl Pts',(-100.436302687274,-2.08915525513058,
26.2193541732895));
#10571=CARTESIAN_POINT('Ctrl Pts',(-100.008703771497,-2.08915525513058,
25.9602033152428));
#10572=CARTESIAN_POINT('Ctrl Pts',(-100.462629810265,-2.2658637661023,26.1759144203545));
#10573=CARTESIAN_POINT('Ctrl Pts',(-100.035030894488,-2.2658637661023,25.9167635623078));
#10574=CARTESIAN_POINT('',(-100.372121414613,-1.0598615306897,26.3252532731809));
#10575=CARTESIAN_POINT('Ctrl Pts',(-100.372121414613,-1.0598615306897,26.3252532731809));
#10576=CARTESIAN_POINT('Ctrl Pts',(-100.374092551005,-1.28570971012073,
26.322000898133));
#10577=CARTESIAN_POINT('Ctrl Pts',(-100.377670049357,-1.69561107089553,
26.316098025853));
#10578=CARTESIAN_POINT('Ctrl Pts',(-100.436302687274,-2.08915525513058,
26.2193541732895));
#10579=CARTESIAN_POINT('Ctrl Pts',(-100.462629810265,-2.2658637661023,26.1759144203545));
#10580=CARTESIAN_POINT('',(-99.9445224988355,-1.0598615306897,26.0661024151342));
#10581=CARTESIAN_POINT('',(-100.372121414613,-1.0598615306897,26.3252532731809));
#10582=CARTESIAN_POINT('Ctrl Pts',(-99.9445224988355,-1.0598615306897,26.0661024151342));
#10583=CARTESIAN_POINT('Ctrl Pts',(-99.9464936352281,-1.28570971012073,
26.0628500400864));
#10584=CARTESIAN_POINT('Ctrl Pts',(-99.9500711335797,-1.69561107089553,
26.0569471678063));
#10585=CARTESIAN_POINT('Ctrl Pts',(-100.008703771497,-2.08915525513058,
25.9602033152428));
#10586=CARTESIAN_POINT('Ctrl Pts',(-100.035030894488,-2.2658637661023,25.9167635623078));
#10587=CARTESIAN_POINT('Ctrl Pts',(-100.479600057217,0.255281577678219,
26.147913512884));
#10588=CARTESIAN_POINT('Ctrl Pts',(-100.05200114144,0.255281577678219,25.8887626548373));
#10589=CARTESIAN_POINT('Ctrl Pts',(-100.448277132202,0.0524950205443409,
26.1995963391577));
#10590=CARTESIAN_POINT('Ctrl Pts',(-100.020678216425,0.0524950205443409,
25.940445481111));
#10591=CARTESIAN_POINT('Ctrl Pts',(-100.382037085362,-0.37634714656152,
26.3088924164451));
#10592=CARTESIAN_POINT('Ctrl Pts',(-99.9544381695845,-0.37634714656152,
26.0497415583984));
#10593=CARTESIAN_POINT('Ctrl Pts',(-100.375544075489,-0.823928127894911,
26.3196058827354));
#10594=CARTESIAN_POINT('Ctrl Pts',(-99.9479451597116,-0.823928127894911,
26.0604550246887));
#10595=CARTESIAN_POINT('Ctrl Pts',(-100.372121414613,-1.0598615306897,26.3252532731809));
#10596=CARTESIAN_POINT('Ctrl Pts',(-99.9445224988355,-1.0598615306897,26.0661024151342));
#10597=CARTESIAN_POINT('',(-100.479600057217,0.255281577678219,26.147913512884));
#10598=CARTESIAN_POINT('Ctrl Pts',(-100.479600057217,0.255281577678219,
26.147913512884));
#10599=CARTESIAN_POINT('Ctrl Pts',(-100.448277132202,0.0524950205443409,
26.1995963391577));
#10600=CARTESIAN_POINT('Ctrl Pts',(-100.382037085362,-0.37634714656152,
26.3088924164451));
#10601=CARTESIAN_POINT('Ctrl Pts',(-100.375544075489,-0.823928127894911,
26.3196058827354));
#10602=CARTESIAN_POINT('Ctrl Pts',(-100.372121414613,-1.0598615306897,26.3252532731809));
#10603=CARTESIAN_POINT('',(-100.05200114144,0.255281577678219,25.8887626548373));
#10604=CARTESIAN_POINT('',(-100.479600057217,0.255281577678219,26.147913512884));
#10605=CARTESIAN_POINT('Ctrl Pts',(-100.05200114144,0.255281577678219,25.8887626548373));
#10606=CARTESIAN_POINT('Ctrl Pts',(-100.020678216425,0.0524950205443409,
25.940445481111));
#10607=CARTESIAN_POINT('Ctrl Pts',(-99.9544381695845,-0.37634714656152,
26.0497415583984));
#10608=CARTESIAN_POINT('Ctrl Pts',(-99.9479451597116,-0.823928127894911,
26.0604550246887));
#10609=CARTESIAN_POINT('Ctrl Pts',(-99.9445224988355,-1.0598615306897,26.0661024151342));
#10610=CARTESIAN_POINT('Ctrl Pts',(-100.782237466563,1.12294877585937,25.648561787463));
#10611=CARTESIAN_POINT('Ctrl Pts',(-100.354638550786,1.12294877585937,25.3894109294163));
#10612=CARTESIAN_POINT('Ctrl Pts',(-100.719270025374,1.00689671095503,25.752458065425));
#10613=CARTESIAN_POINT('Ctrl Pts',(-100.291671109597,1.00689671095503,25.4933072073783));
#10614=CARTESIAN_POINT('Ctrl Pts',(-100.585747183965,0.760807602603422,
25.9727707537499));
#10615=CARTESIAN_POINT('Ctrl Pts',(-100.158148268188,0.760807602603422,
25.7136198957032));
#10616=CARTESIAN_POINT('Ctrl Pts',(-100.516298006739,0.430055677677716,
26.0873618961722));
#10617=CARTESIAN_POINT('Ctrl Pts',(-100.088699090962,0.430055677677716,
25.8282110381255));
#10618=CARTESIAN_POINT('Ctrl Pts',(-100.479600057217,0.255281577678219,
26.147913512884));
#10619=CARTESIAN_POINT('Ctrl Pts',(-100.05200114144,0.255281577678219,25.8887626548373));
#10620=CARTESIAN_POINT('',(-100.782237466563,1.12294877585937,25.648561787463));
#10621=CARTESIAN_POINT('Ctrl Pts',(-100.782237466563,1.12294877585937,25.648561787463));
#10622=CARTESIAN_POINT('Ctrl Pts',(-100.719270025374,1.00689671095503,25.752458065425));
#10623=CARTESIAN_POINT('Ctrl Pts',(-100.585747183965,0.760807602603422,
25.9727707537499));
#10624=CARTESIAN_POINT('Ctrl Pts',(-100.516298006739,0.430055677677716,
26.0873618961722));
#10625=CARTESIAN_POINT('Ctrl Pts',(-100.479600057217,0.255281577678219,
26.147913512884));
#10626=CARTESIAN_POINT('',(-100.354638550786,1.12294877585937,25.3894109294163));
#10627=CARTESIAN_POINT('',(-100.782237466563,1.12294877585937,25.648561787463));
#10628=CARTESIAN_POINT('Ctrl Pts',(-100.354638550786,1.12294877585937,25.3894109294163));
#10629=CARTESIAN_POINT('Ctrl Pts',(-100.291671109597,1.00689671095503,25.4933072073783));
#10630=CARTESIAN_POINT('Ctrl Pts',(-100.158148268188,0.760807602603422,
25.7136198957032));
#10631=CARTESIAN_POINT('Ctrl Pts',(-100.088699090962,0.430055677677716,
25.8282110381255));
#10632=CARTESIAN_POINT('Ctrl Pts',(-100.05200114144,0.255281577678219,25.8887626548373));
#10633=CARTESIAN_POINT('Ctrl Pts',(-101.297003580671,1.55405367431213,24.7991976991849));
#10634=CARTESIAN_POINT('Ctrl Pts',(-100.869404664894,1.55405367431213,24.5400468411383));
#10635=CARTESIAN_POINT('Ctrl Pts',(-101.198312759289,1.50728251633095,24.9620375544644));
#10636=CARTESIAN_POINT('Ctrl Pts',(-100.770713843512,1.50728251633095,24.7028866964177));
#10637=CARTESIAN_POINT('Ctrl Pts',(-101.013786746693,1.41983268902205,25.2665054752485));
#10638=CARTESIAN_POINT('Ctrl Pts',(-100.586187830916,1.41983268902205,25.0073546172018));
#10639=CARTESIAN_POINT('Ctrl Pts',(-100.855750516717,1.21720448672215,25.5272652547079));
#10640=CARTESIAN_POINT('Ctrl Pts',(-100.42815160094,1.21720448672215,25.2681143966612));
#10641=CARTESIAN_POINT('Ctrl Pts',(-100.782237466563,1.12294877585937,25.648561787463));
#10642=CARTESIAN_POINT('Ctrl Pts',(-100.354638550786,1.12294877585937,25.3894109294163));
#10643=CARTESIAN_POINT('',(-101.297003580671,1.55405367431213,24.7991976991849));
#10644=CARTESIAN_POINT('Ctrl Pts',(-101.297003580671,1.55405367431213,24.7991976991849));
#10645=CARTESIAN_POINT('Ctrl Pts',(-101.198312759289,1.50728251633095,24.9620375544644));
#10646=CARTESIAN_POINT('Ctrl Pts',(-101.013786746693,1.41983268902205,25.2665054752485));
#10647=CARTESIAN_POINT('Ctrl Pts',(-100.855750516717,1.21720448672215,25.5272652547079));
#10648=CARTESIAN_POINT('Ctrl Pts',(-100.782237466563,1.12294877585937,25.648561787463));
#10649=CARTESIAN_POINT('',(-100.869404664894,1.55405367431213,24.5400468411383));
#10650=CARTESIAN_POINT('',(-101.297003580671,1.55405367431213,24.7991976991849));
#10651=CARTESIAN_POINT('Ctrl Pts',(-100.869404664894,1.55405367431213,24.5400468411383));
#10652=CARTESIAN_POINT('Ctrl Pts',(-100.770713843512,1.50728251633095,24.7028866964177));
#10653=CARTESIAN_POINT('Ctrl Pts',(-100.586187830916,1.41983268902205,25.0073546172018));
#10654=CARTESIAN_POINT('Ctrl Pts',(-100.42815160094,1.21720448672215,25.2681143966612));
#10655=CARTESIAN_POINT('Ctrl Pts',(-100.354638550786,1.12294877585937,25.3894109294163));
#10656=CARTESIAN_POINT('Origin',(-101.36488487741,0.593616614909662,24.6871935595652));
#10657=CARTESIAN_POINT('',(-101.36488487741,0.593616614909662,24.6871935595652));
#10658=CARTESIAN_POINT('',(-100.282657529821,15.90580570458,26.4728686830876));
#10659=CARTESIAN_POINT('',(-100.937285961633,0.593616614909662,24.4280427015185));
#10660=CARTESIAN_POINT('',(-101.36488487741,0.593616614909662,24.6871935595652));
#10661=CARTESIAN_POINT('',(-100.937285961633,0.593616614909662,24.4280427015185));
#10662=CARTESIAN_POINT('Ctrl Pts',(-100.920828331556,0.107941279979242,
25.4198868602242));
#10663=CARTESIAN_POINT('Ctrl Pts',(-100.493229415779,0.107941279979242,
25.1607360021775));
#10664=CARTESIAN_POINT('Ctrl Pts',(-100.975690290861,0.212345087753179,
25.3293646273702));
#10665=CARTESIAN_POINT('Ctrl Pts',(-100.548091375084,0.212345087753179,
25.0702137693235));
#10666=CARTESIAN_POINT('Ctrl Pts',(-101.100441138748,0.449749360354883,
25.123525728357));
#10667=CARTESIAN_POINT('Ctrl Pts',(-100.672842222971,0.449749360354883,
24.8643748703103));
#10668=CARTESIAN_POINT('Ctrl Pts',(-101.269931609785,0.541958496652133,
24.8438664511468));
#10669=CARTESIAN_POINT('Ctrl Pts',(-100.842332694008,0.541958496652133,
24.5847155931001));
#10670=CARTESIAN_POINT('Ctrl Pts',(-101.36488487741,0.593616614909662,24.6871935595652));
#10671=CARTESIAN_POINT('Ctrl Pts',(-100.937285961633,0.593616614909662,
24.4280427015185));
#10672=CARTESIAN_POINT('',(-100.920828331556,0.107941279979242,25.4198868602242));
#10673=CARTESIAN_POINT('Ctrl Pts',(-100.920828331556,0.107941279979242,
25.4198868602242));
#10674=CARTESIAN_POINT('Ctrl Pts',(-100.975690290861,0.212345087753179,
25.3293646273702));
#10675=CARTESIAN_POINT('Ctrl Pts',(-101.100441138748,0.449749360354883,
25.123525728357));
#10676=CARTESIAN_POINT('Ctrl Pts',(-101.269931609785,0.541958496652133,
24.8438664511468));
#10677=CARTESIAN_POINT('Ctrl Pts',(-101.36488487741,0.593616614909662,24.6871935595652));
#10678=CARTESIAN_POINT('',(-100.493229415779,0.107941279979242,25.1607360021775));
#10679=CARTESIAN_POINT('',(-100.920828331556,0.107941279979242,25.4198868602242));
#10680=CARTESIAN_POINT('Ctrl Pts',(-100.493229415779,0.107941279979242,
25.1607360021775));
#10681=CARTESIAN_POINT('Ctrl Pts',(-100.548091375084,0.212345087753179,
25.0702137693235));
#10682=CARTESIAN_POINT('Ctrl Pts',(-100.672842222971,0.449749360354883,
24.8643748703103));
#10683=CARTESIAN_POINT('Ctrl Pts',(-100.842332694008,0.541958496652133,
24.5847155931001));
#10684=CARTESIAN_POINT('Ctrl Pts',(-100.937285961633,0.593616614909662,
24.4280427015185));
#10685=CARTESIAN_POINT('Ctrl Pts',(-100.793550861553,-0.917978634266363,
25.6298946857285));
#10686=CARTESIAN_POINT('Ctrl Pts',(-100.365951945776,-0.917978634266363,
25.3707438276818));
#10687=CARTESIAN_POINT('Ctrl Pts',(-100.795297848518,-0.7125025901374,25.6270121572375));
#10688=CARTESIAN_POINT('Ctrl Pts',(-100.367698932741,-0.7125025901374,25.3678612991908));
#10689=CARTESIAN_POINT('Ctrl Pts',(-100.798374366304,-0.350650603003921,
25.6219359028894));
#10690=CARTESIAN_POINT('Ctrl Pts',(-100.370775450527,-0.350650603003921,
25.3627850448427));
#10691=CARTESIAN_POINT('Ctrl Pts',(-100.883877690386,-0.0304394092603611,
25.4808554181549));
#10692=CARTESIAN_POINT('Ctrl Pts',(-100.456278774609,-0.0304394092603611,
25.2217045601082));
#10693=CARTESIAN_POINT('Ctrl Pts',(-100.920828331556,0.107941279979242,
25.4198868602242));
#10694=CARTESIAN_POINT('Ctrl Pts',(-100.493229415779,0.107941279979242,
25.1607360021775));
#10695=CARTESIAN_POINT('',(-100.793550861553,-0.917978634266363,25.6298946857285));
#10696=CARTESIAN_POINT('Ctrl Pts',(-100.793550861553,-0.917978634266363,
25.6298946857285));
#10697=CARTESIAN_POINT('Ctrl Pts',(-100.795297848518,-0.7125025901374,25.6270121572375));
#10698=CARTESIAN_POINT('Ctrl Pts',(-100.798374366304,-0.350650603003921,
25.6219359028894));
#10699=CARTESIAN_POINT('Ctrl Pts',(-100.883877690386,-0.030439409260361,
25.4808554181549));
#10700=CARTESIAN_POINT('Ctrl Pts',(-100.920828331556,0.107941279979242,
25.4198868602242));
#10701=CARTESIAN_POINT('',(-100.365951945776,-0.917978634266363,25.3707438276818));
#10702=CARTESIAN_POINT('',(-100.793550861553,-0.917978634266363,25.6298946857285));
#10703=CARTESIAN_POINT('Ctrl Pts',(-100.365951945776,-0.917978634266363,
25.3707438276818));
#10704=CARTESIAN_POINT('Ctrl Pts',(-100.367698932741,-0.7125025901374,25.3678612991908));
#10705=CARTESIAN_POINT('Ctrl Pts',(-100.370775450527,-0.350650603003921,
25.3627850448427));
#10706=CARTESIAN_POINT('Ctrl Pts',(-100.456278774609,-0.030439409260361,
25.2217045601082));
#10707=CARTESIAN_POINT('Ctrl Pts',(-100.493229415779,0.107941279979242,
25.1607360021775));
#10708=CARTESIAN_POINT('Ctrl Pts',(-100.966082529382,-2.03666960182618,
25.345217433811));
#10709=CARTESIAN_POINT('Ctrl Pts',(-100.538483613605,-2.03666960182618,
25.0860665757643));
#10710=CARTESIAN_POINT('Ctrl Pts',(-100.915906743689,-1.88502235916387,
25.4280074802046));
#10711=CARTESIAN_POINT('Ctrl Pts',(-100.488307827912,-1.88502235916387,
25.1688566221579));
#10712=CARTESIAN_POINT('Ctrl Pts',(-100.803665560412,-1.54579367102388,
25.6132054326112));
#10713=CARTESIAN_POINT('Ctrl Pts',(-100.376066644635,-1.54579367102388,
25.3540545745645));
#10714=CARTESIAN_POINT('Ctrl Pts',(-100.797152405471,-1.14152492651188,
25.6239521382642));
#10715=CARTESIAN_POINT('Ctrl Pts',(-100.369553489694,-1.14152492651188,
25.3648012802175));
#10716=CARTESIAN_POINT('Ctrl Pts',(-100.793550861553,-0.917978634266363,
25.6298946857285));
#10717=CARTESIAN_POINT('Ctrl Pts',(-100.365951945776,-0.917978634266363,
25.3707438276818));
#10718=CARTESIAN_POINT('',(-100.966082529382,-2.03666960182618,25.345217433811));
#10719=CARTESIAN_POINT('Ctrl Pts',(-100.966082529382,-2.03666960182618,
25.345217433811));
#10720=CARTESIAN_POINT('Ctrl Pts',(-100.915906743689,-1.88502235916387,
25.4280074802046));
#10721=CARTESIAN_POINT('Ctrl Pts',(-100.803665560412,-1.54579367102388,
25.6132054326112));
#10722=CARTESIAN_POINT('Ctrl Pts',(-100.797152405471,-1.14152492651188,
25.6239521382642));
#10723=CARTESIAN_POINT('Ctrl Pts',(-100.793550861553,-0.917978634266363,
25.6298946857285));
#10724=CARTESIAN_POINT('',(-100.538483613605,-2.03666960182618,25.0860665757643));
#10725=CARTESIAN_POINT('',(-100.966082529382,-2.03666960182618,25.345217433811));
#10726=CARTESIAN_POINT('Ctrl Pts',(-100.538483613605,-2.03666960182618,
25.0860665757643));
#10727=CARTESIAN_POINT('Ctrl Pts',(-100.488307827912,-1.88502235916387,
25.1688566221579));
#10728=CARTESIAN_POINT('Ctrl Pts',(-100.376066644635,-1.54579367102388,
25.3540545745645));
#10729=CARTESIAN_POINT('Ctrl Pts',(-100.369553489694,-1.14152492651188,
25.3648012802175));
#10730=CARTESIAN_POINT('Ctrl Pts',(-100.365951945776,-0.917978634266363,
25.3707438276818));
#10731=CARTESIAN_POINT('Ctrl Pts',(-101.404482223275,-2.31497799339722,
24.621857938888));
#10732=CARTESIAN_POINT('Ctrl Pts',(-100.976883307498,-2.31497799339722,
24.3627070808413));
#10733=CARTESIAN_POINT('Ctrl Pts',(-101.312486002351,-2.31105894843677,
24.7736517034129));
#10734=CARTESIAN_POINT('Ctrl Pts',(-100.884887086574,-2.31105894843677,
24.5145008453663));
#10735=CARTESIAN_POINT('Ctrl Pts',(-101.150274774377,-2.30414873963544,
25.0413002295692));
#10736=CARTESIAN_POINT('Ctrl Pts',(-100.7226758586,-2.30414873963544,24.7821493715226));
#10737=CARTESIAN_POINT('Ctrl Pts',(-101.021726246966,-2.1174739462453,25.2534052997972));
#10738=CARTESIAN_POINT('Ctrl Pts',(-100.594127331189,-2.1174739462453,24.9942544417505));
#10739=CARTESIAN_POINT('Ctrl Pts',(-100.966082529382,-2.03666960182618,
25.345217433811));
#10740=CARTESIAN_POINT('Ctrl Pts',(-100.538483613605,-2.03666960182618,
25.0860665757643));
#10741=CARTESIAN_POINT('',(-101.404482223275,-2.31497799339722,24.621857938888));
#10742=CARTESIAN_POINT('Ctrl Pts',(-101.404482223275,-2.31497799339722,
24.621857938888));
#10743=CARTESIAN_POINT('Ctrl Pts',(-101.312486002351,-2.31105894843677,
24.7736517034129));
#10744=CARTESIAN_POINT('Ctrl Pts',(-101.150274774377,-2.30414873963544,
25.0413002295692));
#10745=CARTESIAN_POINT('Ctrl Pts',(-101.021726246966,-2.1174739462453,25.2534052997972));
#10746=CARTESIAN_POINT('Ctrl Pts',(-100.966082529382,-2.03666960182618,
25.345217433811));
#10747=CARTESIAN_POINT('',(-100.976883307498,-2.31497799339722,24.3627070808413));
#10748=CARTESIAN_POINT('',(-101.404482223275,-2.31497799339722,24.621857938888));
#10749=CARTESIAN_POINT('Ctrl Pts',(-100.976883307498,-2.31497799339722,
24.3627070808413));
#10750=CARTESIAN_POINT('Ctrl Pts',(-100.884887086574,-2.31105894843677,
24.5145008453663));
#10751=CARTESIAN_POINT('Ctrl Pts',(-100.7226758586,-2.30414873963544,24.7821493715226));
#10752=CARTESIAN_POINT('Ctrl Pts',(-100.594127331189,-2.1174739462453,24.9942544417505));
#10753=CARTESIAN_POINT('Ctrl Pts',(-100.538483613605,-2.03666960182618,
25.0860665757643));
#10754=CARTESIAN_POINT('Ctrl Pts',(-101.537416236307,-2.30952059212159,
24.4025168173853));
#10755=CARTESIAN_POINT('Ctrl Pts',(-101.10981732053,-2.30952059212159,24.1433659593386));
#10756=CARTESIAN_POINT('Ctrl Pts',(-101.508898473484,-2.31106003037277,
24.4495711260432));
#10757=CARTESIAN_POINT('Ctrl Pts',(-101.081299557707,-2.31106003037277,
24.1904202679965));
#10758=CARTESIAN_POINT('Ctrl Pts',(-101.464593028995,-2.31345171503629,
24.5226751094494));
#10759=CARTESIAN_POINT('Ctrl Pts',(-101.036994113218,-2.31345171503629,
24.2635242514027));
#10760=CARTESIAN_POINT('Ctrl Pts',(-101.420274549721,-2.31457700915098,
24.5958006002524));
#10761=CARTESIAN_POINT('Ctrl Pts',(-100.992675633944,-2.31457700915098,
24.3366497422057));
#10762=CARTESIAN_POINT('Ctrl Pts',(-101.404482223275,-2.31497799339722,
24.621857938888));
#10763=CARTESIAN_POINT('Ctrl Pts',(-100.976883307498,-2.31497799339722,
24.3627070808413));
#10764=CARTESIAN_POINT('',(-101.537416236307,-2.30952059212159,24.4025168173853));
#10765=CARTESIAN_POINT('Ctrl Pts',(-101.537416236307,-2.30952059212159,
24.4025168173853));
#10766=CARTESIAN_POINT('Ctrl Pts',(-101.508898473484,-2.31106003037277,
24.4495711260432));
#10767=CARTESIAN_POINT('Ctrl Pts',(-101.464593028995,-2.31345171503629,
24.5226751094494));
#10768=CARTESIAN_POINT('Ctrl Pts',(-101.420274549721,-2.31457700915098,
24.5958006002524));
#10769=CARTESIAN_POINT('Ctrl Pts',(-101.404482223275,-2.31497799339722,
24.621857938888));
#10770=CARTESIAN_POINT('',(-101.10981732053,-2.30952059212159,24.1433659593386));
#10771=CARTESIAN_POINT('',(-101.537416236307,-2.30952059212159,24.4025168173853));
#10772=CARTESIAN_POINT('Ctrl Pts',(-101.10981732053,-2.30952059212159,24.1433659593386));
#10773=CARTESIAN_POINT('Ctrl Pts',(-101.081299557707,-2.31106003037277,
24.1904202679965));
#10774=CARTESIAN_POINT('Ctrl Pts',(-101.036994113218,-2.31345171503629,
24.2635242514027));
#10775=CARTESIAN_POINT('Ctrl Pts',(-100.992675633944,-2.31457700915098,
24.3366497422057));
#10776=CARTESIAN_POINT('Ctrl Pts',(-100.976883307498,-2.31497799339722,
24.3627070808413));
#10777=CARTESIAN_POINT('Ctrl Pts',(-101.712776484582,-0.557815184025274,
24.1131724077309));
#10778=CARTESIAN_POINT('Ctrl Pts',(-101.285177568805,-0.557815184025274,
23.8540215496843));
#10779=CARTESIAN_POINT('Ctrl Pts',(-101.691050609417,-0.904066432656518,
24.1490201017534));
#10780=CARTESIAN_POINT('Ctrl Pts',(-101.26345169364,-0.904066432656518,
23.8898692437067));
#10781=CARTESIAN_POINT('Ctrl Pts',(-101.653892582482,-1.49626412895939,
24.2103308461962));
#10782=CARTESIAN_POINT('Ctrl Pts',(-101.226293666705,-1.49626412895939,
23.9511799881495));
#10783=CARTESIAN_POINT('Ctrl Pts',(-101.571595254064,-2.07087722797154,
24.3461214380868));
#10784=CARTESIAN_POINT('Ctrl Pts',(-101.143996338287,-2.07087722797154,
24.0869705800401));
#10785=CARTESIAN_POINT('Ctrl Pts',(-101.537416236307,-2.30952059212159,
24.4025168173853));
#10786=CARTESIAN_POINT('Ctrl Pts',(-101.10981732053,-2.30952059212159,24.1433659593386));
#10787=CARTESIAN_POINT('',(-101.712776484582,-0.557815184025274,24.1131724077309));
#10788=CARTESIAN_POINT('Ctrl Pts',(-101.712776484582,-0.557815184025274,
24.1131724077309));
#10789=CARTESIAN_POINT('Ctrl Pts',(-101.691050609417,-0.904066432656518,
24.1490201017534));
#10790=CARTESIAN_POINT('Ctrl Pts',(-101.653892582482,-1.49626412895939,
24.2103308461962));
#10791=CARTESIAN_POINT('Ctrl Pts',(-101.571595254064,-2.07087722797154,
24.3461214380868));
#10792=CARTESIAN_POINT('Ctrl Pts',(-101.537416236307,-2.30952059212159,
24.4025168173853));
#10793=CARTESIAN_POINT('',(-101.285177568805,-0.557815184025274,23.8540215496843));
#10794=CARTESIAN_POINT('',(-101.712776484582,-0.557815184025274,24.1131724077309));
#10795=CARTESIAN_POINT('Ctrl Pts',(-101.285177568805,-0.557815184025274,
23.8540215496843));
#10796=CARTESIAN_POINT('Ctrl Pts',(-101.26345169364,-0.904066432656518,
23.8898692437067));
#10797=CARTESIAN_POINT('Ctrl Pts',(-101.226293666705,-1.49626412895939,
23.9511799881495));
#10798=CARTESIAN_POINT('Ctrl Pts',(-101.143996338287,-2.07087722797154,
24.0869705800401));
#10799=CARTESIAN_POINT('Ctrl Pts',(-101.10981732053,-2.30952059212159,24.1433659593386));
#10800=CARTESIAN_POINT('Ctrl Pts',(-101.789142595865,0.315309415431513,
23.9871683241135));
#10801=CARTESIAN_POINT('Ctrl Pts',(-101.361543680088,0.315309415431513,
23.7280174660668));
#10802=CARTESIAN_POINT('Ctrl Pts',(-101.775346675349,0.194624550128089,
24.0099315929663));
#10803=CARTESIAN_POINT('Ctrl Pts',(-101.347747759572,0.194624550128089,
23.7507807349196));
#10804=CARTESIAN_POINT('Ctrl Pts',(-101.742365581132,-0.0938896456631944,
24.0643503984239));
#10805=CARTESIAN_POINT('Ctrl Pts',(-101.314766665355,-0.0938896456631944,
23.8051995403772));
#10806=CARTESIAN_POINT('Ctrl Pts',(-101.72365845831,-0.387197419083207,
24.0952171510806));
#10807=CARTESIAN_POINT('Ctrl Pts',(-101.296059542533,-0.387197419083207,
23.8360662930339));
#10808=CARTESIAN_POINT('Ctrl Pts',(-101.712776484582,-0.557815184025274,
24.1131724077309));
#10809=CARTESIAN_POINT('Ctrl Pts',(-101.285177568805,-0.557815184025274,
23.8540215496843));
#10810=CARTESIAN_POINT('',(-101.789142595865,0.315309415431513,23.9871683241135));
#10811=CARTESIAN_POINT('Ctrl Pts',(-101.789142595865,0.315309415431513,
23.9871683241135));
#10812=CARTESIAN_POINT('Ctrl Pts',(-101.775346675349,0.194624550128089,
24.0099315929663));
#10813=CARTESIAN_POINT('Ctrl Pts',(-101.742365581132,-0.0938896456631944,
24.0643503984239));
#10814=CARTESIAN_POINT('Ctrl Pts',(-101.72365845831,-0.387197419083207,
24.0952171510806));
#10815=CARTESIAN_POINT('Ctrl Pts',(-101.712776484582,-0.557815184025274,
24.1131724077309));
#10816=CARTESIAN_POINT('',(-101.361543680088,0.315309415431513,23.7280174660668));
#10817=CARTESIAN_POINT('',(-101.789142595865,0.315309415431513,23.9871683241135));
#10818=CARTESIAN_POINT('Ctrl Pts',(-101.361543680088,0.315309415431513,
23.7280174660668));
#10819=CARTESIAN_POINT('Ctrl Pts',(-101.347747759572,0.194624550128089,
23.7507807349196));
#10820=CARTESIAN_POINT('Ctrl Pts',(-101.314766665355,-0.0938896456631944,
23.8051995403772));
#10821=CARTESIAN_POINT('Ctrl Pts',(-101.296059542533,-0.387197419083207,
23.8360662930339));
#10822=CARTESIAN_POINT('Ctrl Pts',(-101.285177568805,-0.557815184025274,
23.8540215496843));
#10823=CARTESIAN_POINT('Ctrl Pts',(-101.956017720665,1.02472270545532,23.7118243681945));
#10824=CARTESIAN_POINT('Ctrl Pts',(-101.528418804888,1.02472270545532,23.4526735101478));
#10825=CARTESIAN_POINT('Ctrl Pts',(-101.921333830639,0.914956700667098,
23.7690527867376));
#10826=CARTESIAN_POINT('Ctrl Pts',(-101.493734914862,0.914956700667098,
23.509901928691));
#10827=CARTESIAN_POINT('Ctrl Pts',(-101.8507638391,0.691619986610539,23.8854932727766));
#10828=CARTESIAN_POINT('Ctrl Pts',(-101.423164923323,0.691619986610539,
23.6263424147299));
#10829=CARTESIAN_POINT('Ctrl Pts',(-101.809914973723,0.442162834249658,
23.9528939006494));
#10830=CARTESIAN_POINT('Ctrl Pts',(-101.382316057946,0.442162834249658,
23.6937430426028));
#10831=CARTESIAN_POINT('Ctrl Pts',(-101.789142595865,0.315309415431513,
23.9871683241135));
#10832=CARTESIAN_POINT('Ctrl Pts',(-101.361543680088,0.315309415431513,
23.7280174660668));
#10833=CARTESIAN_POINT('',(-101.956017720665,1.02472270545532,23.7118243681945));
#10834=CARTESIAN_POINT('Ctrl Pts',(-101.956017720665,1.02472270545532,23.7118243681945));
#10835=CARTESIAN_POINT('Ctrl Pts',(-101.921333830639,0.914956700667098,
23.7690527867376));
#10836=CARTESIAN_POINT('Ctrl Pts',(-101.8507638391,0.691619986610539,23.8854932727766));
#10837=CARTESIAN_POINT('Ctrl Pts',(-101.809914973723,0.442162834249658,
23.9528939006494));
#10838=CARTESIAN_POINT('Ctrl Pts',(-101.789142595865,0.315309415431513,
23.9871683241135));
#10839=CARTESIAN_POINT('',(-101.528418804888,1.02472270545532,23.4526735101478));
#10840=CARTESIAN_POINT('',(-101.956017720665,1.02472270545532,23.7118243681945));
#10841=CARTESIAN_POINT('Ctrl Pts',(-101.528418804888,1.02472270545532,23.4526735101478));
#10842=CARTESIAN_POINT('Ctrl Pts',(-101.493734914862,0.914956700667098,
23.509901928691));
#10843=CARTESIAN_POINT('Ctrl Pts',(-101.423164923323,0.691619986610539,
23.6263424147299));
#10844=CARTESIAN_POINT('Ctrl Pts',(-101.382316057946,0.442162834249658,
23.6937430426028));
#10845=CARTESIAN_POINT('Ctrl Pts',(-101.361543680088,0.315309415431513,
23.7280174660668));
#10846=CARTESIAN_POINT('Ctrl Pts',(-102.250169697603,1.53222526130248,23.2264736062463));
#10847=CARTESIAN_POINT('Ctrl Pts',(-101.822570781826,1.53222526130248,22.9673227481997));
#10848=CARTESIAN_POINT('Ctrl Pts',(-102.192317732756,1.46298681645443,23.3219293482449));
#10849=CARTESIAN_POINT('Ctrl Pts',(-101.764718816979,1.46298681645443,23.0627784901982));
#10850=CARTESIAN_POINT('Ctrl Pts',(-102.078774198637,1.32709553349381,23.5092761795409));
#10851=CARTESIAN_POINT('Ctrl Pts',(-101.65117528286,1.32709553349381,23.2501253214942));
#10852=CARTESIAN_POINT('Ctrl Pts',(-101.996414191371,1.12422698654776,23.6451701915302));
#10853=CARTESIAN_POINT('Ctrl Pts',(-101.568815275594,1.12422698654776,23.3860193334835));
#10854=CARTESIAN_POINT('Ctrl Pts',(-101.956017720665,1.02472270545532,23.7118243681945));
#10855=CARTESIAN_POINT('Ctrl Pts',(-101.528418804888,1.02472270545532,23.4526735101478));
#10856=CARTESIAN_POINT('',(-102.250169697603,1.53222526130248,23.2264736062463));
#10857=CARTESIAN_POINT('Ctrl Pts',(-102.250169697603,1.53222526130248,23.2264736062463));
#10858=CARTESIAN_POINT('Ctrl Pts',(-102.192317732756,1.46298681645443,23.3219293482449));
#10859=CARTESIAN_POINT('Ctrl Pts',(-102.078774198637,1.32709553349381,23.5092761795409));
#10860=CARTESIAN_POINT('Ctrl Pts',(-101.996414191371,1.12422698654776,23.6451701915302));
#10861=CARTESIAN_POINT('Ctrl Pts',(-101.956017720665,1.02472270545532,23.7118243681945));
#10862=CARTESIAN_POINT('',(-101.822570781826,1.53222526130248,22.9673227481997));
#10863=CARTESIAN_POINT('',(-102.250169697603,1.53222526130248,23.2264736062463));
#10864=CARTESIAN_POINT('Ctrl Pts',(-101.822570781826,1.53222526130248,22.9673227481997));
#10865=CARTESIAN_POINT('Ctrl Pts',(-101.764718816979,1.46298681645443,23.0627784901982));
#10866=CARTESIAN_POINT('Ctrl Pts',(-101.65117528286,1.32709553349381,23.2501253214942));
#10867=CARTESIAN_POINT('Ctrl Pts',(-101.568815275594,1.12422698654776,23.3860193334835));
#10868=CARTESIAN_POINT('Ctrl Pts',(-101.528418804888,1.02472270545532,23.4526735101478));
#10869=CARTESIAN_POINT('Ctrl Pts',(-102.651800317146,1.72322119292785,22.5637830840013));
#10870=CARTESIAN_POINT('Ctrl Pts',(-102.224201401369,1.72322119292785,22.3046322259546));
#10871=CARTESIAN_POINT('Ctrl Pts',(-102.580461731606,1.71583648757142,22.6814917501424));
#10872=CARTESIAN_POINT('Ctrl Pts',(-102.152862815829,1.71583648757142,22.4223408920957));
#10873=CARTESIAN_POINT('Ctrl Pts',(-102.440245261893,1.70132179952279,22.9128489251678));
#10874=CARTESIAN_POINT('Ctrl Pts',(-102.012646346116,1.70132179952279,22.6536980671211));
#10875=CARTESIAN_POINT('Ctrl Pts',(-102.312782592012,1.58792744338963,23.1231623304726));
#10876=CARTESIAN_POINT('Ctrl Pts',(-101.885183676235,1.58792744338963,22.8640114724259));
#10877=CARTESIAN_POINT('Ctrl Pts',(-102.250169697603,1.53222526130248,23.2264736062463));
#10878=CARTESIAN_POINT('Ctrl Pts',(-101.822570781826,1.53222526130248,22.9673227481997));
#10879=CARTESIAN_POINT('',(-102.651800317146,1.72322119292785,22.5637830840013));
#10880=CARTESIAN_POINT('Ctrl Pts',(-102.651800317146,1.72322119292785,22.5637830840013));
#10881=CARTESIAN_POINT('Ctrl Pts',(-102.580461731606,1.71583648757142,22.6814917501424));
#10882=CARTESIAN_POINT('Ctrl Pts',(-102.440245261893,1.70132179952279,22.9128489251678));
#10883=CARTESIAN_POINT('Ctrl Pts',(-102.312782592012,1.58792744338963,23.1231623304726));
#10884=CARTESIAN_POINT('Ctrl Pts',(-102.250169697603,1.53222526130248,23.2264736062463));
#10885=CARTESIAN_POINT('',(-102.224201401369,1.72322119292785,22.3046322259546));
#10886=CARTESIAN_POINT('',(-102.651800317146,1.72322119292785,22.5637830840013));
#10887=CARTESIAN_POINT('Ctrl Pts',(-102.224201401369,1.72322119292785,22.3046322259546));
#10888=CARTESIAN_POINT('Ctrl Pts',(-102.152862815829,1.71583648757142,22.4223408920957));
#10889=CARTESIAN_POINT('Ctrl Pts',(-102.012646346116,1.70132179952279,22.6536980671211));
#10890=CARTESIAN_POINT('Ctrl Pts',(-101.885183676234,1.58792744338963,22.8640114724259));
#10891=CARTESIAN_POINT('Ctrl Pts',(-101.822570781826,1.53222526130248,22.9673227481997));
#10892=CARTESIAN_POINT('Ctrl Pts',(-103.271216802343,1.21026123580505,21.5417458834256));
#10893=CARTESIAN_POINT('Ctrl Pts',(-102.843617886566,1.21026123580505,21.2825950253789));
#10894=CARTESIAN_POINT('Ctrl Pts',(-103.183847409301,1.35986794003897,21.6859053819441));
#10895=CARTESIAN_POINT('Ctrl Pts',(-102.756248493524,1.35986794003897,21.4267545238975));
#10896=CARTESIAN_POINT('Ctrl Pts',(-103.00694432674,1.66278737474673,21.9777954681713));
#10897=CARTESIAN_POINT('Ctrl Pts',(-102.579345410963,1.66278737474673,21.7186446101246));
#10898=CARTESIAN_POINT('Ctrl Pts',(-102.77114327886,1.70291294992043,22.3668671971721));
#10899=CARTESIAN_POINT('Ctrl Pts',(-102.343544363083,1.70291294992043,22.1077163391254));
#10900=CARTESIAN_POINT('Ctrl Pts',(-102.651800317146,1.72322119292785,22.5637830840013));
#10901=CARTESIAN_POINT('Ctrl Pts',(-102.224201401369,1.72322119292785,22.3046322259546));
#10902=CARTESIAN_POINT('',(-103.271216802343,1.21026123580505,21.5417458834256));
#10903=CARTESIAN_POINT('Ctrl Pts',(-103.271216802343,1.21026123580505,21.5417458834256));
#10904=CARTESIAN_POINT('Ctrl Pts',(-103.183847409301,1.35986794003897,21.6859053819441));
#10905=CARTESIAN_POINT('Ctrl Pts',(-103.00694432674,1.66278737474673,21.9777954681713));
#10906=CARTESIAN_POINT('Ctrl Pts',(-102.77114327886,1.70291294992043,22.3668671971721));
#10907=CARTESIAN_POINT('Ctrl Pts',(-102.651800317146,1.72322119292785,22.5637830840013));
#10908=CARTESIAN_POINT('',(-102.843617886566,1.21026123580505,21.2825950253789));
#10909=CARTESIAN_POINT('',(-103.271216802343,1.21026123580505,21.5417458834256));
#10910=CARTESIAN_POINT('Ctrl Pts',(-102.843617886566,1.21026123580505,21.2825950253789));
#10911=CARTESIAN_POINT('Ctrl Pts',(-102.756248493524,1.35986794003897,21.4267545238975));
#10912=CARTESIAN_POINT('Ctrl Pts',(-102.579345410963,1.66278737474673,21.7186446101246));
#10913=CARTESIAN_POINT('Ctrl Pts',(-102.343544363083,1.70291294992043,22.1077163391254));
#10914=CARTESIAN_POINT('Ctrl Pts',(-102.224201401369,1.72322119292785,22.3046322259546));
#10915=CARTESIAN_POINT('Ctrl Pts',(-103.511629457979,-0.257678379444588,
21.1450650016259));
#10916=CARTESIAN_POINT('Ctrl Pts',(-103.084030542202,-0.257678379444588,
20.8859141435792));
#10917=CARTESIAN_POINT('Ctrl Pts',(-103.50566877855,0.032893444851303,21.1549001226841));
#10918=CARTESIAN_POINT('Ctrl Pts',(-103.078069862773,0.032893444851303,
20.8957492646374));
#10919=CARTESIAN_POINT('Ctrl Pts',(-103.494715537718,0.566843174636862,
21.1729729700572));
#10920=CARTESIAN_POINT('Ctrl Pts',(-103.067116621941,0.566843174636862,
20.9138221120105));
#10921=CARTESIAN_POINT('Ctrl Pts',(-103.341193285394,1.00880983619555,21.426284686391));
#10922=CARTESIAN_POINT('Ctrl Pts',(-102.913594369617,1.00880983619555,21.1671338283443));
#10923=CARTESIAN_POINT('Ctrl Pts',(-103.271216802343,1.21026123580505,21.5417458834256));
#10924=CARTESIAN_POINT('Ctrl Pts',(-102.843617886566,1.21026123580505,21.2825950253789));
#10925=CARTESIAN_POINT('',(-103.511629457979,-0.257678379444588,21.1450650016259));
#10926=CARTESIAN_POINT('Ctrl Pts',(-103.511629457979,-0.257678379444588,
21.1450650016259));
#10927=CARTESIAN_POINT('Ctrl Pts',(-103.50566877855,0.032893444851303,21.1549001226841));
#10928=CARTESIAN_POINT('Ctrl Pts',(-103.494715537718,0.566843174636862,
21.1729729700572));
#10929=CARTESIAN_POINT('Ctrl Pts',(-103.341193285394,1.00880983619555,21.426284686391));
#10930=CARTESIAN_POINT('Ctrl Pts',(-103.271216802343,1.21026123580505,21.5417458834256));
#10931=CARTESIAN_POINT('',(-103.084030542202,-0.257678379444588,20.8859141435792));
#10932=CARTESIAN_POINT('',(-103.511629457979,-0.257678379444588,21.1450650016259));
#10933=CARTESIAN_POINT('Ctrl Pts',(-103.084030542202,-0.257678379444588,
20.8859141435792));
#10934=CARTESIAN_POINT('Ctrl Pts',(-103.078069862773,0.032893444851303,
20.8957492646374));
#10935=CARTESIAN_POINT('Ctrl Pts',(-103.067116621941,0.566843174636862,
20.9138221120105));
#10936=CARTESIAN_POINT('Ctrl Pts',(-102.913594369617,1.00880983619555,21.1671338283443));
#10937=CARTESIAN_POINT('Ctrl Pts',(-102.843617886566,1.21026123580505,21.2825950253789));
#10938=CARTESIAN_POINT('Ctrl Pts',(-103.412635938851,-1.33816992226075,
21.3084043081876));
#10939=CARTESIAN_POINT('Ctrl Pts',(-102.985037023074,-1.33816992226075,
21.0492534501409));
#10940=CARTESIAN_POINT('Ctrl Pts',(-103.441506058728,-1.16587420171654,
21.2607686103904));
#10941=CARTESIAN_POINT('Ctrl Pts',(-103.013907142951,-1.16587420171654,
21.0016177523438));
#10942=CARTESIAN_POINT('Ctrl Pts',(-103.500362851147,-0.814619218989701,
21.1636549028992));
#10943=CARTESIAN_POINT('Ctrl Pts',(-103.07276393537,-0.814619218989701,
20.9045040448525));
#10944=CARTESIAN_POINT('Ctrl Pts',(-103.50782672415,-0.445658469910442,
21.1513395124446));
#10945=CARTESIAN_POINT('Ctrl Pts',(-103.080227808373,-0.445658469910442,
20.892188654398));
#10946=CARTESIAN_POINT('Ctrl Pts',(-103.511629457979,-0.257678379444588,
21.1450650016259));
#10947=CARTESIAN_POINT('Ctrl Pts',(-103.084030542202,-0.257678379444588,
20.8859141435792));
#10948=CARTESIAN_POINT('',(-103.412635938851,-1.33816992226075,21.3084043081876));
#10949=CARTESIAN_POINT('Ctrl Pts',(-103.412635938851,-1.33816992226075,
21.3084043081876));
#10950=CARTESIAN_POINT('Ctrl Pts',(-103.441506058728,-1.16587420171654,
21.2607686103904));
#10951=CARTESIAN_POINT('Ctrl Pts',(-103.500362851147,-0.814619218989701,
21.1636549028992));
#10952=CARTESIAN_POINT('Ctrl Pts',(-103.50782672415,-0.445658469910442,
21.1513395124446));
#10953=CARTESIAN_POINT('Ctrl Pts',(-103.511629457979,-0.257678379444588,
21.1450650016259));
#10954=CARTESIAN_POINT('',(-102.985037023074,-1.33816992226075,21.0492534501409));
#10955=CARTESIAN_POINT('',(-103.412635938851,-1.33816992226075,21.3084043081876));
#10956=CARTESIAN_POINT('Ctrl Pts',(-102.985037023074,-1.33816992226075,
21.0492534501409));
#10957=CARTESIAN_POINT('Ctrl Pts',(-103.013907142951,-1.16587420171654,
21.0016177523437));
#10958=CARTESIAN_POINT('Ctrl Pts',(-103.07276393537,-0.814619218989701,
20.9045040448525));
#10959=CARTESIAN_POINT('Ctrl Pts',(-103.080227808373,-0.445658469910442,
20.8921886543979));
#10960=CARTESIAN_POINT('Ctrl Pts',(-103.084030542202,-0.257678379444588,
20.8859141435792));
#10961=CARTESIAN_POINT('Ctrl Pts',(-103.073229764086,-2.39137684288453,
21.8684244965489));
#10962=CARTESIAN_POINT('Ctrl Pts',(-102.645630848309,-2.39137684288453,
21.6092736385022));
#10963=CARTESIAN_POINT('Ctrl Pts',(-103.146068762987,-2.21796857067124,
21.7482401483639));
#10964=CARTESIAN_POINT('Ctrl Pts',(-102.71846984721,-2.21796857067124,21.4890892903172));
#10965=CARTESIAN_POINT('Ctrl Pts',(-103.282134212364,-1.89403668197458,
21.5237321568912));
#10966=CARTESIAN_POINT('Ctrl Pts',(-102.854535296587,-1.89403668197458,
21.2645812988445));
#10967=CARTESIAN_POINT('Ctrl Pts',(-103.371233548925,-1.51452170665678,
21.376718251566));
#10968=CARTESIAN_POINT('Ctrl Pts',(-102.943634633148,-1.51452170665678,
21.1175673935193));
#10969=CARTESIAN_POINT('Ctrl Pts',(-103.412635938851,-1.33816992226075,
21.3084043081876));
#10970=CARTESIAN_POINT('Ctrl Pts',(-102.985037023074,-1.33816992226075,
21.0492534501409));
#10971=CARTESIAN_POINT('',(-103.073229764086,-2.39137684288453,21.8684244965489));
#10972=CARTESIAN_POINT('Ctrl Pts',(-103.073229764086,-2.39137684288453,
21.8684244965489));
#10973=CARTESIAN_POINT('Ctrl Pts',(-103.146068762987,-2.21796857067124,
21.7482401483639));
#10974=CARTESIAN_POINT('Ctrl Pts',(-103.282134212364,-1.89403668197458,
21.5237321568912));
#10975=CARTESIAN_POINT('Ctrl Pts',(-103.371233548925,-1.51452170665678,
21.376718251566));
#10976=CARTESIAN_POINT('Ctrl Pts',(-103.412635938851,-1.33816992226075,
21.3084043081876));
#10977=CARTESIAN_POINT('',(-102.645630848309,-2.39137684288453,21.6092736385022));
#10978=CARTESIAN_POINT('',(-103.073229764086,-2.39137684288453,21.8684244965489));
#10979=CARTESIAN_POINT('Ctrl Pts',(-102.645630848309,-2.39137684288453,
21.6092736385022));
#10980=CARTESIAN_POINT('Ctrl Pts',(-102.718469847209,-2.21796857067124,
21.4890892903172));
#10981=CARTESIAN_POINT('Ctrl Pts',(-102.854535296587,-1.89403668197458,
21.2645812988445));
#10982=CARTESIAN_POINT('Ctrl Pts',(-102.943634633148,-1.51452170665678,
21.1175673935193));
#10983=CARTESIAN_POINT('Ctrl Pts',(-102.985037023074,-1.33816992226075,
21.0492534501409));
#10984=CARTESIAN_POINT('Ctrl Pts',(-103.443748470172,-2.58782898369264,
21.2570686315081));
#10985=CARTESIAN_POINT('Ctrl Pts',(-103.016149554395,-2.58782898369264,
20.9979177734614));
#10986=CARTESIAN_POINT('Ctrl Pts',(-103.387174969265,-2.5411497471691,21.3504149080051));
#10987=CARTESIAN_POINT('Ctrl Pts',(-102.959576053487,-2.5411497471691,21.0912640499585));
#10988=CARTESIAN_POINT('Ctrl Pts',(-103.268380170474,-2.44313123281885,
21.5464263260102));
#10989=CARTESIAN_POINT('Ctrl Pts',(-102.840781254697,-2.44313123281885,
21.2872754679635));
#10990=CARTESIAN_POINT('Ctrl Pts',(-103.140309497828,-2.40916656088224,
21.7577429358748));
#10991=CARTESIAN_POINT('Ctrl Pts',(-102.712710582051,-2.40916656088224,
21.4985920778281));
#10992=CARTESIAN_POINT('Ctrl Pts',(-103.073229764086,-2.39137684288453,
21.8684244965489));
#10993=CARTESIAN_POINT('Ctrl Pts',(-102.645630848309,-2.39137684288453,
21.6092736385022));
#10994=CARTESIAN_POINT('Ctrl Pts',(-103.443748470172,-2.58782898369264,
21.2570686315081));
#10995=CARTESIAN_POINT('Ctrl Pts',(-103.387174969265,-2.5411497471691,21.3504149080051));
#10996=CARTESIAN_POINT('Ctrl Pts',(-103.268380170474,-2.44313123281885,
21.5464263260102));
#10997=CARTESIAN_POINT('Ctrl Pts',(-103.140309497828,-2.40916656088224,
21.7577429358748));
#10998=CARTESIAN_POINT('Ctrl Pts',(-103.073229764086,-2.39137684288453,
21.8684244965489));
#10999=CARTESIAN_POINT('Ctrl Pts',(-103.016149554395,-2.58782898369264,
20.9979177734614));
#11000=CARTESIAN_POINT('Ctrl Pts',(-102.959576053487,-2.5411497471691,21.0912640499585));
#11001=CARTESIAN_POINT('Ctrl Pts',(-102.840781254697,-2.44313123281885,
21.2872754679635));
#11002=CARTESIAN_POINT('Ctrl Pts',(-102.712710582051,-2.40916656088224,
21.4985920778281));
#11003=CARTESIAN_POINT('Ctrl Pts',(-102.645630848309,-2.39137684288453,
21.6092736385022));
#11004=CARTESIAN_POINT('Origin',(-104.177201968817,0.0479147088246457,19.0821812896646));
#11005=CARTESIAN_POINT('Origin',(-101.803284880235,-12.0230249065442,23.9638335549046));
#11006=CARTESIAN_POINT('',(-101.803284880235,-12.0230249065442,23.9638335549046));
#11007=CARTESIAN_POINT('',(-103.443748470172,-12.0230249065442,21.2570686315081));
#11008=CARTESIAN_POINT('',(-98.4016431479225,-12.0230249065442,29.5765424132195));
#11009=CARTESIAN_POINT('',(-101.375685964458,-12.0230249065442,23.7046826968579));
#11010=CARTESIAN_POINT('',(-101.803284880235,-12.0230249065442,23.9638335549046));
#11011=CARTESIAN_POINT('',(-103.016149554395,-12.0230249065442,20.9979177734614));
#11012=CARTESIAN_POINT('',(-101.375685964458,-12.0230249065442,23.7046826968579));
#11013=CARTESIAN_POINT('',(-103.443748470172,-12.0230249065442,21.2570686315081));
#11014=CARTESIAN_POINT('Ctrl Pts',(-101.019821850684,-12.4759582180066,
25.2565475536625));
#11015=CARTESIAN_POINT('Ctrl Pts',(-100.592222934907,-12.4759582180066,
24.9973966956159));
#11016=CARTESIAN_POINT('Ctrl Pts',(-101.116373427844,-12.3447708670757,
25.0972374513485));
#11017=CARTESIAN_POINT('Ctrl Pts',(-100.688774512067,-12.3447708670757,
24.8380865933018));
#11018=CARTESIAN_POINT('Ctrl Pts',(-101.348652951179,-12.0291661277433,
24.7139762378467));
#11019=CARTESIAN_POINT('Ctrl Pts',(-100.921054035402,-12.0291661277433,
24.4548253798));
#11020=CARTESIAN_POINT('Ctrl Pts',(-101.635608234762,-12.025289902256,24.2405000199342));
#11021=CARTESIAN_POINT('Ctrl Pts',(-101.208009318985,-12.025289902256,23.9813491618875));
#11022=CARTESIAN_POINT('Ctrl Pts',(-101.803284880235,-12.0230249065442,
23.9638335549046));
#11023=CARTESIAN_POINT('Ctrl Pts',(-101.375685964458,-12.0230249065442,
23.7046826968579));
#11024=CARTESIAN_POINT('',(-101.019821850684,-12.4759582180066,25.2565475536625));
#11025=CARTESIAN_POINT('Ctrl Pts',(-101.019821850684,-12.4759582180066,
25.2565475536625));
#11026=CARTESIAN_POINT('Ctrl Pts',(-101.116373427844,-12.3447708670757,
25.0972374513485));
#11027=CARTESIAN_POINT('Ctrl Pts',(-101.348652951179,-12.0291661277433,
24.7139762378467));
#11028=CARTESIAN_POINT('Ctrl Pts',(-101.635608234762,-12.025289902256,24.2405000199342));
#11029=CARTESIAN_POINT('Ctrl Pts',(-101.803284880235,-12.0230249065442,
23.9638335549046));
#11030=CARTESIAN_POINT('',(-100.592222934907,-12.4759582180066,24.9973966956159));
#11031=CARTESIAN_POINT('',(-101.019821850684,-12.4759582180066,25.2565475536625));
#11032=CARTESIAN_POINT('Ctrl Pts',(-100.592222934907,-12.4759582180066,
24.9973966956158));
#11033=CARTESIAN_POINT('Ctrl Pts',(-100.688774512067,-12.3447708670757,
24.8380865933018));
#11034=CARTESIAN_POINT('Ctrl Pts',(-100.921054035402,-12.0291661277433,
24.4548253798));
#11035=CARTESIAN_POINT('Ctrl Pts',(-101.208009318985,-12.025289902256,23.9813491618875));
#11036=CARTESIAN_POINT('Ctrl Pts',(-101.375685964458,-12.0230249065442,
23.7046826968579));
#11037=CARTESIAN_POINT('Ctrl Pts',(-100.813349688952,-13.5619071620984,
25.5972266205211));
#11038=CARTESIAN_POINT('Ctrl Pts',(-100.385750773175,-13.5619071620984,
25.3380757624744));
#11039=CARTESIAN_POINT('Ctrl Pts',(-100.821637759103,-13.3604740012053,
25.583551304771));
#11040=CARTESIAN_POINT('Ctrl Pts',(-100.394038843326,-13.3604740012053,
25.3244004467244));
#11041=CARTESIAN_POINT('Ctrl Pts',(-100.838065544263,-12.9612133011049,
25.5564454592575));
#11042=CARTESIAN_POINT('Ctrl Pts',(-100.410466628486,-12.9612133011049,
25.2972946012109));
#11043=CARTESIAN_POINT('Ctrl Pts',(-100.959602270951,-12.636733146497,25.3559098602222));
#11044=CARTESIAN_POINT('Ctrl Pts',(-100.532003355174,-12.636733146497,25.0967590021755));
#11045=CARTESIAN_POINT('Ctrl Pts',(-101.019821850684,-12.4759582180066,
25.2565475536625));
#11046=CARTESIAN_POINT('Ctrl Pts',(-100.592222934907,-12.4759582180066,
24.9973966956159));
#11047=CARTESIAN_POINT('',(-100.813349688952,-13.5619071620984,25.5972266205211));
#11048=CARTESIAN_POINT('Ctrl Pts',(-100.813349688952,-13.5619071620984,
25.5972266205211));
#11049=CARTESIAN_POINT('Ctrl Pts',(-100.821637759103,-13.3604740012053,
25.583551304771));
#11050=CARTESIAN_POINT('Ctrl Pts',(-100.838065544263,-12.9612133011049,
25.5564454592575));
#11051=CARTESIAN_POINT('Ctrl Pts',(-100.959602270951,-12.636733146497,25.3559098602222));
#11052=CARTESIAN_POINT('Ctrl Pts',(-101.019821850684,-12.4759582180066,
25.2565475536625));
#11053=CARTESIAN_POINT('',(-100.385750773175,-13.5619071620984,25.3380757624744));
#11054=CARTESIAN_POINT('',(-100.813349688952,-13.5619071620984,25.5972266205211));
#11055=CARTESIAN_POINT('Ctrl Pts',(-100.385750773175,-13.5619071620984,
25.3380757624744));
#11056=CARTESIAN_POINT('Ctrl Pts',(-100.394038843326,-13.3604740012053,
25.3244004467244));
#11057=CARTESIAN_POINT('Ctrl Pts',(-100.410466628486,-12.9612133011049,
25.2972946012109));
#11058=CARTESIAN_POINT('Ctrl Pts',(-100.532003355174,-12.636733146497,25.0967590021755));
#11059=CARTESIAN_POINT('Ctrl Pts',(-100.592222934907,-12.4759582180066,
24.9973966956158));
#11060=CARTESIAN_POINT('Ctrl Pts',(-100.906686356119,-14.2440346378369,
25.4432211196955));
#11061=CARTESIAN_POINT('Ctrl Pts',(-100.479087440342,-14.2440346378369,
25.1840702616488));
#11062=CARTESIAN_POINT('Ctrl Pts',(-100.87947385854,-14.1410059097357,25.4881217407012));
#11063=CARTESIAN_POINT('Ctrl Pts',(-100.451874942763,-14.1410059097357,
25.2289708826545));
#11064=CARTESIAN_POINT('Ctrl Pts',(-100.822916012457,-13.9268733065403,
25.5814421867384));
#11065=CARTESIAN_POINT('Ctrl Pts',(-100.395317096679,-13.9268733065403,
25.3222913286917));
#11066=CARTESIAN_POINT('Ctrl Pts',(-100.816617636069,-13.6865830691151,
25.591834507777));
#11067=CARTESIAN_POINT('Ctrl Pts',(-100.389018720292,-13.6865830691151,
25.3326836497303));
#11068=CARTESIAN_POINT('Ctrl Pts',(-100.813349688952,-13.5619071620984,
25.5972266205211));
#11069=CARTESIAN_POINT('Ctrl Pts',(-100.385750773175,-13.5619071620984,
25.3380757624744));
#11070=CARTESIAN_POINT('',(-100.906686356119,-14.2440346378369,25.4432211196955));
#11071=CARTESIAN_POINT('Ctrl Pts',(-100.906686356119,-14.2440346378369,
25.4432211196955));
#11072=CARTESIAN_POINT('Ctrl Pts',(-100.87947385854,-14.1410059097357,25.4881217407012));
#11073=CARTESIAN_POINT('Ctrl Pts',(-100.822916012457,-13.9268733065403,
25.5814421867384));
#11074=CARTESIAN_POINT('Ctrl Pts',(-100.816617636069,-13.6865830691151,
25.591834507777));
#11075=CARTESIAN_POINT('Ctrl Pts',(-100.813349688952,-13.5619071620984,
25.5972266205211));
#11076=CARTESIAN_POINT('',(-100.479087440342,-14.2440346378369,25.1840702616488));
#11077=CARTESIAN_POINT('',(-100.906686356119,-14.2440346378369,25.4432211196955));
#11078=CARTESIAN_POINT('Ctrl Pts',(-100.479087440342,-14.2440346378369,
25.1840702616488));
#11079=CARTESIAN_POINT('Ctrl Pts',(-100.451874942763,-14.1410059097357,
25.2289708826545));
#11080=CARTESIAN_POINT('Ctrl Pts',(-100.395317096679,-13.9268733065403,
25.3222913286917));
#11081=CARTESIAN_POINT('Ctrl Pts',(-100.389018720292,-13.6865830691151,
25.3326836497303));
#11082=CARTESIAN_POINT('Ctrl Pts',(-100.385750773175,-13.5619071620984,
25.3380757624744));
#11083=CARTESIAN_POINT('Ctrl Pts',(-101.152755863716,-14.65331112328,25.0372064321598));
#11084=CARTESIAN_POINT('Ctrl Pts',(-100.725156947939,-14.65331112328,24.7780555741131));
#11085=CARTESIAN_POINT('Ctrl Pts',(-101.103360267411,-14.6067777791294,
25.1187091660631));
#11086=CARTESIAN_POINT('Ctrl Pts',(-100.675761351634,-14.6067777791294,
24.8595583080165));
#11087=CARTESIAN_POINT('Ctrl Pts',(-101.002815975895,-14.5120595761014,
25.2846072470654));
#11088=CARTESIAN_POINT('Ctrl Pts',(-100.575217060118,-14.5120595761014,
25.0254563890187));
#11089=CARTESIAN_POINT('Ctrl Pts',(-100.939099882471,-14.3344087953512,
25.3897388012149));
#11090=CARTESIAN_POINT('Ctrl Pts',(-100.511500966694,-14.3344087953512,
25.1305879431682));
#11091=CARTESIAN_POINT('Ctrl Pts',(-100.906686356119,-14.2440346378369,
25.4432211196955));
#11092=CARTESIAN_POINT('Ctrl Pts',(-100.479087440342,-14.2440346378369,
25.1840702616488));
#11093=CARTESIAN_POINT('',(-101.152755863716,-14.65331112328,25.0372064321598));
#11094=CARTESIAN_POINT('Ctrl Pts',(-101.152755863716,-14.65331112328,25.0372064321598));
#11095=CARTESIAN_POINT('Ctrl Pts',(-101.103360267411,-14.6067777791294,
25.1187091660631));
#11096=CARTESIAN_POINT('Ctrl Pts',(-101.002815975895,-14.5120595761014,
25.2846072470654));
#11097=CARTESIAN_POINT('Ctrl Pts',(-100.939099882471,-14.3344087953512,
25.3897388012149));
#11098=CARTESIAN_POINT('Ctrl Pts',(-100.906686356119,-14.2440346378369,
25.4432211196955));
#11099=CARTESIAN_POINT('',(-100.725156947939,-14.65331112328,24.7780555741131));
#11100=CARTESIAN_POINT('',(-101.152755863716,-14.65331112328,25.0372064321598));
#11101=CARTESIAN_POINT('Ctrl Pts',(-100.725156947939,-14.65331112328,24.7780555741131));
#11102=CARTESIAN_POINT('Ctrl Pts',(-100.675761351634,-14.6067777791294,
24.8595583080165));
#11103=CARTESIAN_POINT('Ctrl Pts',(-100.575217060118,-14.5120595761014,
25.0254563890187));
#11104=CARTESIAN_POINT('Ctrl Pts',(-100.511500966694,-14.3344087953512,
25.1305879431682));
#11105=CARTESIAN_POINT('Ctrl Pts',(-100.479087440342,-14.2440346378369,
25.1840702616488));
#11106=CARTESIAN_POINT('Ctrl Pts',(-101.616611236969,-14.767909397511,24.2718450662934));
#11107=CARTESIAN_POINT('Ctrl Pts',(-101.189012321192,-14.767909397511,24.0126942082467));
#11108=CARTESIAN_POINT('Ctrl Pts',(-101.5254648893,-14.7670253888659,24.4222365399464));
#11109=CARTESIAN_POINT('Ctrl Pts',(-101.097865973523,-14.7670253888659,
24.1630856818998));
#11110=CARTESIAN_POINT('Ctrl Pts',(-101.368146076892,-14.7654995878464,
24.6818125804204));
#11111=CARTESIAN_POINT('Ctrl Pts',(-100.940547161115,-14.7654995878464,
24.4226617223737));
#11112=CARTESIAN_POINT('Ctrl Pts',(-101.216529723119,-14.6865284698829,
24.9319795641447));
#11113=CARTESIAN_POINT('Ctrl Pts',(-100.788930807342,-14.6865284698829,
24.672828706098));
#11114=CARTESIAN_POINT('Ctrl Pts',(-101.152755863716,-14.65331112328,25.0372064321598));
#11115=CARTESIAN_POINT('Ctrl Pts',(-100.725156947939,-14.65331112328,24.7780555741131));
#11116=CARTESIAN_POINT('',(-101.616611236969,-14.767909397511,24.2718450662934));
#11117=CARTESIAN_POINT('Ctrl Pts',(-101.616611236969,-14.767909397511,24.2718450662934));
#11118=CARTESIAN_POINT('Ctrl Pts',(-101.5254648893,-14.7670253888659,24.4222365399464));
#11119=CARTESIAN_POINT('Ctrl Pts',(-101.368146076892,-14.7654995878464,
24.6818125804204));
#11120=CARTESIAN_POINT('Ctrl Pts',(-101.216529723119,-14.6865284698829,
24.9319795641447));
#11121=CARTESIAN_POINT('Ctrl Pts',(-101.152755863716,-14.65331112328,25.0372064321598));
#11122=CARTESIAN_POINT('',(-101.189012321192,-14.767909397511,24.0126942082467));
#11123=CARTESIAN_POINT('',(-101.616611236969,-14.767909397511,24.2718450662934));
#11124=CARTESIAN_POINT('Ctrl Pts',(-101.189012321192,-14.767909397511,24.0126942082467));
#11125=CARTESIAN_POINT('Ctrl Pts',(-101.097865973523,-14.7670253888659,
24.1630856818998));
#11126=CARTESIAN_POINT('Ctrl Pts',(-100.940547161115,-14.7654995878464,
24.4226617223737));
#11127=CARTESIAN_POINT('Ctrl Pts',(-100.788930807342,-14.6865284698829,
24.672828706098));
#11128=CARTESIAN_POINT('Ctrl Pts',(-100.725156947939,-14.65331112328,24.7780555741131));
#11129=CARTESIAN_POINT('Origin',(-103.443748470172,-14.767909397511,21.2570686315081));
#11130=CARTESIAN_POINT('',(-103.443748470172,-14.767909397511,21.2570686315081));
#11131=CARTESIAN_POINT('',(-99.2218749428911,-14.767909397511,28.2231599515213));
#11132=CARTESIAN_POINT('',(-103.016149554395,-14.767909397511,20.9979177734614));
#11133=CARTESIAN_POINT('',(-103.443748470172,-14.767909397511,21.2570686315081));
#11134=CARTESIAN_POINT('',(-103.016149554395,-14.767909397511,20.9979177734614));
#11135=CARTESIAN_POINT('Origin',(-103.443748470172,-15.7501748699231,21.2570686315081));
#11136=CARTESIAN_POINT('',(-103.443748470172,-15.7501748699231,21.2570686315081));
#11137=CARTESIAN_POINT('',(-103.443748470172,7.18134981899047,21.2570686315081));
#11138=CARTESIAN_POINT('',(-103.016149554395,-15.7501748699231,20.9979177734614));
#11139=CARTESIAN_POINT('',(-103.443748470172,-15.7501748699231,21.2570686315081));
#11140=CARTESIAN_POINT('',(-103.016149554395,-15.7501748699231,20.9979177734614));
#11141=CARTESIAN_POINT('Origin',(-101.596812718502,-15.7501748699231,24.3045126217632));
#11142=CARTESIAN_POINT('',(-101.596812718502,-15.7501748699231,24.3045126217632));
#11143=CARTESIAN_POINT('',(-98.2984070670562,-15.7501748699231,29.7468819466488));
#11144=CARTESIAN_POINT('',(-101.169213802725,-15.7501748699231,24.0453617637165));
#11145=CARTESIAN_POINT('',(-101.596812718502,-15.7501748699231,24.3045126217632));
#11146=CARTESIAN_POINT('',(-101.169213802725,-15.7501748699231,24.0453617637165));
#11147=CARTESIAN_POINT('Ctrl Pts',(-101.101845122861,-15.6956032413525,
25.1212091545714));
#11148=CARTESIAN_POINT('Ctrl Pts',(-100.674246207084,-15.6956032413525,
24.8620582965247));
#11149=CARTESIAN_POINT('Ctrl Pts',(-101.166590084918,-15.7113521812499,
25.0143799671763));
#11150=CARTESIAN_POINT('Ctrl Pts',(-100.738991169141,-15.7113521812499,
24.7552291091297));
#11151=CARTESIAN_POINT('Ctrl Pts',(-101.33083273288,-15.7513035150545,24.7433795980395));
#11152=CARTESIAN_POINT('Ctrl Pts',(-100.903233817103,-15.7513035150545,
24.4842287399928));
#11153=CARTESIAN_POINT('Ctrl Pts',(-101.496470110004,-15.7506006583383,
24.4700779257846));
#11154=CARTESIAN_POINT('Ctrl Pts',(-101.068871194227,-15.7506006583383,
24.210927067738));
#11155=CARTESIAN_POINT('Ctrl Pts',(-101.596812718502,-15.7501748699231,
24.3045126217632));
#11156=CARTESIAN_POINT('Ctrl Pts',(-101.169213802725,-15.7501748699231,
24.0453617637165));
#11157=CARTESIAN_POINT('',(-101.101845122861,-15.6956032413525,25.1212091545714));
#11158=CARTESIAN_POINT('Ctrl Pts',(-101.101845122861,-15.6956032413525,
25.1212091545714));
#11159=CARTESIAN_POINT('Ctrl Pts',(-101.166590084918,-15.7113521812499,
25.0143799671763));
#11160=CARTESIAN_POINT('Ctrl Pts',(-101.33083273288,-15.7513035150545,24.7433795980395));
#11161=CARTESIAN_POINT('Ctrl Pts',(-101.496470110004,-15.7506006583383,
24.4700779257846));
#11162=CARTESIAN_POINT('Ctrl Pts',(-101.596812718502,-15.7501748699231,
24.3045126217632));
#11163=CARTESIAN_POINT('',(-100.674246207084,-15.6956032413525,24.8620582965247));
#11164=CARTESIAN_POINT('',(-101.101845122861,-15.6956032413525,25.1212091545714));
#11165=CARTESIAN_POINT('Ctrl Pts',(-100.674246207084,-15.6956032413525,
24.8620582965247));
#11166=CARTESIAN_POINT('Ctrl Pts',(-100.738991169141,-15.7113521812499,
24.7552291091297));
#11167=CARTESIAN_POINT('Ctrl Pts',(-100.903233817103,-15.7513035150545,
24.4842287399928));
#11168=CARTESIAN_POINT('Ctrl Pts',(-101.068871194227,-15.7506006583383,
24.210927067738));
#11169=CARTESIAN_POINT('Ctrl Pts',(-101.169213802725,-15.7501748699231,
24.0453617637165));
#11170=CARTESIAN_POINT('Ctrl Pts',(-100.725669564814,-15.3900102275891,
25.7418988253483));
#11171=CARTESIAN_POINT('Ctrl Pts',(-100.298070649037,-15.3900102275891,
25.4827479673016));
#11172=CARTESIAN_POINT('Ctrl Pts',(-100.782112569654,-15.4577689177604,
25.6487678673621));
#11173=CARTESIAN_POINT('Ctrl Pts',(-100.354513653877,-15.4577689177604,
25.3896170093155));
#11174=CARTESIAN_POINT('Ctrl Pts',(-100.899021381095,-15.5981155905707,
25.4558683284844));
#11175=CARTESIAN_POINT('Ctrl Pts',(-100.471422465318,-15.5981155905707,
25.1967174704378));
#11176=CARTESIAN_POINT('Ctrl Pts',(-101.032703882253,-15.6623703611173,
25.2352922015735));
#11177=CARTESIAN_POINT('Ctrl Pts',(-100.605104966476,-15.6623703611173,
24.9761413435268));
#11178=CARTESIAN_POINT('Ctrl Pts',(-101.101845122861,-15.6956032413525,
25.1212091545714));
#11179=CARTESIAN_POINT('Ctrl Pts',(-100.674246207084,-15.6956032413525,
24.8620582965247));
#11180=CARTESIAN_POINT('',(-100.725669564814,-15.3900102275891,25.7418988253483));
#11181=CARTESIAN_POINT('Ctrl Pts',(-100.725669564814,-15.3900102275891,
25.7418988253483));
#11182=CARTESIAN_POINT('Ctrl Pts',(-100.782112569654,-15.4577689177604,
25.6487678673621));
#11183=CARTESIAN_POINT('Ctrl Pts',(-100.899021381095,-15.5981155905707,
25.4558683284844));
#11184=CARTESIAN_POINT('Ctrl Pts',(-101.032703882253,-15.6623703611173,
25.2352922015735));
#11185=CARTESIAN_POINT('Ctrl Pts',(-101.101845122861,-15.6956032413525,
25.1212091545714));
#11186=CARTESIAN_POINT('',(-100.298070649037,-15.3900102275891,25.4827479673016));
#11187=CARTESIAN_POINT('',(-100.725669564814,-15.3900102275891,25.7418988253483));
#11188=CARTESIAN_POINT('Ctrl Pts',(-100.298070649037,-15.3900102275891,
25.4827479673016));
#11189=CARTESIAN_POINT('Ctrl Pts',(-100.354513653877,-15.4577689177604,
25.3896170093155));
#11190=CARTESIAN_POINT('Ctrl Pts',(-100.471422465318,-15.5981155905707,
25.1967174704378));
#11191=CARTESIAN_POINT('Ctrl Pts',(-100.605104966476,-15.6623703611173,
24.9761413435268));
#11192=CARTESIAN_POINT('Ctrl Pts',(-100.674246207084,-15.6956032413525,
24.8620582965247));
#11193=CARTESIAN_POINT('Ctrl Pts',(-100.471114933741,-14.7297099727673,
26.1619139666192));
#11194=CARTESIAN_POINT('Ctrl Pts',(-100.043516017964,-14.7297099727673,
25.9027631085726));
#11195=CARTESIAN_POINT('Ctrl Pts',(-100.503855365334,-14.8649853386922,
26.1078922544897));
#11196=CARTESIAN_POINT('Ctrl Pts',(-100.076256449557,-14.8649853386922,
25.8487413964431));
#11197=CARTESIAN_POINT('Ctrl Pts',(-100.565381051002,-15.119194255231,26.0063748731386));
#11198=CARTESIAN_POINT('Ctrl Pts',(-100.137782135225,-15.119194255231,25.7472240150919));
#11199=CARTESIAN_POINT('Ctrl Pts',(-100.674580011229,-15.3036917085492,
25.826196588763));
#11200=CARTESIAN_POINT('Ctrl Pts',(-100.246981095452,-15.3036917085492,
25.5670457307163));
#11201=CARTESIAN_POINT('Ctrl Pts',(-100.725669564814,-15.3900102275891,
25.7418988253483));
#11202=CARTESIAN_POINT('Ctrl Pts',(-100.298070649037,-15.3900102275891,
25.4827479673016));
#11203=CARTESIAN_POINT('',(-100.471114933741,-14.7297099727673,26.1619139666192));
#11204=CARTESIAN_POINT('Ctrl Pts',(-100.471114933741,-14.7297099727673,
26.1619139666192));
#11205=CARTESIAN_POINT('Ctrl Pts',(-100.503855365334,-14.8649853386922,
26.1078922544897));
#11206=CARTESIAN_POINT('Ctrl Pts',(-100.565381051002,-15.119194255231,26.0063748731386));
#11207=CARTESIAN_POINT('Ctrl Pts',(-100.674580011229,-15.3036917085492,
25.826196588763));
#11208=CARTESIAN_POINT('Ctrl Pts',(-100.725669564814,-15.3900102275891,
25.7418988253483));
#11209=CARTESIAN_POINT('',(-100.043516017964,-14.7297099727673,25.9027631085726));
#11210=CARTESIAN_POINT('',(-100.471114933741,-14.7297099727673,26.1619139666192));
#11211=CARTESIAN_POINT('Ctrl Pts',(-100.043516017964,-14.7297099727673,
25.9027631085726));
#11212=CARTESIAN_POINT('Ctrl Pts',(-100.076256449557,-14.8649853386922,
25.8487413964431));
#11213=CARTESIAN_POINT('Ctrl Pts',(-100.137782135225,-15.119194255231,25.7472240150919));
#11214=CARTESIAN_POINT('Ctrl Pts',(-100.246981095452,-15.3036917085492,
25.5670457307163));
#11215=CARTESIAN_POINT('Ctrl Pts',(-100.298070649037,-15.3900102275891,
25.4827479673016));
#11216=CARTESIAN_POINT('Ctrl Pts',(-100.372121414613,-13.7692741054578,
26.3252532731809));
#11217=CARTESIAN_POINT('Ctrl Pts',(-99.9445224988355,-13.7692741054578,
26.0661024151342));
#11218=CARTESIAN_POINT('Ctrl Pts',(-100.375827741497,-13.9383896744481,
26.3191378338218));
#11219=CARTESIAN_POINT('Ctrl Pts',(-99.9482288257198,-13.9383896744481,
26.0599869757752));
#11220=CARTESIAN_POINT('Ctrl Pts',(-100.383063545452,-14.268551352366,26.3071987572954));
#11221=CARTESIAN_POINT('Ctrl Pts',(-99.9554646296752,-14.268551352366,26.0480478992487));
#11222=CARTESIAN_POINT('Ctrl Pts',(-100.442246634318,-14.5785157054879,
26.2095466606671));
#11223=CARTESIAN_POINT('Ctrl Pts',(-100.014647718541,-14.5785157054879,
25.9503958026204));
#11224=CARTESIAN_POINT('Ctrl Pts',(-100.471114933741,-14.7297099727673,
26.1619139666192));
#11225=CARTESIAN_POINT('Ctrl Pts',(-100.043516017964,-14.7297099727673,
25.9027631085726));
#11226=CARTESIAN_POINT('',(-100.372121414613,-13.7692741054578,26.3252532731809));
#11227=CARTESIAN_POINT('Ctrl Pts',(-100.372121414613,-13.7692741054578,
26.3252532731809));
#11228=CARTESIAN_POINT('Ctrl Pts',(-100.375827741497,-13.9383896744481,
26.3191378338218));
#11229=CARTESIAN_POINT('Ctrl Pts',(-100.383063545452,-14.268551352366,26.3071987572954));
#11230=CARTESIAN_POINT('Ctrl Pts',(-100.442246634318,-14.5785157054879,
26.2095466606671));
#11231=CARTESIAN_POINT('Ctrl Pts',(-100.471114933741,-14.7297099727673,
26.1619139666192));
#11232=CARTESIAN_POINT('',(-99.9445224988355,-13.7692741054578,26.0661024151342));
#11233=CARTESIAN_POINT('',(-100.372121414613,-13.7692741054578,26.3252532731809));
#11234=CARTESIAN_POINT('Ctrl Pts',(-99.9445224988355,-13.7692741054578,
26.0661024151342));
#11235=CARTESIAN_POINT('Ctrl Pts',(-99.9482288257198,-13.9383896744481,
26.0599869757752));
#11236=CARTESIAN_POINT('Ctrl Pts',(-99.9554646296752,-14.268551352366,26.0480478992487));
#11237=CARTESIAN_POINT('Ctrl Pts',(-100.014647718541,-14.5785157054879,
25.9503958026204));
#11238=CARTESIAN_POINT('Ctrl Pts',(-100.043516017964,-14.7297099727673,
25.9027631085726));
#11239=CARTESIAN_POINT('Ctrl Pts',(-100.867089010254,-11.9247988361401,
25.5085567403726));
#11240=CARTESIAN_POINT('Ctrl Pts',(-100.439490094477,-11.9247988361401,
25.249405882326));
#11241=CARTESIAN_POINT('Ctrl Pts',(-100.72273210842,-12.1641275541849,25.7467456283984));
#11242=CARTESIAN_POINT('Ctrl Pts',(-100.295133192643,-12.1641275541849,
25.4875947703517));
#11243=CARTESIAN_POINT('Ctrl Pts',(-100.42974538962,-12.6498690388239,26.2301737144189));
#11244=CARTESIAN_POINT('Ctrl Pts',(-100.002146473843,-12.6498690388239,
25.9710228563722));
#11245=CARTESIAN_POINT('Ctrl Pts',(-100.391515255569,-13.3925287694248,
26.2932534356035));
#11246=CARTESIAN_POINT('Ctrl Pts',(-99.9639163397916,-13.3925287694248,
26.0341025775568));
#11247=CARTESIAN_POINT('Ctrl Pts',(-100.372121414613,-13.7692741054578,
26.3252532731809));
#11248=CARTESIAN_POINT('Ctrl Pts',(-99.9445224988355,-13.7692741054578,
26.0661024151342));
#11249=CARTESIAN_POINT('',(-100.867089010254,-11.9247988361401,25.5085567403726));
#11250=CARTESIAN_POINT('Ctrl Pts',(-100.867089010254,-11.9247988361401,
25.5085567403726));
#11251=CARTESIAN_POINT('Ctrl Pts',(-100.72273210842,-12.1641275541849,25.7467456283984));
#11252=CARTESIAN_POINT('Ctrl Pts',(-100.42974538962,-12.6498690388239,26.2301737144189));
#11253=CARTESIAN_POINT('Ctrl Pts',(-100.391515255569,-13.3925287694248,
26.2932534356035));
#11254=CARTESIAN_POINT('Ctrl Pts',(-100.372121414613,-13.7692741054578,
26.3252532731809));
#11255=CARTESIAN_POINT('',(-100.439490094477,-11.9247988361401,25.249405882326));
#11256=CARTESIAN_POINT('',(-100.867089010254,-11.9247988361401,25.5085567403726));
#11257=CARTESIAN_POINT('Ctrl Pts',(-100.439490094477,-11.9247988361401,
25.249405882326));
#11258=CARTESIAN_POINT('Ctrl Pts',(-100.295133192643,-12.1641275541849,
25.4875947703517));
#11259=CARTESIAN_POINT('Ctrl Pts',(-100.002146473843,-12.6498690388239,
25.9710228563722));
#11260=CARTESIAN_POINT('Ctrl Pts',(-99.9639163397916,-13.3925287694248,
26.0341025775568));
#11261=CARTESIAN_POINT('Ctrl Pts',(-99.9445224988355,-13.7692741054578,
26.0661024151342));
#11262=CARTESIAN_POINT('Origin',(-100.440002711352,-11.9247988361401,26.2132491335611));
#11263=CARTESIAN_POINT('',(-100.440002711352,-11.9247988361401,26.2132491335611));
#11264=CARTESIAN_POINT('',(-97.7200020634811,-11.9247988361401,30.7012502025478));
#11265=CARTESIAN_POINT('',(-100.012403795575,-11.9247988361401,25.9540982755144));
#11266=CARTESIAN_POINT('',(-100.440002711352,-11.9247988361401,26.2132491335611));
#11267=CARTESIAN_POINT('',(-100.012403795575,-11.9247988361401,25.9540982755144));
#11268=CARTESIAN_POINT('Origin',(-100.440002711352,-11.0407618183179,26.2132491335611));
#11269=CARTESIAN_POINT('',(-100.440002711352,-11.0407618183179,26.2132491335611));
#11270=CARTESIAN_POINT('',(-100.440002711352,9.53605634479309,26.2132491335611));
#11271=CARTESIAN_POINT('',(-100.012403795575,-11.0407618183179,25.9540982755144));
#11272=CARTESIAN_POINT('',(-100.440002711352,-11.0407618183179,26.2132491335611));
#11273=CARTESIAN_POINT('',(-100.012403795575,-11.0407618183179,25.9540982755144));
#11274=CARTESIAN_POINT('Origin',(-103.443748470172,-11.0407618183179,21.2570686315081));
#11275=CARTESIAN_POINT('',(-103.443748470172,-11.0407618183179,21.2570686315081));
#11276=CARTESIAN_POINT('',(-99.2218749428911,-11.0407618183179,28.2231599515213));
#11277=CARTESIAN_POINT('',(-103.016149554395,-11.0407618183179,20.9979177734614));
#11278=CARTESIAN_POINT('',(-103.443748470172,-11.0407618183179,21.2570686315081));
#11279=CARTESIAN_POINT('',(-103.016149554395,-11.0407618183179,20.9979177734614));
#11280=CARTESIAN_POINT('Origin',(-103.443748470172,-12.0230249065442,21.2570686315081));
#11281=CARTESIAN_POINT('',(-103.443748470172,9.04492480067993,21.2570686315081));
#11282=CARTESIAN_POINT('',(-103.016149554395,-12.0230249065442,20.9979177734614));
#11283=CARTESIAN_POINT('Origin',(-104.177201968817,0.0479147088246457,19.0821812896646));
#11284=CARTESIAN_POINT('Origin',(-99.2973346796387,-18.2440355915112,28.0986513858878));
#11285=CARTESIAN_POINT('',(-99.2973346796387,-18.2440355915112,28.0986513858878));
#11286=CARTESIAN_POINT('',(-99.8828106709324,-18.2440355915112,27.1326160002531));
#11287=CARTESIAN_POINT('',(-97.1486680476245,-18.2440355915112,31.6439513287111));
#11288=CARTESIAN_POINT('',(-98.8697357638617,-18.2440355915112,27.8395005278411));
#11289=CARTESIAN_POINT('',(-99.2973346796387,-18.2440355915112,28.0986513858878));
#11290=CARTESIAN_POINT('',(-99.4552117551554,-18.2440355915112,26.8734651422064));
#11291=CARTESIAN_POINT('',(-98.8697357638617,-18.2440355915112,27.8395005278411));
#11292=CARTESIAN_POINT('',(-99.8828106709324,-18.2440355915112,27.1326160002531));
#11293=CARTESIAN_POINT('Origin',(-99.2973346796387,-17.2617725032849,28.0986513858878));
#11294=CARTESIAN_POINT('',(-99.2973346796387,-17.2617725032849,28.0986513858878));
#11295=CARTESIAN_POINT('',(-99.2973346796387,6.42555100230957,28.0986513858878));
#11296=CARTESIAN_POINT('',(-98.8697357638617,-17.2617725032849,27.8395005278411));
#11297=CARTESIAN_POINT('',(-99.2973346796387,-17.2617725032849,28.0986513858878));
#11298=CARTESIAN_POINT('',(-98.8697357638617,-17.2617725032849,27.8395005278411));
#11299=CARTESIAN_POINT('Origin',(-99.8828106709324,-17.2617725032849,27.1326160002531));
#11300=CARTESIAN_POINT('',(-99.8828106709324,-17.2617725032849,27.1326160002531));
#11301=CARTESIAN_POINT('',(-97.4414060432714,-17.2617725032849,31.1609336358938));
#11302=CARTESIAN_POINT('',(-99.4552117551554,-17.2617725032849,26.8734651422064));
#11303=CARTESIAN_POINT('',(-99.8828106709324,-17.2617725032849,27.1326160002531));
#11304=CARTESIAN_POINT('',(-99.4552117551554,-17.2617725032849,26.8734651422064));
#11305=CARTESIAN_POINT('Origin',(-99.8828106709324,-18.2440355915112,27.1326160002531));
#11306=CARTESIAN_POINT('',(-99.8828106709324,5.93441945819641,27.1326160002531));
#11307=CARTESIAN_POINT('',(-99.4552117551554,-18.2440355915112,26.8734651422064));
#11308=CARTESIAN_POINT('Origin',(-104.177201968817,0.0479147088246457,19.0821812896646));
#11309=CARTESIAN_POINT('Origin',(-106.257992623143,14.9292239051776,16.6135657791054));
#11310=CARTESIAN_POINT('',(-106.257992623143,14.9292239051776,16.6135657791054));
#11311=CARTESIAN_POINT('',(-106.257992623143,16.9756085675674,16.6135657791054));
#11312=CARTESIAN_POINT('',(-106.257992623143,22.5210492065408,16.6135657791054));
#11313=CARTESIAN_POINT('',(-105.830393707366,14.9292239051776,16.3544149210588));
#11314=CARTESIAN_POINT('',(-106.257992623143,14.9292239051776,16.6135657791054));
#11315=CARTESIAN_POINT('',(-105.830393707366,16.9756085675674,16.3544149210588));
#11316=CARTESIAN_POINT('',(-105.830393707366,14.9292239051776,16.3544149210588));
#11317=CARTESIAN_POINT('',(-106.257992623143,16.9756085675674,16.6135657791054));
#11318=CARTESIAN_POINT('Ctrl Pts',(-106.294761697493,13.9415022235828,16.5528968064275));
#11319=CARTESIAN_POINT('Ctrl Pts',(-105.867162781716,13.9415022235828,16.2937459483809));
#11320=CARTESIAN_POINT('Ctrl Pts',(-106.284163770109,14.0681496043521,16.5703833866111));
#11321=CARTESIAN_POINT('Ctrl Pts',(-105.856564854332,14.0681496043521,16.3112325285644));
#11322=CARTESIAN_POINT('Ctrl Pts',(-106.256817962508,14.3949375490424,16.615503969154));
#11323=CARTESIAN_POINT('Ctrl Pts',(-105.829219046731,14.3949375490424,16.3563531111073));
#11324=CARTESIAN_POINT('Ctrl Pts',(-106.257546457794,14.7262886476149,16.6143019519315));
#11325=CARTESIAN_POINT('Ctrl Pts',(-105.829947542017,14.7262886476149,16.3551510938848));
#11326=CARTESIAN_POINT('Ctrl Pts',(-106.257992623143,14.9292239051776,16.6135657791054));
#11327=CARTESIAN_POINT('Ctrl Pts',(-105.830393707366,14.9292239051776,16.3544149210588));
#11328=CARTESIAN_POINT('',(-106.294761697493,13.9415022235828,16.5528968064275));
#11329=CARTESIAN_POINT('Ctrl Pts',(-106.294761697493,13.9415022235828,16.5528968064275));
#11330=CARTESIAN_POINT('Ctrl Pts',(-106.284163770109,14.0681496043521,16.5703833866111));
#11331=CARTESIAN_POINT('Ctrl Pts',(-106.256817962508,14.3949375490424,16.615503969154));
#11332=CARTESIAN_POINT('Ctrl Pts',(-106.257546457794,14.7262886476149,16.6143019519315));
#11333=CARTESIAN_POINT('Ctrl Pts',(-106.257992623143,14.9292239051776,16.6135657791054));
#11334=CARTESIAN_POINT('',(-105.867162781716,13.9415022235828,16.2937459483809));
#11335=CARTESIAN_POINT('',(-106.294761697493,13.9415022235828,16.5528968064275));
#11336=CARTESIAN_POINT('Ctrl Pts',(-105.867162781716,13.9415022235828,16.2937459483809));
#11337=CARTESIAN_POINT('Ctrl Pts',(-105.856564854332,14.0681496043521,16.3112325285644));
#11338=CARTESIAN_POINT('Ctrl Pts',(-105.829219046731,14.3949375490424,16.3563531111073));
#11339=CARTESIAN_POINT('Ctrl Pts',(-105.829947542017,14.7262886476149,16.3551510938848));
#11340=CARTESIAN_POINT('Ctrl Pts',(-105.830393707366,14.9292239051776,16.3544149210588));
#11341=CARTESIAN_POINT('Ctrl Pts',(-106.540831514023,13.2757451635318,16.1468816091542));
#11342=CARTESIAN_POINT('Ctrl Pts',(-106.113232598246,13.2757451635318,15.8877307511075));
#11343=CARTESIAN_POINT('Ctrl Pts',(-106.483965707017,13.3658568900443,16.2407101907142));
#11344=CARTESIAN_POINT('Ctrl Pts',(-106.05636679124,13.3658568900443,15.9815593326675));
#11345=CARTESIAN_POINT('Ctrl Pts',(-106.370856046544,13.5450947717707,16.427341130494));
#11346=CARTESIAN_POINT('Ctrl Pts',(-105.943257130767,13.5450947717707,16.1681902724473));
#11347=CARTESIAN_POINT('Ctrl Pts',(-106.320033327931,13.8098516772541,16.5111986162049));
#11348=CARTESIAN_POINT('Ctrl Pts',(-105.892434412154,13.8098516772541,16.2520477581583));
#11349=CARTESIAN_POINT('Ctrl Pts',(-106.294761697493,13.9415022235828,16.5528968064275));
#11350=CARTESIAN_POINT('Ctrl Pts',(-105.867162781716,13.9415022235828,16.2937459483809));
#11351=CARTESIAN_POINT('',(-106.540831514023,13.2757451635318,16.1468816091542));
#11352=CARTESIAN_POINT('Ctrl Pts',(-106.540831514023,13.2757451635318,16.1468816091542));
#11353=CARTESIAN_POINT('Ctrl Pts',(-106.483965707017,13.3658568900443,16.2407101907142));
#11354=CARTESIAN_POINT('Ctrl Pts',(-106.370856046544,13.5450947717707,16.427341130494));
#11355=CARTESIAN_POINT('Ctrl Pts',(-106.320033327931,13.8098516772541,16.5111986162049));
#11356=CARTESIAN_POINT('Ctrl Pts',(-106.294761697493,13.9415022235828,16.5528968064275));
#11357=CARTESIAN_POINT('',(-106.113232598246,13.2757451635318,15.8877307511075));
#11358=CARTESIAN_POINT('',(-106.540831514023,13.2757451635318,16.1468816091542));
#11359=CARTESIAN_POINT('Ctrl Pts',(-106.113232598246,13.2757451635318,15.8877307511075));
#11360=CARTESIAN_POINT('Ctrl Pts',(-106.05636679124,13.3658568900443,15.9815593326675));
#11361=CARTESIAN_POINT('Ctrl Pts',(-105.943257130767,13.5450947717707,16.1681902724473));
#11362=CARTESIAN_POINT('Ctrl Pts',(-105.892434412154,13.8098516772541,16.2520477581583));
#11363=CARTESIAN_POINT('Ctrl Pts',(-105.867162781716,13.9415022235828,16.2937459483809));
#11364=CARTESIAN_POINT('Ctrl Pts',(-106.984887750945,13.0192645889239,15.4141888182328));
#11365=CARTESIAN_POINT('Ctrl Pts',(-106.557288835168,13.0192645889239,15.1550379601861));
#11366=CARTESIAN_POINT('Ctrl Pts',(-106.902556389007,13.028286367116,15.5500355654298));
#11367=CARTESIAN_POINT('Ctrl Pts',(-106.47495747323,13.028286367116,15.2908847073831));
#11368=CARTESIAN_POINT('Ctrl Pts',(-106.743743810318,13.0456888711596,15.8120763202663));
#11369=CARTESIAN_POINT('Ctrl Pts',(-106.316144894541,13.0456888711596,15.5529254622196));
#11370=CARTESIAN_POINT('Ctrl Pts',(-106.606787266428,13.2009663741931,16.0380546176859));
#11371=CARTESIAN_POINT('Ctrl Pts',(-106.179188350651,13.2009663741931,15.7789037596392));
#11372=CARTESIAN_POINT('Ctrl Pts',(-106.540831514023,13.2757451635318,16.1468816091542));
#11373=CARTESIAN_POINT('Ctrl Pts',(-106.113232598246,13.2757451635318,15.8877307511075));
#11374=CARTESIAN_POINT('',(-106.984887750945,13.0192645889239,15.4141888182328));
#11375=CARTESIAN_POINT('Ctrl Pts',(-106.984887750945,13.0192645889239,15.4141888182328));
#11376=CARTESIAN_POINT('Ctrl Pts',(-106.902556389007,13.028286367116,15.5500355654298));
#11377=CARTESIAN_POINT('Ctrl Pts',(-106.743743810318,13.0456888711596,15.8120763202663));
#11378=CARTESIAN_POINT('Ctrl Pts',(-106.606787266428,13.2009663741931,16.0380546176859));
#11379=CARTESIAN_POINT('Ctrl Pts',(-106.540831514023,13.2757451635318,16.1468816091542));
#11380=CARTESIAN_POINT('',(-106.557288835168,13.0192645889239,15.1550379601861));
#11381=CARTESIAN_POINT('',(-106.984887750945,13.0192645889239,15.4141888182328));
#11382=CARTESIAN_POINT('Ctrl Pts',(-106.557288835168,13.0192645889239,15.1550379601861));
#11383=CARTESIAN_POINT('Ctrl Pts',(-106.47495747323,13.028286367116,15.2908847073831));
#11384=CARTESIAN_POINT('Ctrl Pts',(-106.316144894541,13.0456888711596,15.5529254622196));
#11385=CARTESIAN_POINT('Ctrl Pts',(-106.179188350651,13.2009663741931,15.7789037596392));
#11386=CARTESIAN_POINT('Ctrl Pts',(-106.113232598246,13.2757451635318,15.8877307511075));
#11387=CARTESIAN_POINT('Ctrl Pts',(-107.542079791364,13.4503700834231,14.4948219515408));
#11388=CARTESIAN_POINT('Ctrl Pts',(-107.114480875587,13.4503700834231,14.2356710934941));
#11389=CARTESIAN_POINT('Ctrl Pts',(-107.466490301789,13.3247256746328,14.6195446093393));
#11390=CARTESIAN_POINT('Ctrl Pts',(-107.038891386012,13.3247256746328,14.3603937512927));
#11391=CARTESIAN_POINT('Ctrl Pts',(-107.306894753012,13.0594468840966,14.8828772648216));
#11392=CARTESIAN_POINT('Ctrl Pts',(-106.879295837235,13.0594468840966,14.623726406775));
#11393=CARTESIAN_POINT('Ctrl Pts',(-107.095931924682,13.033121460786,15.2309659315658));
#11394=CARTESIAN_POINT('Ctrl Pts',(-106.668333008905,13.033121460786,14.9718150735191));
#11395=CARTESIAN_POINT('Ctrl Pts',(-106.984887750945,13.0192645889239,15.4141888182328));
#11396=CARTESIAN_POINT('Ctrl Pts',(-106.557288835168,13.0192645889239,15.1550379601861));
#11397=CARTESIAN_POINT('',(-107.542079791364,13.4503700834231,14.4948219515408));
#11398=CARTESIAN_POINT('Ctrl Pts',(-107.542079791364,13.4503700834231,14.4948219515408));
#11399=CARTESIAN_POINT('Ctrl Pts',(-107.466490301789,13.3247256746328,14.6195446093393));
#11400=CARTESIAN_POINT('Ctrl Pts',(-107.306894753012,13.0594468840966,14.8828772648216));
#11401=CARTESIAN_POINT('Ctrl Pts',(-107.095931924682,13.033121460786,15.2309659315658));
#11402=CARTESIAN_POINT('Ctrl Pts',(-106.984887750945,13.0192645889239,15.4141888182328));
#11403=CARTESIAN_POINT('',(-107.114480875587,13.4503700834231,14.2356710934941));
#11404=CARTESIAN_POINT('',(-107.542079791364,13.4503700834231,14.4948219515408));
#11405=CARTESIAN_POINT('Ctrl Pts',(-107.114480875587,13.4503700834231,14.2356710934941));
#11406=CARTESIAN_POINT('Ctrl Pts',(-107.038891386012,13.3247256746328,14.3603937512927));
#11407=CARTESIAN_POINT('Ctrl Pts',(-106.879295837235,13.0594468840966,14.623726406775));
#11408=CARTESIAN_POINT('Ctrl Pts',(-106.668333008905,13.033121460786,14.9718150735191));
#11409=CARTESIAN_POINT('Ctrl Pts',(-106.557288835168,13.0192645889239,15.1550379601861));
#11410=CARTESIAN_POINT('Ctrl Pts',(-107.740066829621,14.9073957901912,14.1681433384175));
#11411=CARTESIAN_POINT('Ctrl Pts',(-107.312467913844,14.9073957901912,13.9089924803708));
#11412=CARTESIAN_POINT('Ctrl Pts',(-107.738292827016,14.6067073060038,14.1710704427151));
#11413=CARTESIAN_POINT('Ctrl Pts',(-107.310693911239,14.6067073060038,13.9119195846684));
#11414=CARTESIAN_POINT('Ctrl Pts',(-107.735218623616,14.0856384202633,14.1761428783253));
#11415=CARTESIAN_POINT('Ctrl Pts',(-107.307619707839,14.0856384202633,13.9169920202787));
#11416=CARTESIAN_POINT('Ctrl Pts',(-107.599486297968,13.6391904027168,14.4001012156451));
#11417=CARTESIAN_POINT('Ctrl Pts',(-107.171887382191,13.6391904027168,14.1409503575984));
#11418=CARTESIAN_POINT('Ctrl Pts',(-107.542079791364,13.4503700834231,14.4948219515408));
#11419=CARTESIAN_POINT('Ctrl Pts',(-107.114480875587,13.4503700834231,14.2356710934941));
#11420=CARTESIAN_POINT('',(-107.740066829621,14.9073957901912,14.1681433384175));
#11421=CARTESIAN_POINT('Ctrl Pts',(-107.740066829621,14.9073957901912,14.1681433384175));
#11422=CARTESIAN_POINT('Ctrl Pts',(-107.738292827016,14.6067073060038,14.1710704427151));
#11423=CARTESIAN_POINT('Ctrl Pts',(-107.735218623616,14.0856384202633,14.1761428783253));
#11424=CARTESIAN_POINT('Ctrl Pts',(-107.599486297968,13.6391904027168,14.4001012156451));
#11425=CARTESIAN_POINT('Ctrl Pts',(-107.542079791364,13.4503700834231,14.4948219515408));
#11426=CARTESIAN_POINT('',(-107.312467913844,14.9073957901912,13.9089924803708));
#11427=CARTESIAN_POINT('',(-107.740066829621,14.9073957901912,14.1681433384175));
#11428=CARTESIAN_POINT('Ctrl Pts',(-107.312467913844,14.9073957901912,13.9089924803708));
#11429=CARTESIAN_POINT('Ctrl Pts',(-107.310693911239,14.6067073060038,13.9119195846684));
#11430=CARTESIAN_POINT('Ctrl Pts',(-107.307619707839,14.0856384202633,13.9169920202787));
#11431=CARTESIAN_POINT('Ctrl Pts',(-107.171887382191,13.6391904027168,14.1409503575984));
#11432=CARTESIAN_POINT('Ctrl Pts',(-107.114480875587,13.4503700834231,14.2356710934941));
#11433=CARTESIAN_POINT('Origin',(-107.740066829621,16.9756085675674,14.1681433384175));
#11434=CARTESIAN_POINT('',(-107.740066829621,16.9756085675674,14.1681433384175));
#11435=CARTESIAN_POINT('',(-107.740066829621,23.5442415377357,14.1681433384175));
#11436=CARTESIAN_POINT('',(-107.312467913844,16.9756085675674,13.9089924803708));
#11437=CARTESIAN_POINT('',(-107.740066829621,16.9756085675674,14.1681433384175));
#11438=CARTESIAN_POINT('',(-107.312467913844,16.9756085675674,13.9089924803708));
#11439=CARTESIAN_POINT('Origin',(-106.257992623143,16.9756085675674,16.6135657791054));
#11440=CARTESIAN_POINT('',(-100.628997019377,16.9756085675674,25.90140852532));
#11441=CARTESIAN_POINT('',(-105.830393707366,16.9756085675674,16.3544149210588));
#11442=CARTESIAN_POINT('Origin',(-108.229377882233,16.9756085675674,13.3607801016077));
#11443=CARTESIAN_POINT('',(-108.229377882233,16.9756085675674,13.3607801016077));
#11444=CARTESIAN_POINT('',(-109.915095669996,16.9756085675673,10.579345751798));
#11445=CARTESIAN_POINT('',(-101.614689648922,16.9756085675674,24.2750156865711));
#11446=CARTESIAN_POINT('',(-107.801778966456,16.9756085675674,13.101629243561));
#11447=CARTESIAN_POINT('',(-108.229377882233,16.9756085675674,13.3607801016077));
#11448=CARTESIAN_POINT('',(-109.487496754219,16.9756085675673,10.3201948937513));
#11449=CARTESIAN_POINT('',(-107.801778966456,16.9756085675674,13.101629243561));
#11450=CARTESIAN_POINT('',(-109.915095669996,16.9756085675673,10.579345751798));
#11451=CARTESIAN_POINT('Origin',(-108.229377882233,14.9237668019252,13.3607801016077));
#11452=CARTESIAN_POINT('',(-108.229377882233,14.9237668019252,13.3607801016077));
#11453=CARTESIAN_POINT('',(-108.229377882233,22.5183206549146,13.3607801016077));
#11454=CARTESIAN_POINT('',(-107.801778966456,14.9237668019252,13.101629243561));
#11455=CARTESIAN_POINT('',(-108.229377882233,14.9237668019252,13.3607801016077));
#11456=CARTESIAN_POINT('',(-107.801778966456,14.9237668019252,13.101629243561));
#11457=CARTESIAN_POINT('Ctrl Pts',(-107.864515719177,12.5772454839664,13.96280267065));
#11458=CARTESIAN_POINT('Ctrl Pts',(-107.4369168034,12.5772454839664,13.7036518126034));
#11459=CARTESIAN_POINT('Ctrl Pts',(-107.97028510865,12.8716038001836,13.7882831780191));
#11460=CARTESIAN_POINT('Ctrl Pts',(-107.542686192873,12.8716038001836,13.5291323199725));
#11461=CARTESIAN_POINT('Ctrl Pts',(-108.22126423217,13.5700836966162,13.3741676242111));
#11462=CARTESIAN_POINT('Ctrl Pts',(-107.793665316393,13.5700836966162,13.1150167661644));
#11463=CARTESIAN_POINT('Ctrl Pts',(-108.226404096006,14.4276196742328,13.3656868488815));
#11464=CARTESIAN_POINT('Ctrl Pts',(-107.798805180229,14.4276196742328,13.1065359908348));
#11465=CARTESIAN_POINT('Ctrl Pts',(-108.229377882233,14.9237668019252,13.3607801016077));
#11466=CARTESIAN_POINT('Ctrl Pts',(-107.801778966456,14.9237668019252,13.101629243561));
#11467=CARTESIAN_POINT('',(-107.864515719177,12.5772454839664,13.96280267065));
#11468=CARTESIAN_POINT('Ctrl Pts',(-107.864515719177,12.5772454839664,13.96280267065));
#11469=CARTESIAN_POINT('Ctrl Pts',(-107.97028510865,12.8716038001836,13.7882831780191));
#11470=CARTESIAN_POINT('Ctrl Pts',(-108.22126423217,13.5700836966162,13.3741676242111));
#11471=CARTESIAN_POINT('Ctrl Pts',(-108.226404096006,14.4276196742328,13.3656868488815));
#11472=CARTESIAN_POINT('Ctrl Pts',(-108.229377882233,14.9237668019252,13.3607801016077));
#11473=CARTESIAN_POINT('',(-107.4369168034,12.5772454839664,13.7036518126034));
#11474=CARTESIAN_POINT('',(-107.864515719177,12.5772454839664,13.96280267065));
#11475=CARTESIAN_POINT('Ctrl Pts',(-107.4369168034,12.5772454839664,13.7036518126034));
#11476=CARTESIAN_POINT('Ctrl Pts',(-107.542686192873,12.8716038001836,13.5291323199725));
#11477=CARTESIAN_POINT('Ctrl Pts',(-107.793665316393,13.5700836966162,13.1150167661644));
#11478=CARTESIAN_POINT('Ctrl Pts',(-107.798805180229,14.4276196742328,13.1065359908348));
#11479=CARTESIAN_POINT('Ctrl Pts',(-107.801778966456,14.9237668019252,13.101629243561));
#11480=CARTESIAN_POINT('Ctrl Pts',(-106.967917503993,11.9278594356494,15.4421897257033));
#11481=CARTESIAN_POINT('Ctrl Pts',(-106.540318588216,11.9278594356494,15.1830388676567));
#11482=CARTESIAN_POINT('Ctrl Pts',(-107.136459220984,11.9530948495968,15.1640958926676));
#11483=CARTESIAN_POINT('Ctrl Pts',(-106.708860305207,11.9530948495968,14.904945034621));
#11484=CARTESIAN_POINT('Ctrl Pts',(-107.468095416452,12.0027500733714,14.6168961701461));
#11485=CARTESIAN_POINT('Ctrl Pts',(-107.040496500675,12.0027500733714,14.3577453120994));
#11486=CARTESIAN_POINT('Ctrl Pts',(-107.733830548567,12.3878555101629,14.1784332021564));
#11487=CARTESIAN_POINT('Ctrl Pts',(-107.30623163279,12.3878555101629,13.9192823441097));
#11488=CARTESIAN_POINT('Ctrl Pts',(-107.864515719177,12.5772454839664,13.96280267065));
#11489=CARTESIAN_POINT('Ctrl Pts',(-107.4369168034,12.5772454839664,13.7036518126034));
#11490=CARTESIAN_POINT('',(-106.967917503993,11.9278594356494,15.4421897257033));
#11491=CARTESIAN_POINT('Ctrl Pts',(-106.967917503993,11.9278594356494,15.4421897257033));
#11492=CARTESIAN_POINT('Ctrl Pts',(-107.136459220984,11.9530948495968,15.1640958926676));
#11493=CARTESIAN_POINT('Ctrl Pts',(-107.468095416452,12.0027500733714,14.6168961701461));
#11494=CARTESIAN_POINT('Ctrl Pts',(-107.733830548567,12.3878555101629,14.1784332021564));
#11495=CARTESIAN_POINT('Ctrl Pts',(-107.864515719177,12.5772454839664,13.96280267065));
#11496=CARTESIAN_POINT('',(-106.540318588216,11.9278594356494,15.1830388676567));
#11497=CARTESIAN_POINT('',(-106.967917503993,11.9278594356494,15.4421897257033));
#11498=CARTESIAN_POINT('Ctrl Pts',(-106.540318588216,11.9278594356494,15.1830388676567));
#11499=CARTESIAN_POINT('Ctrl Pts',(-106.708860305207,11.9530948495968,14.904945034621));
#11500=CARTESIAN_POINT('Ctrl Pts',(-107.040496500675,12.0027500733714,14.3577453120994));
#11501=CARTESIAN_POINT('Ctrl Pts',(-107.30623163279,12.3878555101629,13.9192823441097));
#11502=CARTESIAN_POINT('Ctrl Pts',(-107.4369168034,12.5772454839664,13.7036518126034));
#11503=CARTESIAN_POINT('Ctrl Pts',(-106.402240340098,12.1734258037524,16.3755570461306));
#11504=CARTESIAN_POINT('Ctrl Pts',(-105.974641424321,12.1734258037524,16.1164061880839));
#11505=CARTESIAN_POINT('Ctrl Pts',(-106.491072855168,12.1018091464741,16.2289833962649));
#11506=CARTESIAN_POINT('Ctrl Pts',(-106.063473939391,12.1018091464741,15.9698325382182));
#11507=CARTESIAN_POINT('Ctrl Pts',(-106.6720841886,11.9558780465872,15.9303146961021));
#11508=CARTESIAN_POINT('Ctrl Pts',(-106.244485272823,11.9558780465872,15.6711638380554));
#11509=CARTESIAN_POINT('Ctrl Pts',(-106.868098512474,11.9373133725187,15.6068910617099));
#11510=CARTESIAN_POINT('Ctrl Pts',(-106.440499596697,11.9373133725187,15.3477402036632));
#11511=CARTESIAN_POINT('Ctrl Pts',(-106.967917503993,11.9278594356494,15.4421897257033));
#11512=CARTESIAN_POINT('Ctrl Pts',(-106.540318588216,11.9278594356494,15.1830388676567));
#11513=CARTESIAN_POINT('',(-106.402240340098,12.1734258037524,16.3755570461306));
#11514=CARTESIAN_POINT('Ctrl Pts',(-106.402240340098,12.1734258037524,16.3755570461306));
#11515=CARTESIAN_POINT('Ctrl Pts',(-106.491072855168,12.1018091464741,16.2289833962649));
#11516=CARTESIAN_POINT('Ctrl Pts',(-106.6720841886,11.9558780465872,15.9303146961021));
#11517=CARTESIAN_POINT('Ctrl Pts',(-106.868098512474,11.9373133725187,15.6068910617099));
#11518=CARTESIAN_POINT('Ctrl Pts',(-106.967917503993,11.9278594356494,15.4421897257033));
#11519=CARTESIAN_POINT('',(-105.974641424321,12.1734258037524,16.1164061880839));
#11520=CARTESIAN_POINT('',(-106.402240340098,12.1734258037524,16.3755570461306));
#11521=CARTESIAN_POINT('Ctrl Pts',(-105.974641424321,12.1734258037524,16.1164061880839));
#11522=CARTESIAN_POINT('Ctrl Pts',(-106.063473939391,12.1018091464741,15.9698325382182));
#11523=CARTESIAN_POINT('Ctrl Pts',(-106.244485272823,11.9558780465872,15.6711638380554));
#11524=CARTESIAN_POINT('Ctrl Pts',(-106.440499596697,11.9373133725187,15.3477402036632));
#11525=CARTESIAN_POINT('Ctrl Pts',(-106.540318588216,11.9278594356494,15.1830388676567));
#11526=CARTESIAN_POINT('Ctrl Pts',(-106.003438301002,12.8118976455646,17.0335804106388));
#11527=CARTESIAN_POINT('Ctrl Pts',(-105.575839385225,12.8118976455646,16.7744295525921));
#11528=CARTESIAN_POINT('Ctrl Pts',(-106.056819563536,12.6844150932015,16.9455013274574));
#11529=CARTESIAN_POINT('Ctrl Pts',(-105.629220647759,12.6844150932015,16.6863504694107));
#11530=CARTESIAN_POINT('Ctrl Pts',(-106.167448870236,12.4202155273841,16.7629629714017));
#11531=CARTESIAN_POINT('Ctrl Pts',(-105.739849954459,12.4202155273841,16.5038121133551));
#11532=CARTESIAN_POINT('Ctrl Pts',(-106.32217383698,12.2575838448777,16.507666776274));
#11533=CARTESIAN_POINT('Ctrl Pts',(-105.894574921203,12.2575838448777,16.2485159182273));
#11534=CARTESIAN_POINT('Ctrl Pts',(-106.402240340098,12.1734258037524,16.3755570461306));
#11535=CARTESIAN_POINT('Ctrl Pts',(-105.974641424321,12.1734258037524,16.1164061880839));
#11536=CARTESIAN_POINT('',(-106.003438301002,12.8118976455646,17.0335804106388));
#11537=CARTESIAN_POINT('Ctrl Pts',(-106.003438301002,12.8118976455646,17.0335804106388));
#11538=CARTESIAN_POINT('Ctrl Pts',(-106.056819563536,12.6844150932015,16.9455013274574));
#11539=CARTESIAN_POINT('Ctrl Pts',(-106.167448870236,12.4202155273841,16.7629629714017));
#11540=CARTESIAN_POINT('Ctrl Pts',(-106.32217383698,12.2575838448777,16.507666776274));
#11541=CARTESIAN_POINT('Ctrl Pts',(-106.402240340098,12.1734258037524,16.3755570461306));
#11542=CARTESIAN_POINT('',(-105.575839385225,12.8118976455646,16.7744295525921));
#11543=CARTESIAN_POINT('',(-106.003438301002,12.8118976455646,17.0335804106388));
#11544=CARTESIAN_POINT('Ctrl Pts',(-105.575839385225,12.8118976455646,16.7744295525921));
#11545=CARTESIAN_POINT('Ctrl Pts',(-105.629220647759,12.6844150932015,16.6863504694107));
#11546=CARTESIAN_POINT('Ctrl Pts',(-105.739849954459,12.4202155273841,16.5038121133551));
#11547=CARTESIAN_POINT('Ctrl Pts',(-105.894574921203,12.2575838448777,16.2485159182273));
#11548=CARTESIAN_POINT('Ctrl Pts',(-105.974641424321,12.1734258037524,16.1164061880839));
#11549=CARTESIAN_POINT('Ctrl Pts',(-105.808279843192,13.7996193271594,17.3555918660253));
#11550=CARTESIAN_POINT('Ctrl Pts',(-105.380680927415,13.7996193271594,17.0964410079786));
#11551=CARTESIAN_POINT('Ctrl Pts',(-105.827733761623,13.6151185367505,17.3234929006141));
#11552=CARTESIAN_POINT('Ctrl Pts',(-105.400134845846,13.6151185367505,17.0643420425675));
#11553=CARTESIAN_POINT('Ctrl Pts',(-105.864669060204,13.2648244915448,17.2625496579545));
#11554=CARTESIAN_POINT('Ctrl Pts',(-105.437070144427,13.2648244915448,17.0033987999078));
#11555=CARTESIAN_POINT('Ctrl Pts',(-105.958858626018,12.9574005788465,17.1071368743624));
#11556=CARTESIAN_POINT('Ctrl Pts',(-105.531259710241,12.9574005788465,16.8479860163157));
#11557=CARTESIAN_POINT('Ctrl Pts',(-106.003438301002,12.8118976455646,17.0335804106388));
#11558=CARTESIAN_POINT('Ctrl Pts',(-105.575839385225,12.8118976455646,16.7744295525921));
#11559=CARTESIAN_POINT('',(-105.808279843192,13.7996193271594,17.3555918660253));
#11560=CARTESIAN_POINT('Ctrl Pts',(-105.808279843192,13.7996193271594,17.3555918660253));
#11561=CARTESIAN_POINT('Ctrl Pts',(-105.827733761623,13.6151185367505,17.3234929006141));
#11562=CARTESIAN_POINT('Ctrl Pts',(-105.864669060204,13.2648244915448,17.2625496579545));
#11563=CARTESIAN_POINT('Ctrl Pts',(-105.958858626018,12.9574005788465,17.1071368743624));
#11564=CARTESIAN_POINT('Ctrl Pts',(-106.003438301002,12.8118976455646,17.0335804106388));
#11565=CARTESIAN_POINT('',(-105.380680927415,13.7996193271594,17.0964410079786));
#11566=CARTESIAN_POINT('',(-105.808279843192,13.7996193271594,17.3555918660253));
#11567=CARTESIAN_POINT('Ctrl Pts',(-105.380680927415,13.7996193271594,17.0964410079786));
#11568=CARTESIAN_POINT('Ctrl Pts',(-105.400134845846,13.6151185367505,17.0643420425675));
#11569=CARTESIAN_POINT('Ctrl Pts',(-105.437070144427,13.2648244915448,17.0033987999078));
#11570=CARTESIAN_POINT('Ctrl Pts',(-105.531259710241,12.9574005788465,16.8479860163157));
#11571=CARTESIAN_POINT('Ctrl Pts',(-105.575839385225,12.8118976455646,16.7744295525921));
#11572=CARTESIAN_POINT('Ctrl Pts',(-105.768682188395,15.0165363651233,17.42092799644));
#11573=CARTESIAN_POINT('Ctrl Pts',(-105.341083272618,15.0165363651233,17.1617771383933));
#11574=CARTESIAN_POINT('Ctrl Pts',(-105.769060520627,14.7819490819734,17.4203037482576));
#11575=CARTESIAN_POINT('Ctrl Pts',(-105.34146160485,14.7819490819734,17.1611528902109));
#11576=CARTESIAN_POINT('Ctrl Pts',(-105.769717417323,14.374636148356,17.4192198687093));
#11577=CARTESIAN_POINT('Ctrl Pts',(-105.342118501546,14.374636148356,17.1600690106626));
#11578=CARTESIAN_POINT('Ctrl Pts',(-105.796796606947,13.9708495818288,17.3745392058283));
#11579=CARTESIAN_POINT('Ctrl Pts',(-105.36919769117,13.9708495818288,17.1153883477817));
#11580=CARTESIAN_POINT('Ctrl Pts',(-105.808279843192,13.7996193271594,17.3555918660253));
#11581=CARTESIAN_POINT('Ctrl Pts',(-105.380680927415,13.7996193271594,17.0964410079786));
#11582=CARTESIAN_POINT('',(-105.768682188395,15.0165363651233,17.42092799644));
#11583=CARTESIAN_POINT('Ctrl Pts',(-105.768682188395,15.0165363651233,17.42092799644));
#11584=CARTESIAN_POINT('Ctrl Pts',(-105.769060520627,14.7819490819734,17.4203037482576));
#11585=CARTESIAN_POINT('Ctrl Pts',(-105.769717417323,14.374636148356,17.4192198687093));
#11586=CARTESIAN_POINT('Ctrl Pts',(-105.796796606947,13.9708495818288,17.3745392058283));
#11587=CARTESIAN_POINT('Ctrl Pts',(-105.808279843192,13.7996193271594,17.3555918660253));
#11588=CARTESIAN_POINT('',(-105.341083272618,15.0165363651233,17.1617771383933));
#11589=CARTESIAN_POINT('',(-105.768682188395,15.0165363651233,17.42092799644));
#11590=CARTESIAN_POINT('Ctrl Pts',(-105.341083272618,15.0165363651233,17.1617771383933));
#11591=CARTESIAN_POINT('Ctrl Pts',(-105.34146160485,14.7819490819734,17.1611528902109));
#11592=CARTESIAN_POINT('Ctrl Pts',(-105.342118501546,14.374636148356,17.1600690106626));
#11593=CARTESIAN_POINT('Ctrl Pts',(-105.36919769117,13.9708495818288,17.1153883477817));
#11594=CARTESIAN_POINT('Ctrl Pts',(-105.380680927415,13.7996193271594,17.0964410079786));
#11595=CARTESIAN_POINT('Origin',(-105.768682188395,18.0342715483623,17.42092799644));
#11596=CARTESIAN_POINT('',(-105.768682188395,18.0342715483623,17.42092799644));
#11597=CARTESIAN_POINT('',(-105.768682188395,24.0735730281332,17.42092799644));
#11598=CARTESIAN_POINT('',(-105.341083272618,18.0342715483623,17.1617771383933));
#11599=CARTESIAN_POINT('',(-105.768682188395,18.0342715483623,17.42092799644));
#11600=CARTESIAN_POINT('',(-105.341083272618,18.0342715483623,17.1617771383933));
#11601=CARTESIAN_POINT('Origin',(-109.915095669996,18.0342715483623,10.579345751798));
#11602=CARTESIAN_POINT('',(-109.915095669996,18.0342715483623,10.579345751798));
#11603=CARTESIAN_POINT('',(-102.457548542803,18.0342715483623,22.8842985116663));
#11604=CARTESIAN_POINT('',(-109.487496754219,18.0342715483623,10.3201948937513));
#11605=CARTESIAN_POINT('',(-109.915095669996,18.0342715483623,10.579345751798));
#11606=CARTESIAN_POINT('',(-109.487496754219,18.0342715483623,10.3201948937513));
#11607=CARTESIAN_POINT('Origin',(-109.915095669996,16.9756085675673,10.579345751798));
#11608=CARTESIAN_POINT('',(-109.915095669996,23.5442415377357,10.579345751798));
#11609=CARTESIAN_POINT('',(-109.487496754219,16.9756085675673,10.3201948937513));
#11610=CARTESIAN_POINT('Origin',(-104.177201968817,0.0479147088246457,19.0821812896646));
#11611=CARTESIAN_POINT('Ctrl Pts',(-109.103348689572,4.68092883643675,11.9187282694986));
#11612=CARTESIAN_POINT('Ctrl Pts',(-108.675749773795,4.68092883643675,11.6595774114519));
#11613=CARTESIAN_POINT('Ctrl Pts',(-109.032749766395,4.6350066674214,12.0352164927394));
#11614=CARTESIAN_POINT('Ctrl Pts',(-108.605150850618,4.6350066674214,11.7760656346927));
#11615=CARTESIAN_POINT('Ctrl Pts',(-108.868027615542,4.52786057918481,12.3070080416471));
#11616=CARTESIAN_POINT('Ctrl Pts',(-108.440428699765,4.52786057918481,12.0478571836004));
#11617=CARTESIAN_POINT('Ctrl Pts',(-108.69379587435,4.52456057214755,12.5944904146134));
#11618=CARTESIAN_POINT('Ctrl Pts',(-108.266196958573,4.52456057214755,12.3353395565667));
#11619=CARTESIAN_POINT('Ctrl Pts',(-108.594238809561,4.5226749282794,12.7587595715158));
#11620=CARTESIAN_POINT('Ctrl Pts',(-108.166639893784,4.5226749282794,12.4996087134691));
#11621=CARTESIAN_POINT('',(-109.103348689572,4.68092883643675,11.9187282694986));
#11622=CARTESIAN_POINT('',(-108.594238809561,4.5226749282794,12.7587595715158));
#11623=CARTESIAN_POINT('Ctrl Pts',(-109.103348689572,4.68092883643675,11.9187282694986));
#11624=CARTESIAN_POINT('Ctrl Pts',(-109.032749766395,4.6350066674214,12.0352164927394));
#11625=CARTESIAN_POINT('Ctrl Pts',(-108.868027615542,4.52786057918481,12.3070080416471));
#11626=CARTESIAN_POINT('Ctrl Pts',(-108.69379587435,4.52456057214755,12.5944904146134));
#11627=CARTESIAN_POINT('Ctrl Pts',(-108.594238809561,4.5226749282794,12.7587595715158));
#11628=CARTESIAN_POINT('',(-108.675749773795,4.68092883643675,11.6595774114519));
#11629=CARTESIAN_POINT('',(-109.103348689572,4.68092883643675,11.9187282694986));
#11630=CARTESIAN_POINT('',(-108.166639893784,4.5226749282794,12.4996087134691));
#11631=CARTESIAN_POINT('Ctrl Pts',(-108.675749773794,4.68092883643675,11.6595774114519));
#11632=CARTESIAN_POINT('Ctrl Pts',(-108.605150850618,4.6350066674214,11.7760656346927));
#11633=CARTESIAN_POINT('Ctrl Pts',(-108.440428699765,4.52786057918481,12.0478571836004));
#11634=CARTESIAN_POINT('Ctrl Pts',(-108.266196958573,4.52456057214755,12.3353395565667));
#11635=CARTESIAN_POINT('Ctrl Pts',(-108.166639893784,4.5226749282794,12.4996087134691));
#11636=CARTESIAN_POINT('',(-108.594238809561,4.5226749282794,12.7587595715158));
#11637=CARTESIAN_POINT('Ctrl Pts',(-109.456897766569,5.33031548080015,11.3353722924531));
#11638=CARTESIAN_POINT('Ctrl Pts',(-109.029298850792,5.33031548080015,11.0762214344064));
#11639=CARTESIAN_POINT('Ctrl Pts',(-109.410263342167,5.19333827501882,11.4123190927169));
#11640=CARTESIAN_POINT('Ctrl Pts',(-108.982664426389,5.19333827501882,11.1531682346702));
#11641=CARTESIAN_POINT('Ctrl Pts',(-109.318486419219,4.92376603044397,11.5637510155806));
#11642=CARTESIAN_POINT('Ctrl Pts',(-108.890887503442,4.92376603044397,11.3046001575339));
#11643=CARTESIAN_POINT('Ctrl Pts',(-109.174279858735,4.76099255243625,11.8016918403792));
#11644=CARTESIAN_POINT('Ctrl Pts',(-108.746680942958,4.76099255243625,11.5425409823325));
#11645=CARTESIAN_POINT('Ctrl Pts',(-109.103348689572,4.68092883643675,11.9187282694986));
#11646=CARTESIAN_POINT('Ctrl Pts',(-108.675749773795,4.68092883643675,11.6595774114519));
#11647=CARTESIAN_POINT('',(-109.456897766569,5.33031548080015,11.3353722924531));
#11648=CARTESIAN_POINT('Ctrl Pts',(-109.456897766569,5.33031548080015,11.3353722924531));
#11649=CARTESIAN_POINT('Ctrl Pts',(-109.410263342167,5.19333827501882,11.4123190927169));
#11650=CARTESIAN_POINT('Ctrl Pts',(-109.318486419219,4.92376603044397,11.5637510155806));
#11651=CARTESIAN_POINT('Ctrl Pts',(-109.174279858735,4.76099255243625,11.8016918403792));
#11652=CARTESIAN_POINT('Ctrl Pts',(-109.103348689572,4.68092883643675,11.9187282694986));
#11653=CARTESIAN_POINT('',(-109.029298850792,5.33031548080015,11.0762214344064));
#11654=CARTESIAN_POINT('',(-109.456897766569,5.33031548080015,11.3353722924531));
#11655=CARTESIAN_POINT('Ctrl Pts',(-109.029298850792,5.33031548080015,11.0762214344064));
#11656=CARTESIAN_POINT('Ctrl Pts',(-108.982664426389,5.19333827501882,11.1531682346702));
#11657=CARTESIAN_POINT('Ctrl Pts',(-108.890887503442,4.92376603044397,11.3046001575339));
#11658=CARTESIAN_POINT('Ctrl Pts',(-108.746680942958,4.76099255243625,11.5425409823325));
#11659=CARTESIAN_POINT('Ctrl Pts',(-108.675749773794,4.68092883643675,11.6595774114519));
#11660=CARTESIAN_POINT('Ctrl Pts',(-109.584174000844,6.33986557540465,11.1253665058993));
#11661=CARTESIAN_POINT('Ctrl Pts',(-109.156575085067,6.33986557540465,10.8662156478526));
#11662=CARTESIAN_POINT('Ctrl Pts',(-109.579542803063,6.15829590502098,11.1330079822377));
#11663=CARTESIAN_POINT('Ctrl Pts',(-109.151943887286,6.15829590502098,10.873857124191));
#11664=CARTESIAN_POINT('Ctrl Pts',(-109.570552410212,5.80582063971134,11.1478421304413));
#11665=CARTESIAN_POINT('Ctrl Pts',(-109.142953494435,5.80582063971134,10.8886912723946));
#11666=CARTESIAN_POINT('Ctrl Pts',(-109.494010729544,5.48558767022928,11.2741359035435));
#11667=CARTESIAN_POINT('Ctrl Pts',(-109.066411813767,5.48558767022928,11.0149850454969));
#11668=CARTESIAN_POINT('Ctrl Pts',(-109.456897766569,5.33031548080015,11.3353722924531));
#11669=CARTESIAN_POINT('Ctrl Pts',(-109.029298850792,5.33031548080015,11.0762214344064));
#11670=CARTESIAN_POINT('',(-109.584174000844,6.33986557540465,11.1253665058993));
#11671=CARTESIAN_POINT('Ctrl Pts',(-109.584174000844,6.33986557540465,11.1253665058993));
#11672=CARTESIAN_POINT('Ctrl Pts',(-109.579542803063,6.15829590502098,11.1330079822377));
#11673=CARTESIAN_POINT('Ctrl Pts',(-109.570552410212,5.80582063971134,11.1478421304413));
#11674=CARTESIAN_POINT('Ctrl Pts',(-109.494010729544,5.48558767022928,11.2741359035435));
#11675=CARTESIAN_POINT('Ctrl Pts',(-109.456897766569,5.33031548080015,11.3353722924531));
#11676=CARTESIAN_POINT('',(-109.156575085067,6.33986557540465,10.8662156478526));
#11677=CARTESIAN_POINT('',(-109.584174000844,6.33986557540465,11.1253665058993));
#11678=CARTESIAN_POINT('Ctrl Pts',(-109.156575085067,6.33986557540465,10.8662156478526));
#11679=CARTESIAN_POINT('Ctrl Pts',(-109.151943887286,6.15829590502098,10.873857124191));
#11680=CARTESIAN_POINT('Ctrl Pts',(-109.142953494435,5.80582063971134,10.8886912723946));
#11681=CARTESIAN_POINT('Ctrl Pts',(-109.066411813767,5.48558767022928,11.0149850454969));
#11682=CARTESIAN_POINT('Ctrl Pts',(-109.029298850792,5.33031548080015,11.0762214344064));
#11683=CARTESIAN_POINT('Ctrl Pts',(-109.448412025229,7.21298898276854,11.3493737656636));
#11684=CARTESIAN_POINT('Ctrl Pts',(-109.020813109452,7.21298898276854,11.0902229076169));
#11685=CARTESIAN_POINT('Ctrl Pts',(-109.487908743771,7.09363401164875,11.284204180069));
#11686=CARTESIAN_POINT('Ctrl Pts',(-109.060309827994,7.09363401164875,11.0250533220223));
#11687=CARTESIAN_POINT('Ctrl Pts',(-109.575563274448,6.82875114634819,11.1395742044525));
#11688=CARTESIAN_POINT('Ctrl Pts',(-109.147964358671,6.82875114634819,10.8804233464058));
#11689=CARTESIAN_POINT('Ctrl Pts',(-109.581120716175,6.51321991856244,11.1304044256025));
#11690=CARTESIAN_POINT('Ctrl Pts',(-109.153521800398,6.51321991856244,10.8712535675558));
#11691=CARTESIAN_POINT('Ctrl Pts',(-109.584174000844,6.33986557540465,11.1253665058993));
#11692=CARTESIAN_POINT('Ctrl Pts',(-109.156575085067,6.33986557540465,10.8662156478526));
#11693=CARTESIAN_POINT('',(-109.448412025229,7.21298898276854,11.3493737656636));
#11694=CARTESIAN_POINT('Ctrl Pts',(-109.448412025229,7.21298898276854,11.3493737656636));
#11695=CARTESIAN_POINT('Ctrl Pts',(-109.487908743771,7.09363401164875,11.284204180069));
#11696=CARTESIAN_POINT('Ctrl Pts',(-109.575563274448,6.82875114634819,11.1395742044525));
#11697=CARTESIAN_POINT('Ctrl Pts',(-109.581120716175,6.51321991856244,11.1304044256025));
#11698=CARTESIAN_POINT('Ctrl Pts',(-109.584174000844,6.33986557540465,11.1253665058993));
#11699=CARTESIAN_POINT('',(-109.020813109452,7.21298898276854,11.0902229076169));
#11700=CARTESIAN_POINT('',(-109.448412025229,7.21298898276854,11.3493737656636));
#11701=CARTESIAN_POINT('Ctrl Pts',(-109.020813109452,7.21298898276854,11.0902229076169));
#11702=CARTESIAN_POINT('Ctrl Pts',(-109.060309827994,7.09363401164875,11.0250533220223));
#11703=CARTESIAN_POINT('Ctrl Pts',(-109.147964358671,6.82875114634819,10.8804233464058));
#11704=CARTESIAN_POINT('Ctrl Pts',(-109.153521800398,6.51321991856244,10.8712535675558));
#11705=CARTESIAN_POINT('Ctrl Pts',(-109.156575085067,6.33986557540465,10.8662156478526));
#11706=CARTESIAN_POINT('Ctrl Pts',(-109.109005850465,7.50766838607359,11.9093939540249));
#11707=CARTESIAN_POINT('Ctrl Pts',(-108.681406934688,7.50766838607359,11.6502430959782));
#11708=CARTESIAN_POINT('Ctrl Pts',(-109.174081256369,7.49534153756541,11.8020195342821));
#11709=CARTESIAN_POINT('Ctrl Pts',(-108.746482340592,7.49534153756541,11.5428686762354));
#11710=CARTESIAN_POINT('Ctrl Pts',(-109.30436062214,7.4706634893339,11.5870585807598));
#11711=CARTESIAN_POINT('Ctrl Pts',(-108.876761706363,7.4706634893339,11.3279077227131));
#11712=CARTESIAN_POINT('Ctrl Pts',(-109.400363313785,7.29893696902202,11.4286541395463));
#11713=CARTESIAN_POINT('Ctrl Pts',(-108.972764398008,7.29893696902202,11.1695032814997));
#11714=CARTESIAN_POINT('Ctrl Pts',(-109.448412025229,7.21298898276854,11.3493737656636));
#11715=CARTESIAN_POINT('Ctrl Pts',(-109.020813109452,7.21298898276854,11.0902229076169));
#11716=CARTESIAN_POINT('',(-109.109005850465,7.50766838607359,11.9093939540249));
#11717=CARTESIAN_POINT('Ctrl Pts',(-109.109005850465,7.50766838607359,11.9093939540249));
#11718=CARTESIAN_POINT('Ctrl Pts',(-109.174081256369,7.49534153756541,11.8020195342821));
#11719=CARTESIAN_POINT('Ctrl Pts',(-109.30436062214,7.4706634893339,11.5870585807598));
#11720=CARTESIAN_POINT('Ctrl Pts',(-109.400363313785,7.29893696902202,11.4286541395463));
#11721=CARTESIAN_POINT('Ctrl Pts',(-109.448412025229,7.21298898276854,11.3493737656636));
#11722=CARTESIAN_POINT('',(-108.681406934688,7.50766838607359,11.6502430959782));
#11723=CARTESIAN_POINT('',(-109.109005850465,7.50766838607359,11.9093939540249));
#11724=CARTESIAN_POINT('Ctrl Pts',(-108.681406934688,7.50766838607359,11.6502430959782));
#11725=CARTESIAN_POINT('Ctrl Pts',(-108.746482340592,7.49534153756541,11.5428686762354));
#11726=CARTESIAN_POINT('Ctrl Pts',(-108.876761706363,7.4706634893339,11.3279077227131));
#11727=CARTESIAN_POINT('Ctrl Pts',(-108.972764398008,7.29893696902202,11.1695032814996));
#11728=CARTESIAN_POINT('Ctrl Pts',(-109.020813109452,7.21298898276854,11.0902229076169));
#11729=CARTESIAN_POINT('Ctrl Pts',(-108.868592576965,7.37124289092589,12.3060758552998));
#11730=CARTESIAN_POINT('Ctrl Pts',(-108.440993661188,7.37124289092589,12.0469249972531));
#11731=CARTESIAN_POINT('Ctrl Pts',(-108.905669522562,7.41103309922611,12.244898895065));
#11732=CARTESIAN_POINT('Ctrl Pts',(-108.478070606785,7.41103309922611,11.9857480370183));
#11733=CARTESIAN_POINT('Ctrl Pts',(-108.980475890153,7.4913137399507,12.1214683885399));
#11734=CARTESIAN_POINT('Ctrl Pts',(-108.552876974376,7.4913137399507,11.8623175304932));
#11735=CARTESIAN_POINT('Ctrl Pts',(-109.065914127117,7.50218522958258,11.9804952975484));
#11736=CARTESIAN_POINT('Ctrl Pts',(-108.63831521134,7.50218522958258,11.7213444395017));
#11737=CARTESIAN_POINT('Ctrl Pts',(-109.109005850465,7.50766838607359,11.9093939540249));
#11738=CARTESIAN_POINT('Ctrl Pts',(-108.681406934688,7.50766838607359,11.6502430959782));
#11739=CARTESIAN_POINT('',(-108.868592576965,7.37124289092589,12.3060758552998));
#11740=CARTESIAN_POINT('Ctrl Pts',(-108.868592576965,7.37124289092589,12.3060758552998));
#11741=CARTESIAN_POINT('Ctrl Pts',(-108.905669522562,7.41103309922611,12.244898895065));
#11742=CARTESIAN_POINT('Ctrl Pts',(-108.980475890153,7.4913137399507,12.1214683885399));
#11743=CARTESIAN_POINT('Ctrl Pts',(-109.065914127117,7.50218522958258,11.9804952975484));
#11744=CARTESIAN_POINT('Ctrl Pts',(-109.109005850465,7.50766838607359,11.9093939540249));
#11745=CARTESIAN_POINT('',(-108.440993661188,7.37124289092589,12.0469249972531));
#11746=CARTESIAN_POINT('',(-108.868592576965,7.37124289092589,12.3060758552998));
#11747=CARTESIAN_POINT('Ctrl Pts',(-108.440993661188,7.37124289092589,12.0469249972531));
#11748=CARTESIAN_POINT('Ctrl Pts',(-108.478070606785,7.41103309922611,11.9857480370183));
#11749=CARTESIAN_POINT('Ctrl Pts',(-108.552876974376,7.4913137399507,11.8623175304932));
#11750=CARTESIAN_POINT('Ctrl Pts',(-108.63831521134,7.50218522958258,11.7213444395017));
#11751=CARTESIAN_POINT('Ctrl Pts',(-108.681406934688,7.50766838607359,11.6502430959782));
#11752=CARTESIAN_POINT('Ctrl Pts',(-108.701718687893,6.98379362639952,12.5814177722684));
#11753=CARTESIAN_POINT('Ctrl Pts',(-108.274119772116,6.98379362639952,12.3222669142217));
#11754=CARTESIAN_POINT('Ctrl Pts',(-108.722408866703,7.06218540447806,12.547278977232));
#11755=CARTESIAN_POINT('Ctrl Pts',(-108.294809950926,7.06218540447806,12.2881281191853));
#11756=CARTESIAN_POINT('Ctrl Pts',(-108.762929256271,7.21571067923989,12.4804203344449));
#11757=CARTESIAN_POINT('Ctrl Pts',(-108.335330340494,7.21571067923989,12.2212694763983));
#11758=CARTESIAN_POINT('Ctrl Pts',(-108.833873354497,7.32013757431371,12.3633625723709));
#11759=CARTESIAN_POINT('Ctrl Pts',(-108.40627443872,7.32013757431371,12.1042117143242));
#11760=CARTESIAN_POINT('Ctrl Pts',(-108.868592576965,7.37124289092589,12.3060758552998));
#11761=CARTESIAN_POINT('Ctrl Pts',(-108.440993661188,7.37124289092589,12.0469249972531));
#11762=CARTESIAN_POINT('',(-108.701718687893,6.98379362639952,12.5814177722684));
#11763=CARTESIAN_POINT('Ctrl Pts',(-108.701718687893,6.98379362639952,12.5814177722684));
#11764=CARTESIAN_POINT('Ctrl Pts',(-108.722408866703,7.06218540447806,12.547278977232));
#11765=CARTESIAN_POINT('Ctrl Pts',(-108.762929256271,7.21571067923989,12.4804203344449));
#11766=CARTESIAN_POINT('Ctrl Pts',(-108.833873354497,7.32013757431371,12.3633625723709));
#11767=CARTESIAN_POINT('Ctrl Pts',(-108.868592576965,7.37124289092589,12.3060758552998));
#11768=CARTESIAN_POINT('',(-108.274119772116,6.98379362639952,12.3222669142217));
#11769=CARTESIAN_POINT('',(-108.701718687893,6.98379362639952,12.5814177722684));
#11770=CARTESIAN_POINT('Ctrl Pts',(-108.274119772116,6.98379362639952,12.3222669142217));
#11771=CARTESIAN_POINT('Ctrl Pts',(-108.294809950926,7.06218540447806,12.2881281191853));
#11772=CARTESIAN_POINT('Ctrl Pts',(-108.335330340494,7.21571067923989,12.2212694763983));
#11773=CARTESIAN_POINT('Ctrl Pts',(-108.40627443872,7.32013757431371,12.1042117143242));
#11774=CARTESIAN_POINT('Ctrl Pts',(-108.440993661188,7.37124289092589,12.0469249972531));
#11775=CARTESIAN_POINT('Ctrl Pts',(-108.599895970454,6.12704123076964,12.7494252560421));
#11776=CARTESIAN_POINT('Ctrl Pts',(-108.172297054677,6.12704123076964,12.4902743979955));
#11777=CARTESIAN_POINT('Ctrl Pts',(-108.612801595451,6.30084631043249,12.7281309747972));
#11778=CARTESIAN_POINT('Ctrl Pts',(-108.185202679674,6.30084631043249,12.4689801167506));
#11779=CARTESIAN_POINT('Ctrl Pts',(-108.634432943708,6.59216410464526,12.6924392501731));
#11780=CARTESIAN_POINT('Ctrl Pts',(-108.206834027931,6.59216410464526,12.4332883921264));
#11781=CARTESIAN_POINT('Ctrl Pts',(-108.682378324881,6.87122509931354,12.6133293712374));
#11782=CARTESIAN_POINT('Ctrl Pts',(-108.254779409104,6.87122509931354,12.3541785131907));
#11783=CARTESIAN_POINT('Ctrl Pts',(-108.701718687893,6.98379362639952,12.5814177722684));
#11784=CARTESIAN_POINT('Ctrl Pts',(-108.274119772116,6.98379362639952,12.3222669142217));
#11785=CARTESIAN_POINT('',(-108.599895970454,6.12704123076964,12.7494252560421));
#11786=CARTESIAN_POINT('Ctrl Pts',(-108.599895970454,6.12704123076964,12.7494252560421));
#11787=CARTESIAN_POINT('Ctrl Pts',(-108.612801595451,6.30084631043249,12.7281309747972));
#11788=CARTESIAN_POINT('Ctrl Pts',(-108.634432943708,6.59216410464526,12.6924392501731));
#11789=CARTESIAN_POINT('Ctrl Pts',(-108.682378324881,6.87122509931354,12.6133293712374));
#11790=CARTESIAN_POINT('Ctrl Pts',(-108.701718687893,6.98379362639952,12.5814177722684));
#11791=CARTESIAN_POINT('',(-108.172297054677,6.12704123076964,12.4902743979955));
#11792=CARTESIAN_POINT('',(-108.599895970454,6.12704123076964,12.7494252560421));
#11793=CARTESIAN_POINT('Ctrl Pts',(-108.172297054677,6.12704123076964,12.4902743979954));
#11794=CARTESIAN_POINT('Ctrl Pts',(-108.185202679674,6.30084631043249,12.4689801167506));
#11795=CARTESIAN_POINT('Ctrl Pts',(-108.206834027931,6.59216410464526,12.4332883921264));
#11796=CARTESIAN_POINT('Ctrl Pts',(-108.254779409104,6.87122509931354,12.3541785131907));
#11797=CARTESIAN_POINT('Ctrl Pts',(-108.274119772116,6.98379362639952,12.3222669142217));
#11798=CARTESIAN_POINT('Ctrl Pts',(-108.407566093091,4.5226749282794,13.0667695536917));
#11799=CARTESIAN_POINT('Ctrl Pts',(-107.979967177314,4.5226749282794,12.8076186956451));
#11800=CARTESIAN_POINT('Ctrl Pts',(-108.445291095129,4.7441848014417,13.0045233003289));
#11801=CARTESIAN_POINT('Ctrl Pts',(-108.017692179352,4.7441848014417,12.7453724422823));
#11802=CARTESIAN_POINT('Ctrl Pts',(-108.534394497819,5.26737320069707,12.8575026858904));
#11803=CARTESIAN_POINT('Ctrl Pts',(-108.106795582042,5.26737320069707,12.5983518278437));
#11804=CARTESIAN_POINT('Ctrl Pts',(-108.575940121196,5.81263489894578,12.7889524073178));
#11805=CARTESIAN_POINT('Ctrl Pts',(-108.148341205419,5.81263489894578,12.5298015492711));
#11806=CARTESIAN_POINT('Ctrl Pts',(-108.599895970454,6.12704123076964,12.7494252560421));
#11807=CARTESIAN_POINT('Ctrl Pts',(-108.172297054677,6.12704123076964,12.4902743979955));
#11808=CARTESIAN_POINT('',(-108.407566093091,4.5226749282794,13.0667695536917));
#11809=CARTESIAN_POINT('Ctrl Pts',(-108.407566093091,4.5226749282794,13.0667695536917));
#11810=CARTESIAN_POINT('Ctrl Pts',(-108.445291095129,4.7441848014417,13.0045233003289));
#11811=CARTESIAN_POINT('Ctrl Pts',(-108.534394497819,5.26737320069707,12.8575026858904));
#11812=CARTESIAN_POINT('Ctrl Pts',(-108.575940121196,5.81263489894578,12.7889524073178));
#11813=CARTESIAN_POINT('Ctrl Pts',(-108.599895970454,6.12704123076964,12.7494252560421));
#11814=CARTESIAN_POINT('',(-107.979967177314,4.5226749282794,12.8076186956451));
#11815=CARTESIAN_POINT('',(-108.407566093091,4.5226749282794,13.0667695536917));
#11816=CARTESIAN_POINT('Ctrl Pts',(-107.979967177314,4.5226749282794,12.8076186956451));
#11817=CARTESIAN_POINT('Ctrl Pts',(-108.017692179352,4.7441848014417,12.7453724422823));
#11818=CARTESIAN_POINT('Ctrl Pts',(-108.106795582042,5.26737320069707,12.5983518278437));
#11819=CARTESIAN_POINT('Ctrl Pts',(-108.148341205419,5.81263489894578,12.5298015492711));
#11820=CARTESIAN_POINT('Ctrl Pts',(-108.172297054677,6.12704123076964,12.4902743979954));
#11821=CARTESIAN_POINT('Origin',(-108.594238809561,4.5226749282794,12.7587595715158));
#11822=CARTESIAN_POINT('',(-101.797120112586,4.5226749282794,23.9740054215252));
#11823=CARTESIAN_POINT('',(-108.166639893784,4.5226749282794,12.4996087134691));
#11824=CARTESIAN_POINT('Origin',(-109.915095669996,3.21844662246275,10.579345751798));
#11825=CARTESIAN_POINT('',(-109.915095669996,3.21844662246275,10.579345751798));
#11826=CARTESIAN_POINT('',(-109.915095669996,4.24436772880125,10.579345751798));
#11827=CARTESIAN_POINT('',(-109.915095669996,16.6656605651834,10.579345751798));
#11828=CARTESIAN_POINT('',(-109.487496754219,3.21844662246275,10.3201948937513));
#11829=CARTESIAN_POINT('',(-109.915095669996,3.21844662246275,10.579345751798));
#11830=CARTESIAN_POINT('',(-109.487496754219,4.24436772880125,10.3201948937513));
#11831=CARTESIAN_POINT('',(-109.487496754219,3.21844662246275,10.3201948937513));
#11832=CARTESIAN_POINT('',(-109.915095669996,4.24436772880125,10.579345751798));
#11833=CARTESIAN_POINT('Ctrl Pts',(-109.555890667833,3.46946919974852,11.1720340053667));
#11834=CARTESIAN_POINT('Ctrl Pts',(-109.128291752056,3.46946919974852,10.91288314732));
#11835=CARTESIAN_POINT('Ctrl Pts',(-109.617815058865,3.44232723442943,11.0698587601649));
#11836=CARTESIAN_POINT('Ctrl Pts',(-109.190216143088,3.44232723442943,10.8107079021182));
#11837=CARTESIAN_POINT('Ctrl Pts',(-109.742947526092,3.38748065412066,10.8633901892398));
#11838=CARTESIAN_POINT('Ctrl Pts',(-109.315348610315,3.38748065412066,10.6042393311931));
#11839=CARTESIAN_POINT('Ctrl Pts',(-109.857321848178,3.27517533184492,10.674672557798));
#11840=CARTESIAN_POINT('Ctrl Pts',(-109.429722932401,3.27517533184492,10.4155216997514));
#11841=CARTESIAN_POINT('Ctrl Pts',(-109.915095669996,3.21844662246275,10.579345751798));
#11842=CARTESIAN_POINT('Ctrl Pts',(-109.487496754219,3.21844662246275,10.3201948937513));
#11843=CARTESIAN_POINT('',(-109.555890667833,3.46946919974852,11.1720340053667));
#11844=CARTESIAN_POINT('Ctrl Pts',(-109.555890667833,3.46946919974852,11.1720340053667));
#11845=CARTESIAN_POINT('Ctrl Pts',(-109.617815058865,3.44232723442943,11.0698587601649));
#11846=CARTESIAN_POINT('Ctrl Pts',(-109.742947526092,3.38748065412066,10.8633901892398));
#11847=CARTESIAN_POINT('Ctrl Pts',(-109.857321848178,3.27517533184492,10.674672557798));
#11848=CARTESIAN_POINT('Ctrl Pts',(-109.915095669996,3.21844662246275,10.579345751798));
#11849=CARTESIAN_POINT('',(-109.128291752056,3.46946919974852,10.91288314732));
#11850=CARTESIAN_POINT('',(-109.555890667833,3.46946919974852,11.1720340053667));
#11851=CARTESIAN_POINT('Ctrl Pts',(-109.128291752056,3.46946919974852,10.91288314732));
#11852=CARTESIAN_POINT('Ctrl Pts',(-109.190216143088,3.44232723442943,10.8107079021182));
#11853=CARTESIAN_POINT('Ctrl Pts',(-109.315348610315,3.38748065412066,10.6042393311931));
#11854=CARTESIAN_POINT('Ctrl Pts',(-109.429722932401,3.27517533184492,10.4155216997514));
#11855=CARTESIAN_POINT('Ctrl Pts',(-109.487496754219,3.21844662246275,10.3201948937513));
#11856=CARTESIAN_POINT('Ctrl Pts',(-108.656463872203,3.52949703750182,12.6560882181568));
#11857=CARTESIAN_POINT('Ctrl Pts',(-108.228864956426,3.52949703750182,12.3969373601101));
#11858=CARTESIAN_POINT('Ctrl Pts',(-108.849896656735,3.53162849405512,12.3369241236781));
#11859=CARTESIAN_POINT('Ctrl Pts',(-108.422297740958,3.53162849405512,12.0777732656314));
#11860=CARTESIAN_POINT('Ctrl Pts',(-109.150227391396,3.53493787056073,11.8413784114884));
#11861=CARTESIAN_POINT('Ctrl Pts',(-108.722628475619,3.53493787056073,11.5822275534417));
#11862=CARTESIAN_POINT('Ctrl Pts',(-109.449403639013,3.48665479341823,11.3477376029194));
#11863=CARTESIAN_POINT('Ctrl Pts',(-109.021804723236,3.48665479341823,11.0885867448727));
#11864=CARTESIAN_POINT('Ctrl Pts',(-109.555890667833,3.46946919974852,11.1720340053667));
#11865=CARTESIAN_POINT('Ctrl Pts',(-109.128291752056,3.46946919974852,10.91288314732));
#11866=CARTESIAN_POINT('',(-108.656463872203,3.52949703750182,12.6560882181568));
#11867=CARTESIAN_POINT('Ctrl Pts',(-108.656463872203,3.52949703750182,12.6560882181568));
#11868=CARTESIAN_POINT('Ctrl Pts',(-108.849896656735,3.53162849405512,12.3369241236781));
#11869=CARTESIAN_POINT('Ctrl Pts',(-109.150227391396,3.53493787056073,11.8413784114884));
#11870=CARTESIAN_POINT('Ctrl Pts',(-109.449403639013,3.48665479341823,11.3477376029194));
#11871=CARTESIAN_POINT('Ctrl Pts',(-109.555890667833,3.46946919974852,11.1720340053667));
#11872=CARTESIAN_POINT('',(-108.228864956426,3.52949703750182,12.3969373601101));
#11873=CARTESIAN_POINT('',(-108.656463872203,3.52949703750182,12.6560882181568));
#11874=CARTESIAN_POINT('Ctrl Pts',(-108.228864956426,3.52949703750182,12.3969373601101));
#11875=CARTESIAN_POINT('Ctrl Pts',(-108.422297740958,3.53162849405512,12.0777732656314));
#11876=CARTESIAN_POINT('Ctrl Pts',(-108.722628475619,3.53493787056073,11.5822275534417));
#11877=CARTESIAN_POINT('Ctrl Pts',(-109.021804723236,3.48665479341823,11.0885867448727));
#11878=CARTESIAN_POINT('Ctrl Pts',(-109.128291752056,3.46946919974852,10.91288314732));
#11879=CARTESIAN_POINT('Origin',(-107.977651522674,3.52949703750182,13.7761285948794));
#11880=CARTESIAN_POINT('',(-107.977651522674,3.52949703750182,13.7761285948794));
#11881=CARTESIAN_POINT('',(-101.488826469142,3.52949703750182,24.482689933207));
#11882=CARTESIAN_POINT('',(-107.550052606897,3.52949703750182,13.5169777368328));
#11883=CARTESIAN_POINT('',(-107.977651522674,3.52949703750182,13.7761285948794));
#11884=CARTESIAN_POINT('',(-107.550052606897,3.52949703750182,13.5169777368328));
#11885=CARTESIAN_POINT('Ctrl Pts',(-107.50813929746,3.57861007270385,14.5508237664819));
#11886=CARTESIAN_POINT('Ctrl Pts',(-107.080540381683,3.57861007270385,14.2916729084352));
#11887=CARTESIAN_POINT('Ctrl Pts',(-107.568887658409,3.56444850281433,14.4505889709159));
#11888=CARTESIAN_POINT('Ctrl Pts',(-107.141288742632,3.56444850281433,14.1914381128693));
#11889=CARTESIAN_POINT('Ctrl Pts',(-107.724736846767,3.52811716582575,14.1934378101267));
#11890=CARTESIAN_POINT('Ctrl Pts',(-107.29713793099,3.52811716582575,13.9342869520801));
#11891=CARTESIAN_POINT('Ctrl Pts',(-107.881806161322,3.52897411688071,13.9342734411111));
#11892=CARTESIAN_POINT('Ctrl Pts',(-107.454207245544,3.52897411688071,13.6751225830644));
#11893=CARTESIAN_POINT('Ctrl Pts',(-107.977651522674,3.52949703750182,13.7761285948794));
#11894=CARTESIAN_POINT('Ctrl Pts',(-107.550052606897,3.52949703750182,13.5169777368328));
#11895=CARTESIAN_POINT('',(-107.50813929746,3.57861007270385,14.5508237664819));
#11896=CARTESIAN_POINT('Ctrl Pts',(-107.50813929746,3.57861007270385,14.5508237664819));
#11897=CARTESIAN_POINT('Ctrl Pts',(-107.568887658409,3.56444850281433,14.4505889709159));
#11898=CARTESIAN_POINT('Ctrl Pts',(-107.724736846767,3.52811716582575,14.1934378101267));
#11899=CARTESIAN_POINT('Ctrl Pts',(-107.881806161322,3.52897411688071,13.9342734411111));
#11900=CARTESIAN_POINT('Ctrl Pts',(-107.977651522674,3.52949703750182,13.7761285948794));
#11901=CARTESIAN_POINT('',(-107.080540381683,3.57861007270385,14.2916729084352));
#11902=CARTESIAN_POINT('',(-107.50813929746,3.57861007270385,14.5508237664819));
#11903=CARTESIAN_POINT('Ctrl Pts',(-107.080540381683,3.57861007270385,14.2916729084352));
#11904=CARTESIAN_POINT('Ctrl Pts',(-107.141288742632,3.56444850281433,14.1914381128693));
#11905=CARTESIAN_POINT('Ctrl Pts',(-107.29713793099,3.52811716582575,13.9342869520801));
#11906=CARTESIAN_POINT('Ctrl Pts',(-107.454207245544,3.52897411688071,13.6751225830644));
#11907=CARTESIAN_POINT('Ctrl Pts',(-107.550052606897,3.52949703750182,13.5169777368328));
#11908=CARTESIAN_POINT('Ctrl Pts',(-107.163075961803,3.88420308646727,15.1201782703169));
#11909=CARTESIAN_POINT('Ctrl Pts',(-106.735477046026,3.88420308646727,14.8610274122702));
#11910=CARTESIAN_POINT('Ctrl Pts',(-107.21298637206,3.81626835827671,15.037826093393));
#11911=CARTESIAN_POINT('Ctrl Pts',(-106.785387456283,3.81626835827671,14.7786752353463));
#11912=CARTESIAN_POINT('Ctrl Pts',(-107.318058899609,3.67325062785505,14.8644564229367));
#11913=CARTESIAN_POINT('Ctrl Pts',(-106.890459983832,3.67325062785505,14.60530556489));
#11914=CARTESIAN_POINT('Ctrl Pts',(-107.442702529952,3.61119087574445,14.6587944328704));
#11915=CARTESIAN_POINT('Ctrl Pts',(-107.015103614175,3.61119087574445,14.3996435748237));
#11916=CARTESIAN_POINT('Ctrl Pts',(-107.50813929746,3.57861007270385,14.5508237664819));
#11917=CARTESIAN_POINT('Ctrl Pts',(-107.080540381683,3.57861007270385,14.2916729084352));
#11918=CARTESIAN_POINT('',(-107.163075961803,3.88420308646727,15.1201782703169));
#11919=CARTESIAN_POINT('Ctrl Pts',(-107.163075961803,3.88420308646727,15.1201782703169));
#11920=CARTESIAN_POINT('Ctrl Pts',(-107.21298637206,3.81626835827671,15.037826093393));
#11921=CARTESIAN_POINT('Ctrl Pts',(-107.318058899609,3.67325062785505,14.8644564229367));
#11922=CARTESIAN_POINT('Ctrl Pts',(-107.442702529952,3.61119087574445,14.6587944328704));
#11923=CARTESIAN_POINT('Ctrl Pts',(-107.50813929746,3.57861007270385,14.5508237664819));
#11924=CARTESIAN_POINT('',(-106.735477046026,3.88420308646727,14.8610274122702));
#11925=CARTESIAN_POINT('',(-107.163075961803,3.88420308646727,15.1201782703169));
#11926=CARTESIAN_POINT('Ctrl Pts',(-106.735477046026,3.88420308646727,14.8610274122702));
#11927=CARTESIAN_POINT('Ctrl Pts',(-106.785387456283,3.81626835827671,14.7786752353463));
#11928=CARTESIAN_POINT('Ctrl Pts',(-106.890459983832,3.67325062785505,14.60530556489));
#11929=CARTESIAN_POINT('Ctrl Pts',(-107.015103614175,3.61119087574445,14.3996435748237));
#11930=CARTESIAN_POINT('Ctrl Pts',(-107.080540381683,3.57861007270385,14.2916729084352));
#11931=CARTESIAN_POINT('Ctrl Pts',(-106.933977010089,4.56633175429869,15.4981915406444));
#11932=CARTESIAN_POINT('Ctrl Pts',(-106.506378094312,4.56633175429869,15.2390406825977));
#11933=CARTESIAN_POINT('Ctrl Pts',(-106.963563003828,4.42628442654126,15.4493746509753));
#11934=CARTESIAN_POINT('Ctrl Pts',(-106.535964088051,4.42628442654126,15.1902237929286));
#11935=CARTESIAN_POINT('Ctrl Pts',(-107.017644358694,4.17028662915869,15.3601404154459));
#11936=CARTESIAN_POINT('Ctrl Pts',(-106.590045442917,4.17028662915869,15.1009895573993));
#11937=CARTESIAN_POINT('Ctrl Pts',(-107.117739380954,3.97338624463589,15.1949836287174));
#11938=CARTESIAN_POINT('Ctrl Pts',(-106.690140465177,3.97338624463589,14.9358327706707));
#11939=CARTESIAN_POINT('Ctrl Pts',(-107.163075961803,3.88420308646727,15.1201782703169));
#11940=CARTESIAN_POINT('Ctrl Pts',(-106.735477046026,3.88420308646727,14.8610274122702));
#11941=CARTESIAN_POINT('',(-106.933977010089,4.56633175429869,15.4981915406444));
#11942=CARTESIAN_POINT('Ctrl Pts',(-106.933977010089,4.56633175429869,15.4981915406444));
#11943=CARTESIAN_POINT('Ctrl Pts',(-106.963563003828,4.42628442654126,15.4493746509753));
#11944=CARTESIAN_POINT('Ctrl Pts',(-107.017644358694,4.17028662915869,15.3601404154459));
#11945=CARTESIAN_POINT('Ctrl Pts',(-107.117739380954,3.97338624463589,15.1949836287174));
#11946=CARTESIAN_POINT('Ctrl Pts',(-107.163075961803,3.88420308646727,15.1201782703169));
#11947=CARTESIAN_POINT('',(-106.506378094312,4.56633175429869,15.2390406825977));
#11948=CARTESIAN_POINT('',(-106.933977010089,4.56633175429869,15.4981915406444));
#11949=CARTESIAN_POINT('Ctrl Pts',(-106.506378094312,4.56633175429869,15.2390406825977));
#11950=CARTESIAN_POINT('Ctrl Pts',(-106.535964088051,4.42628442654126,15.1902237929286));
#11951=CARTESIAN_POINT('Ctrl Pts',(-106.590045442917,4.17028662915869,15.1009895573992));
#11952=CARTESIAN_POINT('Ctrl Pts',(-106.690140465177,3.97338624463589,14.9358327706707));
#11953=CARTESIAN_POINT('Ctrl Pts',(-106.735477046026,3.88420308646727,14.8610274122702));
#11954=CARTESIAN_POINT('Ctrl Pts',(-106.843468614437,5.77233398971129,15.6475303934708));
#11955=CARTESIAN_POINT('Ctrl Pts',(-106.41586969866,5.77233398971129,15.3883795354241));
#11956=CARTESIAN_POINT('Ctrl Pts',(-106.84543962719,5.54648620277984,15.6442782224278));
#11957=CARTESIAN_POINT('Ctrl Pts',(-106.417840711413,5.54648620277984,15.3851273643811));
#11958=CARTESIAN_POINT('Ctrl Pts',(-106.849016907872,5.13658478341542,15.638375709303));
#11959=CARTESIAN_POINT('Ctrl Pts',(-106.421417992095,5.13658478341542,15.3792248512563));
#11960=CARTESIAN_POINT('Ctrl Pts',(-106.907649739402,4.74304065019447,15.5416315372791));
#11961=CARTESIAN_POINT('Ctrl Pts',(-106.480050823625,4.74304065019447,15.2824806792324));
#11962=CARTESIAN_POINT('Ctrl Pts',(-106.933977010089,4.56633175429869,15.4981915406444));
#11963=CARTESIAN_POINT('Ctrl Pts',(-106.506378094312,4.56633175429869,15.2390406825977));
#11964=CARTESIAN_POINT('',(-106.843468614437,5.77233398971129,15.6475303934708));
#11965=CARTESIAN_POINT('Ctrl Pts',(-106.843468614437,5.77233398971129,15.6475303934708));
#11966=CARTESIAN_POINT('Ctrl Pts',(-106.84543962719,5.54648620277984,15.6442782224278));
#11967=CARTESIAN_POINT('Ctrl Pts',(-106.849016907872,5.13658478341542,15.638375709303));
#11968=CARTESIAN_POINT('Ctrl Pts',(-106.907649739402,4.74304065019447,15.5416315372791));
#11969=CARTESIAN_POINT('Ctrl Pts',(-106.933977010089,4.56633175429869,15.4981915406444));
#11970=CARTESIAN_POINT('',(-106.41586969866,5.77233398971129,15.3883795354241));
#11971=CARTESIAN_POINT('',(-106.843468614437,5.77233398971129,15.6475303934708));
#11972=CARTESIAN_POINT('Ctrl Pts',(-106.41586969866,5.77233398971129,15.3883795354241));
#11973=CARTESIAN_POINT('Ctrl Pts',(-106.417840711413,5.54648620277984,15.3851273643811));
#11974=CARTESIAN_POINT('Ctrl Pts',(-106.421417992095,5.13658478341542,15.3792248512563));
#11975=CARTESIAN_POINT('Ctrl Pts',(-106.480050823625,4.74304065019447,15.2824806792324));
#11976=CARTESIAN_POINT('Ctrl Pts',(-106.506378094312,4.56633175429869,15.2390406825977));
#11977=CARTESIAN_POINT('Ctrl Pts',(-106.950947257041,7.08747709807921,15.4701906331739));
#11978=CARTESIAN_POINT('Ctrl Pts',(-106.523348341264,7.08747709807921,15.2110397751272));
#11979=CARTESIAN_POINT('Ctrl Pts',(-106.919624330452,6.88469014257698,15.5218734620452));
#11980=CARTESIAN_POINT('Ctrl Pts',(-106.492025414675,6.88469014257698,15.2627226039985));
#11981=CARTESIAN_POINT('Ctrl Pts',(-106.853384403043,6.45584792778385,15.631169342271));
#11982=CARTESIAN_POINT('Ctrl Pts',(-106.425785487266,6.45584792778385,15.3720184842243));
#11983=CARTESIAN_POINT('Ctrl Pts',(-106.846891312268,6.00826698168999,15.6418829420489));
#11984=CARTESIAN_POINT('Ctrl Pts',(-106.419292396491,6.00826698168999,15.3827320840022));
#11985=CARTESIAN_POINT('Ctrl Pts',(-106.843468614437,5.77233398971129,15.6475303934708));
#11986=CARTESIAN_POINT('Ctrl Pts',(-106.41586969866,5.77233398971129,15.3883795354241));
#11987=CARTESIAN_POINT('',(-106.950947257041,7.08747709807921,15.4701906331739));
#11988=CARTESIAN_POINT('Ctrl Pts',(-106.950947257041,7.08747709807921,15.4701906331739));
#11989=CARTESIAN_POINT('Ctrl Pts',(-106.919624330452,6.88469014257698,15.5218734620452));
#11990=CARTESIAN_POINT('Ctrl Pts',(-106.853384403043,6.45584792778385,15.631169342271));
#11991=CARTESIAN_POINT('Ctrl Pts',(-106.846891312268,6.00826698168999,15.6418829420489));
#11992=CARTESIAN_POINT('Ctrl Pts',(-106.843468614437,5.77233398971129,15.6475303934708));
#11993=CARTESIAN_POINT('',(-106.523348341264,7.08747709807921,15.2110397751272));
#11994=CARTESIAN_POINT('',(-106.950947257041,7.08747709807921,15.4701906331739));
#11995=CARTESIAN_POINT('Ctrl Pts',(-106.523348341264,7.08747709807921,15.2110397751272));
#11996=CARTESIAN_POINT('Ctrl Pts',(-106.492025414675,6.88469014257698,15.2627226039985));
#11997=CARTESIAN_POINT('Ctrl Pts',(-106.425785487266,6.45584792778385,15.3720184842243));
#11998=CARTESIAN_POINT('Ctrl Pts',(-106.419292396491,6.00826698168999,15.3827320840022));
#11999=CARTESIAN_POINT('Ctrl Pts',(-106.41586969866,5.77233398971129,15.3883795354241));
#12000=CARTESIAN_POINT('Ctrl Pts',(-107.253584357455,7.95514429626036,14.9708394174905));
#12001=CARTESIAN_POINT('Ctrl Pts',(-106.825985441678,7.95514429626036,14.7116885594438));
#12002=CARTESIAN_POINT('Ctrl Pts',(-107.19061689765,7.83909224950794,15.0747357261683));
#12003=CARTESIAN_POINT('Ctrl Pts',(-106.763017981873,7.83909224950794,14.8155848681216));
#12004=CARTESIAN_POINT('Ctrl Pts',(-107.057094050087,7.59300324105824,15.2950484246479));
#12005=CARTESIAN_POINT('Ctrl Pts',(-106.62949513431,7.59300324105824,15.0358975666012));
#12006=CARTESIAN_POINT('Ctrl Pts',(-106.987645085846,7.26225121342639,15.4096392156454));
#12007=CARTESIAN_POINT('Ctrl Pts',(-106.560046170069,7.26225121342639,15.1504883575987));
#12008=CARTESIAN_POINT('Ctrl Pts',(-106.950947257041,7.08747709807921,15.4701906331739));
#12009=CARTESIAN_POINT('Ctrl Pts',(-106.523348341264,7.08747709807921,15.2110397751272));
#12010=CARTESIAN_POINT('',(-107.253584357455,7.95514429626036,14.9708394174905));
#12011=CARTESIAN_POINT('Ctrl Pts',(-107.253584357455,7.95514429626036,14.9708394174905));
#12012=CARTESIAN_POINT('Ctrl Pts',(-107.19061689765,7.83909224950794,15.0747357261683));
#12013=CARTESIAN_POINT('Ctrl Pts',(-107.057094050087,7.59300324105824,15.2950484246479));
#12014=CARTESIAN_POINT('Ctrl Pts',(-106.987645085846,7.26225121342639,15.4096392156454));
#12015=CARTESIAN_POINT('Ctrl Pts',(-106.950947257041,7.08747709807921,15.4701906331739));
#12016=CARTESIAN_POINT('',(-106.825985441678,7.95514429626036,14.7116885594438));
#12017=CARTESIAN_POINT('',(-107.253584357455,7.95514429626036,14.9708394174905));
#12018=CARTESIAN_POINT('Ctrl Pts',(-106.825985441678,7.95514429626036,14.7116885594438));
#12019=CARTESIAN_POINT('Ctrl Pts',(-106.763017981873,7.83909224950794,14.8155848681216));
#12020=CARTESIAN_POINT('Ctrl Pts',(-106.62949513431,7.59300324105824,15.0358975666012));
#12021=CARTESIAN_POINT('Ctrl Pts',(-106.560046170069,7.26225121342639,15.1504883575987));
#12022=CARTESIAN_POINT('Ctrl Pts',(-106.523348341264,7.08747709807921,15.2110397751272));
#12023=CARTESIAN_POINT('Ctrl Pts',(-107.768350780495,8.38625038680602,14.1214748194749));
#12024=CARTESIAN_POINT('Ctrl Pts',(-107.340751864718,8.38625038680602,13.8623239614282));
#12025=CARTESIAN_POINT('Ctrl Pts',(-107.669660100272,8.33947864973828,14.2843144418431));
#12026=CARTESIAN_POINT('Ctrl Pts',(-107.242061184495,8.33947864973828,14.0251635837964));
#12027=CARTESIAN_POINT('Ctrl Pts',(-107.485134146208,8.25202764234697,14.5887822660485));
#12028=CARTESIAN_POINT('Ctrl Pts',(-107.057535230431,8.25202764234697,14.3296314080018));
#12029=CARTESIAN_POINT('Ctrl Pts',(-107.327097633302,8.04939990941761,14.8495425123425));
#12030=CARTESIAN_POINT('Ctrl Pts',(-106.899498717525,8.04939990941761,14.5903916542959));
#12031=CARTESIAN_POINT('Ctrl Pts',(-107.253584357455,7.95514429626036,14.9708394174905));
#12032=CARTESIAN_POINT('Ctrl Pts',(-106.825985441678,7.95514429626036,14.7116885594438));
#12033=CARTESIAN_POINT('',(-107.768350780495,8.38625038680602,14.1214748194749));
#12034=CARTESIAN_POINT('Ctrl Pts',(-107.768350780495,8.38625038680602,14.1214748194749));
#12035=CARTESIAN_POINT('Ctrl Pts',(-107.669660100272,8.33947864973828,14.2843144418431));
#12036=CARTESIAN_POINT('Ctrl Pts',(-107.485134146208,8.25202764234697,14.5887822660485));
#12037=CARTESIAN_POINT('Ctrl Pts',(-107.327097633302,8.04939990941761,14.8495425123425));
#12038=CARTESIAN_POINT('Ctrl Pts',(-107.253584357455,7.95514429626036,14.9708394174905));
#12039=CARTESIAN_POINT('',(-107.340751864718,8.38625038680602,13.8623239614282));
#12040=CARTESIAN_POINT('',(-107.768350780495,8.38625038680602,14.1214748194749));
#12041=CARTESIAN_POINT('Ctrl Pts',(-107.340751864718,8.38625038680602,13.8623239614282));
#12042=CARTESIAN_POINT('Ctrl Pts',(-107.242061184495,8.33947864973828,14.0251635837964));
#12043=CARTESIAN_POINT('Ctrl Pts',(-107.057535230431,8.25202764234697,14.3296314080018));
#12044=CARTESIAN_POINT('Ctrl Pts',(-106.899498717525,8.04939990941761,14.5903916542959));
#12045=CARTESIAN_POINT('Ctrl Pts',(-106.825985441678,7.95514429626036,14.7116885594438));
#12046=CARTESIAN_POINT('Origin',(-107.836232386166,7.42581332740355,14.0094701701174));
#12047=CARTESIAN_POINT('',(-107.836232386166,7.42581332740355,14.0094701701174));
#12048=CARTESIAN_POINT('',(-106.931965109163,20.2200275457043,15.5015111771731));
#12049=CARTESIAN_POINT('',(-107.408633470389,7.42581332740355,13.7503193120708));
#12050=CARTESIAN_POINT('',(-107.836232386166,7.42581332740355,14.0094701701174));
#12051=CARTESIAN_POINT('',(-107.408633470389,7.42581332740355,13.7503193120708));
#12052=CARTESIAN_POINT('Ctrl Pts',(-107.39217553138,6.94013799247313,14.7421639805141));
#12053=CARTESIAN_POINT('Ctrl Pts',(-106.964576615603,6.94013799247313,14.4830131224674));
#12054=CARTESIAN_POINT('Ctrl Pts',(-107.44703753342,7.04454126906771,14.651641677148));
#12055=CARTESIAN_POINT('Ctrl Pts',(-107.019438617643,7.04454126906771,14.3924908191013));
#12056=CARTESIAN_POINT('Ctrl Pts',(-107.571788724385,7.28194480177648,14.4458022120563));
#12057=CARTESIAN_POINT('Ctrl Pts',(-107.144189808608,7.28194480177648,14.1866513540096));
#12058=CARTESIAN_POINT('Ctrl Pts',(-107.741279051978,7.3741547015132,14.1661431715279));
#12059=CARTESIAN_POINT('Ctrl Pts',(-107.313680136201,7.3741547015132,13.9069923134812));
#12060=CARTESIAN_POINT('Ctrl Pts',(-107.836232386166,7.42581332740355,14.0094701701174));
#12061=CARTESIAN_POINT('Ctrl Pts',(-107.408633470389,7.42581332740355,13.7503193120708));
#12062=CARTESIAN_POINT('',(-107.39217553138,6.94013799247313,14.7421639805141));
#12063=CARTESIAN_POINT('Ctrl Pts',(-107.39217553138,6.94013799247313,14.7421639805141));
#12064=CARTESIAN_POINT('Ctrl Pts',(-107.44703753342,7.04454126906771,14.651641677148));
#12065=CARTESIAN_POINT('Ctrl Pts',(-107.571788724385,7.28194480177648,14.4458022120563));
#12066=CARTESIAN_POINT('Ctrl Pts',(-107.741279051978,7.3741547015132,14.1661431715279));
#12067=CARTESIAN_POINT('Ctrl Pts',(-107.836232386166,7.42581332740355,14.0094701701174));
#12068=CARTESIAN_POINT('',(-106.964576615603,6.94013799247313,14.4830131224674));
#12069=CARTESIAN_POINT('',(-107.39217553138,6.94013799247313,14.7421639805141));
#12070=CARTESIAN_POINT('Ctrl Pts',(-106.964576615603,6.94013799247313,14.4830131224674));
#12071=CARTESIAN_POINT('Ctrl Pts',(-107.019438617643,7.04454126906771,14.3924908191013));
#12072=CARTESIAN_POINT('Ctrl Pts',(-107.144189808608,7.28194480177648,14.1866513540096));
#12073=CARTESIAN_POINT('Ctrl Pts',(-107.313680136201,7.3741547015132,13.9069923134812));
#12074=CARTESIAN_POINT('Ctrl Pts',(-107.408633470389,7.42581332740355,13.7503193120708));
#12075=CARTESIAN_POINT('Ctrl Pts',(-107.264898061378,5.91421688613463,14.9521718060184));
#12076=CARTESIAN_POINT('Ctrl Pts',(-106.837299145601,5.91421688613463,14.6930209479717));
#12077=CARTESIAN_POINT('Ctrl Pts',(-107.26664508554,6.11969290204846,14.9492892161505));
#12078=CARTESIAN_POINT('Ctrl Pts',(-106.839046169763,6.11969290204846,14.6901383581038));
#12079=CARTESIAN_POINT('Ctrl Pts',(-107.269721671984,6.48154521000815,14.9442128485173));
#12080=CARTESIAN_POINT('Ctrl Pts',(-106.842122756207,6.48154521000815,14.6850619904706));
#12081=CARTESIAN_POINT('Ctrl Pts',(-107.355224887439,6.8017569018114,14.8031325430173));
#12082=CARTESIAN_POINT('Ctrl Pts',(-106.927625971662,6.8017569018114,14.5439816849706));
#12083=CARTESIAN_POINT('Ctrl Pts',(-107.39217553138,6.94013799247313,14.7421639805141));
#12084=CARTESIAN_POINT('Ctrl Pts',(-106.964576615603,6.94013799247313,14.4830131224674));
#12085=CARTESIAN_POINT('',(-107.264898061378,5.91421688613463,14.9521718060184));
#12086=CARTESIAN_POINT('Ctrl Pts',(-107.264898061378,5.91421688613463,14.9521718060184));
#12087=CARTESIAN_POINT('Ctrl Pts',(-107.26664508554,6.11969290204846,14.9492892161505));
#12088=CARTESIAN_POINT('Ctrl Pts',(-107.269721671984,6.48154521000815,14.9442128485173));
#12089=CARTESIAN_POINT('Ctrl Pts',(-107.355224887439,6.8017569018114,14.8031325430173));
#12090=CARTESIAN_POINT('Ctrl Pts',(-107.39217553138,6.94013799247313,14.7421639805141));
#12091=CARTESIAN_POINT('',(-106.837299145601,5.91421688613463,14.6930209479717));
#12092=CARTESIAN_POINT('',(-107.264898061378,5.91421688613463,14.9521718060184));
#12093=CARTESIAN_POINT('Ctrl Pts',(-106.837299145601,5.91421688613463,14.6930209479717));
#12094=CARTESIAN_POINT('Ctrl Pts',(-106.839046169763,6.11969290204846,14.6901383581038));
#12095=CARTESIAN_POINT('Ctrl Pts',(-106.842122756207,6.48154521000815,14.6850619904706));
#12096=CARTESIAN_POINT('Ctrl Pts',(-106.927625971662,6.8017569018114,14.5439816849706));
#12097=CARTESIAN_POINT('Ctrl Pts',(-106.964576615603,6.94013799247313,14.4830131224674));
#12098=CARTESIAN_POINT('Ctrl Pts',(-107.437429729206,4.79552711066771,14.6674945541009));
#12099=CARTESIAN_POINT('Ctrl Pts',(-107.009830813429,4.79552711066771,14.4083436960542));
#12100=CARTESIAN_POINT('Ctrl Pts',(-107.387253650301,4.94717429657471,14.750285084295));
#12101=CARTESIAN_POINT('Ctrl Pts',(-106.959654734524,4.94717429657471,14.4911342262483));
#12102=CARTESIAN_POINT('Ctrl Pts',(-107.275012002959,5.28640227795948,14.9354838024086));
#12103=CARTESIAN_POINT('Ctrl Pts',(-106.847413087182,5.28640227795948,14.6763329443619));
#12104=CARTESIAN_POINT('Ctrl Pts',(-107.268499332447,5.69067094539418,14.9462297087536));
#12105=CARTESIAN_POINT('Ctrl Pts',(-106.84090041667,5.69067094539418,14.6870788507069));
#12106=CARTESIAN_POINT('Ctrl Pts',(-107.264898061378,5.91421688613463,14.9521718060184));
#12107=CARTESIAN_POINT('Ctrl Pts',(-106.837299145601,5.91421688613463,14.6930209479717));
#12108=CARTESIAN_POINT('',(-107.437429729206,4.79552711066771,14.6674945541009));
#12109=CARTESIAN_POINT('Ctrl Pts',(-107.437429729206,4.79552711066771,14.6674945541009));
#12110=CARTESIAN_POINT('Ctrl Pts',(-107.387253650301,4.94717429657471,14.750285084295));
#12111=CARTESIAN_POINT('Ctrl Pts',(-107.275012002959,5.28640227795948,14.9354838024086));
#12112=CARTESIAN_POINT('Ctrl Pts',(-107.268499332447,5.69067094539418,14.9462297087536));
#12113=CARTESIAN_POINT('Ctrl Pts',(-107.264898061378,5.91421688613463,14.9521718060184));
#12114=CARTESIAN_POINT('',(-107.009830813429,4.79552711066771,14.4083436960542));
#12115=CARTESIAN_POINT('',(-107.437429729206,4.79552711066771,14.6674945541009));
#12116=CARTESIAN_POINT('Ctrl Pts',(-107.009830813429,4.79552711066771,14.4083436960542));
#12117=CARTESIAN_POINT('Ctrl Pts',(-106.959654734524,4.94717429657471,14.4911342262483));
#12118=CARTESIAN_POINT('Ctrl Pts',(-106.847413087182,5.28640227795948,14.6763329443619));
#12119=CARTESIAN_POINT('Ctrl Pts',(-106.84090041667,5.69067094539418,14.6870788507069));
#12120=CARTESIAN_POINT('Ctrl Pts',(-106.837299145601,5.91421688613463,14.6930209479717));
#12121=CARTESIAN_POINT('Ctrl Pts',(-107.875829423099,4.51721871909666,13.9441350591779));
#12122=CARTESIAN_POINT('Ctrl Pts',(-107.448230507322,4.51721871909666,13.6849842011313));
#12123=CARTESIAN_POINT('Ctrl Pts',(-107.783833202175,4.52113776405712,14.0959288237028));
#12124=CARTESIAN_POINT('Ctrl Pts',(-107.356234286398,4.52113776405712,13.8367779656562));
#12125=CARTESIAN_POINT('Ctrl Pts',(-107.621621974201,4.52804797285845,14.3635773498591));
#12126=CARTESIAN_POINT('Ctrl Pts',(-107.194023058424,4.52804797285845,14.1044264918125));
#12127=CARTESIAN_POINT('Ctrl Pts',(-107.493073446791,4.71472276624859,14.5756824200871));
#12128=CARTESIAN_POINT('Ctrl Pts',(-107.065474531014,4.71472276624859,14.3165315620404));
#12129=CARTESIAN_POINT('Ctrl Pts',(-107.437429729206,4.79552711066771,14.6674945541009));
#12130=CARTESIAN_POINT('Ctrl Pts',(-107.009830813429,4.79552711066771,14.4083436960542));
#12131=CARTESIAN_POINT('',(-107.875829423099,4.51721871909666,13.9441350591779));
#12132=CARTESIAN_POINT('Ctrl Pts',(-107.875829423099,4.51721871909666,13.9441350591779));
#12133=CARTESIAN_POINT('Ctrl Pts',(-107.783833202175,4.52113776405712,14.0959288237028));
#12134=CARTESIAN_POINT('Ctrl Pts',(-107.621621974201,4.52804797285845,14.3635773498591));
#12135=CARTESIAN_POINT('Ctrl Pts',(-107.493073446791,4.71472276624859,14.5756824200871));
#12136=CARTESIAN_POINT('Ctrl Pts',(-107.437429729206,4.79552711066771,14.6674945541009));
#12137=CARTESIAN_POINT('',(-107.448230507322,4.51721871909666,13.6849842011313));
#12138=CARTESIAN_POINT('',(-107.875829423099,4.51721871909666,13.9441350591779));
#12139=CARTESIAN_POINT('Ctrl Pts',(-107.448230507322,4.51721871909666,13.6849842011313));
#12140=CARTESIAN_POINT('Ctrl Pts',(-107.356234286398,4.52113776405712,13.8367779656562));
#12141=CARTESIAN_POINT('Ctrl Pts',(-107.194023058424,4.52804797285845,14.1044264918125));
#12142=CARTESIAN_POINT('Ctrl Pts',(-107.065474531014,4.71472276624859,14.3165315620404));
#12143=CARTESIAN_POINT('Ctrl Pts',(-107.009830813429,4.79552711066771,14.4083436960542));
#12144=CARTESIAN_POINT('Ctrl Pts',(-108.008763436131,4.5226749282794,13.7247939376752));
#12145=CARTESIAN_POINT('Ctrl Pts',(-107.581164520354,4.5226749282794,13.4656430796285));
#12146=CARTESIAN_POINT('Ctrl Pts',(-107.980245671665,4.52113601524067,13.7718482490439));
#12147=CARTESIAN_POINT('Ctrl Pts',(-107.552646755888,4.52113601524067,13.5126973909972));
#12148=CARTESIAN_POINT('Ctrl Pts',(-107.935940221799,4.51874514639931,13.8449522413232));
#12149=CARTESIAN_POINT('Ctrl Pts',(-107.508341306022,4.51874514639931,13.5858013832765));
#12150=CARTESIAN_POINT('Ctrl Pts',(-107.891621749042,4.51761974250697,13.9180777213728));
#12151=CARTESIAN_POINT('Ctrl Pts',(-107.464022833265,4.51761974250697,13.6589268633261));
#12152=CARTESIAN_POINT('Ctrl Pts',(-107.875829423099,4.51721871909666,13.9441350591779));
#12153=CARTESIAN_POINT('Ctrl Pts',(-107.448230507322,4.51721871909666,13.6849842011313));
#12154=CARTESIAN_POINT('',(-108.008763436131,4.5226749282794,13.7247939376752));
#12155=CARTESIAN_POINT('Ctrl Pts',(-108.008763436131,4.5226749282794,13.7247939376752));
#12156=CARTESIAN_POINT('Ctrl Pts',(-107.980245671665,4.52113601524067,13.7718482490439));
#12157=CARTESIAN_POINT('Ctrl Pts',(-107.935940221799,4.51874514639931,13.8449522413232));
#12158=CARTESIAN_POINT('Ctrl Pts',(-107.891621749042,4.51761974250697,13.9180777213728));
#12159=CARTESIAN_POINT('Ctrl Pts',(-107.875829423099,4.51721871909666,13.9441350591779));
#12160=CARTESIAN_POINT('',(-107.581164520354,4.5226749282794,13.4656430796285));
#12161=CARTESIAN_POINT('',(-108.008763436131,4.5226749282794,13.7247939376752));
#12162=CARTESIAN_POINT('Ctrl Pts',(-107.581164520354,4.5226749282794,13.4656430796285));
#12163=CARTESIAN_POINT('Ctrl Pts',(-107.552646755888,4.52113601524067,13.5126973909972));
#12164=CARTESIAN_POINT('Ctrl Pts',(-107.508341306022,4.51874514639931,13.5858013832765));
#12165=CARTESIAN_POINT('Ctrl Pts',(-107.464022833265,4.51761974250697,13.6589268633261));
#12166=CARTESIAN_POINT('Ctrl Pts',(-107.448230507322,4.51721871909666,13.6849842011313));
#12167=CARTESIAN_POINT('Ctrl Pts',(-108.184123684407,6.27438033637572,13.4354495280209));
#12168=CARTESIAN_POINT('Ctrl Pts',(-107.75652476863,6.27438033637572,13.1762986699742));
#12169=CARTESIAN_POINT('Ctrl Pts',(-108.162397809241,5.92812908774447,13.4712972220433));
#12170=CARTESIAN_POINT('Ctrl Pts',(-107.734798893464,5.92812908774447,13.2121463639966));
#12171=CARTESIAN_POINT('Ctrl Pts',(-108.125239782306,5.3359313914416,13.5326079664861));
#12172=CARTESIAN_POINT('Ctrl Pts',(-107.697640866529,5.3359313914416,13.2734571084394));
#12173=CARTESIAN_POINT('Ctrl Pts',(-108.042942453888,4.76131829242945,13.6683985583767));
#12174=CARTESIAN_POINT('Ctrl Pts',(-107.615343538111,4.76131829242945,13.40924770033));
#12175=CARTESIAN_POINT('Ctrl Pts',(-108.008763436131,4.5226749282794,13.7247939376752));
#12176=CARTESIAN_POINT('Ctrl Pts',(-107.581164520354,4.5226749282794,13.4656430796285));
#12177=CARTESIAN_POINT('',(-108.184123684407,6.27438033637572,13.4354495280209));
#12178=CARTESIAN_POINT('Ctrl Pts',(-108.184123684407,6.27438033637572,13.4354495280209));
#12179=CARTESIAN_POINT('Ctrl Pts',(-108.162397809241,5.92812908774447,13.4712972220433));
#12180=CARTESIAN_POINT('Ctrl Pts',(-108.125239782306,5.3359313914416,13.5326079664861));
#12181=CARTESIAN_POINT('Ctrl Pts',(-108.042942453888,4.76131829242945,13.6683985583767));
#12182=CARTESIAN_POINT('Ctrl Pts',(-108.008763436131,4.5226749282794,13.7247939376752));
#12183=CARTESIAN_POINT('',(-107.75652476863,6.27438033637572,13.1762986699742));
#12184=CARTESIAN_POINT('',(-108.184123684407,6.27438033637572,13.4354495280209));
#12185=CARTESIAN_POINT('Ctrl Pts',(-107.756524768629,6.27438033637572,13.1762986699742));
#12186=CARTESIAN_POINT('Ctrl Pts',(-107.734798893464,5.92812908774447,13.2121463639966));
#12187=CARTESIAN_POINT('Ctrl Pts',(-107.697640866529,5.3359313914416,13.2734571084394));
#12188=CARTESIAN_POINT('Ctrl Pts',(-107.615343538111,4.76131829242945,13.40924770033));
#12189=CARTESIAN_POINT('Ctrl Pts',(-107.581164520354,4.5226749282794,13.4656430796285));
#12190=CARTESIAN_POINT('Ctrl Pts',(-108.26048979569,7.1475049358325,13.3094454444034));
#12191=CARTESIAN_POINT('Ctrl Pts',(-107.832890879913,7.1475049358325,13.0502945863568));
#12192=CARTESIAN_POINT('Ctrl Pts',(-108.246693867586,7.02682047071167,13.3322087257745));
#12193=CARTESIAN_POINT('Ctrl Pts',(-107.819094951809,7.02682047071167,13.0730578677278));
#12194=CARTESIAN_POINT('Ctrl Pts',(-108.213712650851,6.73830631850968,13.3866277333869));
#12195=CARTESIAN_POINT('Ctrl Pts',(-107.786113735074,6.73830631850968,13.1274768753402));
#12196=CARTESIAN_POINT('Ctrl Pts',(-108.195005625943,6.44499851001572,13.4174943244861));
#12197=CARTESIAN_POINT('Ctrl Pts',(-107.767406710166,6.44499851001572,13.1583434664394));
#12198=CARTESIAN_POINT('Ctrl Pts',(-108.184123684407,6.27438033637572,13.4354495280209));
#12199=CARTESIAN_POINT('Ctrl Pts',(-107.75652476863,6.27438033637572,13.1762986699742));
#12200=CARTESIAN_POINT('',(-108.26048979569,7.1475049358325,13.3094454444034));
#12201=CARTESIAN_POINT('Ctrl Pts',(-108.26048979569,7.1475049358325,13.3094454444034));
#12202=CARTESIAN_POINT('Ctrl Pts',(-108.246693867586,7.02682047071167,13.3322087257745));
#12203=CARTESIAN_POINT('Ctrl Pts',(-108.213712650851,6.73830631850968,13.3866277333869));
#12204=CARTESIAN_POINT('Ctrl Pts',(-108.195005625943,6.44499851001572,13.4174943244861));
#12205=CARTESIAN_POINT('Ctrl Pts',(-108.184123684407,6.27438033637572,13.4354495280209));
#12206=CARTESIAN_POINT('',(-107.832890879913,7.1475049358325,13.0502945863568));
#12207=CARTESIAN_POINT('',(-108.26048979569,7.1475049358325,13.3094454444034));
#12208=CARTESIAN_POINT('Ctrl Pts',(-107.832890879913,7.1475049358325,13.0502945863567));
#12209=CARTESIAN_POINT('Ctrl Pts',(-107.819094951809,7.02682047071167,13.0730578677278));
#12210=CARTESIAN_POINT('Ctrl Pts',(-107.786113735074,6.73830631850968,13.1274768753402));
#12211=CARTESIAN_POINT('Ctrl Pts',(-107.767406710166,6.44499851001572,13.1583434664394));
#12212=CARTESIAN_POINT('Ctrl Pts',(-107.756524768629,6.27438033637572,13.1762986699742));
#12213=CARTESIAN_POINT('Ctrl Pts',(-108.427364920489,7.85691822585631,13.0341014884844));
#12214=CARTESIAN_POINT('Ctrl Pts',(-107.999766004712,7.85691822585631,12.7749506304377));
#12215=CARTESIAN_POINT('Ctrl Pts',(-108.392681030463,7.74715222106809,13.0913299070276));
#12216=CARTESIAN_POINT('Ctrl Pts',(-107.965082114686,7.74715222106809,12.8321790489809));
#12217=CARTESIAN_POINT('Ctrl Pts',(-108.322111038924,7.52381550701153,13.2077703930665));
#12218=CARTESIAN_POINT('Ctrl Pts',(-107.894512123147,7.52381550701153,12.9486195350198));
#12219=CARTESIAN_POINT('Ctrl Pts',(-108.281262173547,7.27435835465065,13.2751710209393));
#12220=CARTESIAN_POINT('Ctrl Pts',(-107.85366325777,7.27435835465065,13.0160201628927));
#12221=CARTESIAN_POINT('Ctrl Pts',(-108.26048979569,7.1475049358325,13.3094454444034));
#12222=CARTESIAN_POINT('Ctrl Pts',(-107.832890879913,7.1475049358325,13.0502945863568));
#12223=CARTESIAN_POINT('',(-108.427364920489,7.85691822585631,13.0341014884844));
#12224=CARTESIAN_POINT('Ctrl Pts',(-108.427364920489,7.85691822585631,13.0341014884844));
#12225=CARTESIAN_POINT('Ctrl Pts',(-108.392681030463,7.74715222106809,13.0913299070276));
#12226=CARTESIAN_POINT('Ctrl Pts',(-108.322111038924,7.52381550701153,13.2077703930665));
#12227=CARTESIAN_POINT('Ctrl Pts',(-108.281262173547,7.27435835465065,13.2751710209393));
#12228=CARTESIAN_POINT('Ctrl Pts',(-108.26048979569,7.1475049358325,13.3094454444034));
#12229=CARTESIAN_POINT('',(-107.999766004712,7.85691822585631,12.7749506304377));
#12230=CARTESIAN_POINT('',(-108.427364920489,7.85691822585631,13.0341014884844));
#12231=CARTESIAN_POINT('Ctrl Pts',(-107.999766004712,7.85691822585631,12.7749506304377));
#12232=CARTESIAN_POINT('Ctrl Pts',(-107.965082114686,7.74715222106809,12.8321790489809));
#12233=CARTESIAN_POINT('Ctrl Pts',(-107.894512123147,7.52381550701153,12.9486195350198));
#12234=CARTESIAN_POINT('Ctrl Pts',(-107.85366325777,7.27435835465065,13.0160201628927));
#12235=CARTESIAN_POINT('Ctrl Pts',(-107.832890879913,7.1475049358325,13.0502945863567));
#12236=CARTESIAN_POINT('Ctrl Pts',(-108.721516279564,8.36442197379637,12.5487517460115));
#12237=CARTESIAN_POINT('Ctrl Pts',(-108.293917363787,8.36442197379637,12.2896008879648));
#12238=CARTESIAN_POINT('Ctrl Pts',(-108.663664390789,8.29518356246638,12.6442073624891));
#12239=CARTESIAN_POINT('Ctrl Pts',(-108.236065475012,8.29518356246638,12.3850565044424));
#12240=CARTESIAN_POINT('Ctrl Pts',(-108.550120862223,8.15929217324354,12.8315541846229));
#12241=CARTESIAN_POINT('Ctrl Pts',(-108.122521946446,8.15929217324354,12.5724033265763));
#12242=CARTESIAN_POINT('Ctrl Pts',(-108.467761250376,7.95642296310267,12.9674475441719));
#12243=CARTESIAN_POINT('Ctrl Pts',(-108.040162334599,7.95642296310267,12.7082966861252));
#12244=CARTESIAN_POINT('Ctrl Pts',(-108.427364920489,7.85691822585631,13.0341014884844));
#12245=CARTESIAN_POINT('Ctrl Pts',(-107.999766004712,7.85691822585631,12.7749506304377));
#12246=CARTESIAN_POINT('',(-108.721516279564,8.36442197379637,12.5487517460115));
#12247=CARTESIAN_POINT('Ctrl Pts',(-108.721516279564,8.36442197379637,12.5487517460115));
#12248=CARTESIAN_POINT('Ctrl Pts',(-108.663664390789,8.29518356246638,12.6442073624891));
#12249=CARTESIAN_POINT('Ctrl Pts',(-108.550120862223,8.15929217324354,12.8315541846229));
#12250=CARTESIAN_POINT('Ctrl Pts',(-108.467761250376,7.95642296310267,12.9674475441719));
#12251=CARTESIAN_POINT('Ctrl Pts',(-108.427364920489,7.85691822585631,13.0341014884844));
#12252=CARTESIAN_POINT('',(-108.293917363787,8.36442197379637,12.2896008879648));
#12253=CARTESIAN_POINT('',(-108.721516279564,8.36442197379637,12.5487517460115));
#12254=CARTESIAN_POINT('Ctrl Pts',(-108.293917363787,8.36442197379637,12.2896008879648));
#12255=CARTESIAN_POINT('Ctrl Pts',(-108.236065475012,8.29518356246638,12.3850565044424));
#12256=CARTESIAN_POINT('Ctrl Pts',(-108.122521946446,8.15929217324354,12.5724033265762));
#12257=CARTESIAN_POINT('Ctrl Pts',(-108.040162334599,7.95642296310267,12.7082966861252));
#12258=CARTESIAN_POINT('Ctrl Pts',(-107.999766004712,7.85691822585631,12.7749506304377));
#12259=CARTESIAN_POINT('Ctrl Pts',(-109.12314751697,8.55541790542174,11.8860602042912));
#12260=CARTESIAN_POINT('Ctrl Pts',(-108.695548601193,8.55541790542174,11.6269093462445));
#12261=CARTESIAN_POINT('Ctrl Pts',(-109.051808720016,8.54803324857459,12.0037692192651));
#12262=CARTESIAN_POINT('Ctrl Pts',(-108.624209804239,8.54803324857459,11.7446183612185));
#12263=CARTESIAN_POINT('Ctrl Pts',(-108.911592033986,8.53351867649336,12.2351267512144));
#12264=CARTESIAN_POINT('Ctrl Pts',(-108.483993118209,8.53351867649336,11.9759758931677));
#12265=CARTESIAN_POINT('Ctrl Pts',(-108.784129174817,8.42012415509676,12.4454404688435));
#12266=CARTESIAN_POINT('Ctrl Pts',(-108.35653025904,8.42012415509676,12.1862896107968));
#12267=CARTESIAN_POINT('Ctrl Pts',(-108.721516279564,8.36442197379637,12.5487517460115));
#12268=CARTESIAN_POINT('Ctrl Pts',(-108.293917363787,8.36442197379637,12.2896008879648));
#12269=CARTESIAN_POINT('',(-109.12314751697,8.55541790542174,11.8860602042912));
#12270=CARTESIAN_POINT('Ctrl Pts',(-109.12314751697,8.55541790542174,11.8860602042912));
#12271=CARTESIAN_POINT('Ctrl Pts',(-109.051808720016,8.54803324857459,12.0037692192651));
#12272=CARTESIAN_POINT('Ctrl Pts',(-108.911592033986,8.53351867649336,12.2351267512144));
#12273=CARTESIAN_POINT('Ctrl Pts',(-108.784129174817,8.42012415509676,12.4454404688435));
#12274=CARTESIAN_POINT('Ctrl Pts',(-108.721516279564,8.36442197379637,12.5487517460115));
#12275=CARTESIAN_POINT('',(-108.695548601193,8.55541790542174,11.6269093462445));
#12276=CARTESIAN_POINT('',(-109.12314751697,8.55541790542174,11.8860602042912));
#12277=CARTESIAN_POINT('Ctrl Pts',(-108.695548601193,8.55541790542174,11.6269093462445));
#12278=CARTESIAN_POINT('Ctrl Pts',(-108.624209804239,8.54803324857459,11.7446183612185));
#12279=CARTESIAN_POINT('Ctrl Pts',(-108.483993118209,8.53351867649336,11.9759758931677));
#12280=CARTESIAN_POINT('Ctrl Pts',(-108.35653025904,8.42012415509676,12.1862896107968));
#12281=CARTESIAN_POINT('Ctrl Pts',(-108.293917363787,8.36442197379637,12.2896008879648));
#12282=CARTESIAN_POINT('Ctrl Pts',(-109.742564620031,8.04245675620604,10.8640219842402));
#12283=CARTESIAN_POINT('Ctrl Pts',(-109.314965704254,8.04245675620604,10.6048711261936));
#12284=CARTESIAN_POINT('Ctrl Pts',(-109.655194940841,8.19206395805203,11.0081819549045));
#12285=CARTESIAN_POINT('Ctrl Pts',(-109.227596025064,8.19206395805203,10.7490310968578));
#12286=CARTESIAN_POINT('Ctrl Pts',(-109.478291648992,8.49498376657192,11.3000723864547));
#12287=CARTESIAN_POINT('Ctrl Pts',(-109.050692733215,8.49498376657192,11.040921528408));
#12288=CARTESIAN_POINT('Ctrl Pts',(-109.242490358057,8.53510958218429,11.6891445164975));
#12289=CARTESIAN_POINT('Ctrl Pts',(-108.81489144228,8.53510958218429,11.4299936584508));
#12290=CARTESIAN_POINT('Ctrl Pts',(-109.12314751697,8.55541790542174,11.8860602042912));
#12291=CARTESIAN_POINT('Ctrl Pts',(-108.695548601193,8.55541790542174,11.6269093462445));
#12292=CARTESIAN_POINT('',(-109.742564620031,8.04245675620604,10.8640219842402));
#12293=CARTESIAN_POINT('Ctrl Pts',(-109.742564620031,8.04245675620604,10.8640219842402));
#12294=CARTESIAN_POINT('Ctrl Pts',(-109.655194940841,8.19206395805203,11.0081819549045));
#12295=CARTESIAN_POINT('Ctrl Pts',(-109.478291648992,8.49498376657192,11.3000723864547));
#12296=CARTESIAN_POINT('Ctrl Pts',(-109.242490358057,8.53510958218429,11.6891445164975));
#12297=CARTESIAN_POINT('Ctrl Pts',(-109.12314751697,8.55541790542174,11.8860602042912));
#12298=CARTESIAN_POINT('',(-109.314965704254,8.04245675620604,10.6048711261936));
#12299=CARTESIAN_POINT('',(-109.742564620031,8.04245675620604,10.8640219842402));
#12300=CARTESIAN_POINT('Ctrl Pts',(-109.314965704254,8.04245675620604,10.6048711261935));
#12301=CARTESIAN_POINT('Ctrl Pts',(-109.227596025064,8.19206395805203,10.7490310968578));
#12302=CARTESIAN_POINT('Ctrl Pts',(-109.050692733215,8.49498376657192,11.040921528408));
#12303=CARTESIAN_POINT('Ctrl Pts',(-108.81489144228,8.53510958218429,11.4299936584508));
#12304=CARTESIAN_POINT('Ctrl Pts',(-108.695548601193,8.55541790542174,11.6269093462445));
#12305=CARTESIAN_POINT('Ctrl Pts',(-109.982976657803,6.5745171409564,10.4673421219158));
#12306=CARTESIAN_POINT('Ctrl Pts',(-109.555377742026,6.5745171409564,10.2081912638692));
#12307=CARTESIAN_POINT('Ctrl Pts',(-109.977015932572,6.86508891369207,10.4771773185472));
#12308=CARTESIAN_POINT('Ctrl Pts',(-109.549417016795,6.86508891369207,10.2180264605006));
#12309=CARTESIAN_POINT('Ctrl Pts',(-109.966062611637,7.39903835072274,10.4952502980902));
#12310=CARTESIAN_POINT('Ctrl Pts',(-109.53846369586,7.39903835072274,10.2360994400436));
#12311=CARTESIAN_POINT('Ctrl Pts',(-109.81254084893,7.84100531005951,10.748561206557));
#12312=CARTESIAN_POINT('Ctrl Pts',(-109.384941933153,7.84100531005951,10.4894103485103));
#12313=CARTESIAN_POINT('Ctrl Pts',(-109.742564620031,8.04245675620604,10.8640219842402));
#12314=CARTESIAN_POINT('Ctrl Pts',(-109.314965704254,8.04245675620604,10.6048711261936));
#12315=CARTESIAN_POINT('',(-109.982976657803,6.5745171409564,10.4673421219158));
#12316=CARTESIAN_POINT('Ctrl Pts',(-109.982976657803,6.5745171409564,10.4673421219158));
#12317=CARTESIAN_POINT('Ctrl Pts',(-109.977015932572,6.86508891369207,10.4771773185472));
#12318=CARTESIAN_POINT('Ctrl Pts',(-109.966062611637,7.39903835072274,10.4952502980902));
#12319=CARTESIAN_POINT('Ctrl Pts',(-109.81254084893,7.84100531005951,10.748561206557));
#12320=CARTESIAN_POINT('Ctrl Pts',(-109.742564620031,8.04245675620604,10.8640219842402));
#12321=CARTESIAN_POINT('',(-109.555377742026,6.5745171409564,10.2081912638692));
#12322=CARTESIAN_POINT('',(-109.982976657803,6.5745171409564,10.4673421219158));
#12323=CARTESIAN_POINT('Ctrl Pts',(-109.555377742026,6.5745171409564,10.2081912638691));
#12324=CARTESIAN_POINT('Ctrl Pts',(-109.549417016795,6.86508891369207,10.2180264605006));
#12325=CARTESIAN_POINT('Ctrl Pts',(-109.53846369586,7.39903835072274,10.2360994400436));
#12326=CARTESIAN_POINT('Ctrl Pts',(-109.384941933153,7.84100531005951,10.4894103485103));
#12327=CARTESIAN_POINT('Ctrl Pts',(-109.314965704254,8.04245675620604,10.6048711261935));
#12328=CARTESIAN_POINT('Ctrl Pts',(-109.883983756539,5.49402559814024,10.6306804090022));
#12329=CARTESIAN_POINT('Ctrl Pts',(-109.456384840762,5.49402559814024,10.3715295509556));
#12330=CARTESIAN_POINT('Ctrl Pts',(-109.912853314002,5.66632098028507,10.5830456391879));
#12331=CARTESIAN_POINT('Ctrl Pts',(-109.485254398225,5.66632098028507,10.3238947811412));
#12332=CARTESIAN_POINT('Ctrl Pts',(-109.971709127535,6.01757627392824,10.4859335468586));
#12333=CARTESIAN_POINT('Ctrl Pts',(-109.544110211758,6.01757627392824,10.226782688812));
#12334=CARTESIAN_POINT('Ctrl Pts',(-109.979173605382,6.38653669960605,10.4736171584107));
#12335=CARTESIAN_POINT('Ctrl Pts',(-109.551574689605,6.38653669960605,10.214466300364));
#12336=CARTESIAN_POINT('Ctrl Pts',(-109.982976657803,6.5745171409564,10.4673421219158));
#12337=CARTESIAN_POINT('Ctrl Pts',(-109.555377742026,6.5745171409564,10.2081912638692));
#12338=CARTESIAN_POINT('',(-109.883983756539,5.49402559814024,10.6306804090022));
#12339=CARTESIAN_POINT('Ctrl Pts',(-109.883983756539,5.49402559814024,10.6306804090022));
#12340=CARTESIAN_POINT('Ctrl Pts',(-109.912853314002,5.66632098028507,10.5830456391879));
#12341=CARTESIAN_POINT('Ctrl Pts',(-109.971709127535,6.01757627392824,10.4859335468586));
#12342=CARTESIAN_POINT('Ctrl Pts',(-109.979173605382,6.38653669960605,10.4736171584107));
#12343=CARTESIAN_POINT('Ctrl Pts',(-109.982976657803,6.5745171409564,10.4673421219158));
#12344=CARTESIAN_POINT('',(-109.456384840762,5.49402559814024,10.3715295509556));
#12345=CARTESIAN_POINT('',(-109.883983756539,5.49402559814024,10.6306804090022));
#12346=CARTESIAN_POINT('Ctrl Pts',(-109.456384840762,5.49402559814024,10.3715295509555));
#12347=CARTESIAN_POINT('Ctrl Pts',(-109.485254398225,5.66632098028507,10.3238947811412));
#12348=CARTESIAN_POINT('Ctrl Pts',(-109.544110211758,6.01757627392824,10.2267826888119));
#12349=CARTESIAN_POINT('Ctrl Pts',(-109.551574689605,6.38653669960605,10.214466300364));
#12350=CARTESIAN_POINT('Ctrl Pts',(-109.555377742026,6.5745171409564,10.2081912638691));
#12351=CARTESIAN_POINT('Ctrl Pts',(-109.544577581775,4.44081986960936,11.1907005973635));
#12352=CARTESIAN_POINT('Ctrl Pts',(-109.116978665998,4.44081986960936,10.9315497393169));
#12353=CARTESIAN_POINT('Ctrl Pts',(-109.617416597552,4.6142277181567,11.0705162213302));
#12354=CARTESIAN_POINT('Ctrl Pts',(-109.189817681775,4.6142277181567,10.8113653632835));
#12355=CARTESIAN_POINT('Ctrl Pts',(-109.753482169476,4.93815903211969,10.846008027656));
#12356=CARTESIAN_POINT('Ctrl Pts',(-109.325883253699,4.93815903211969,10.5868571696093));
#12357=CARTESIAN_POINT('Ctrl Pts',(-109.842581389062,5.31767378240832,10.6989943153389));
#12358=CARTESIAN_POINT('Ctrl Pts',(-109.414982473285,5.31767378240832,10.4398434572922));
#12359=CARTESIAN_POINT('Ctrl Pts',(-109.883983756539,5.49402559814024,10.6306804090022));
#12360=CARTESIAN_POINT('Ctrl Pts',(-109.456384840762,5.49402559814024,10.3715295509556));
#12361=CARTESIAN_POINT('',(-109.544577581775,4.44081986960936,11.1907005973635));
#12362=CARTESIAN_POINT('Ctrl Pts',(-109.544577581775,4.44081986960936,11.1907005973635));
#12363=CARTESIAN_POINT('Ctrl Pts',(-109.617416597552,4.6142277181567,11.0705162213302));
#12364=CARTESIAN_POINT('Ctrl Pts',(-109.753482169476,4.93815903211969,10.846008027656));
#12365=CARTESIAN_POINT('Ctrl Pts',(-109.842581389062,5.31767378240832,10.6989943153389));
#12366=CARTESIAN_POINT('Ctrl Pts',(-109.883983756539,5.49402559814024,10.6306804090022));
#12367=CARTESIAN_POINT('',(-109.116978665998,4.44081986960936,10.9315497393169));
#12368=CARTESIAN_POINT('',(-109.544577581775,4.44081986960936,11.1907005973635));
#12369=CARTESIAN_POINT('Ctrl Pts',(-109.116978665998,4.44081986960936,10.9315497393169));
#12370=CARTESIAN_POINT('Ctrl Pts',(-109.189817681775,4.6142277181567,10.8113653632835));
#12371=CARTESIAN_POINT('Ctrl Pts',(-109.325883253699,4.93815903211969,10.5868571696093));
#12372=CARTESIAN_POINT('Ctrl Pts',(-109.414982473285,5.31767378240832,10.4398434572922));
#12373=CARTESIAN_POINT('Ctrl Pts',(-109.456384840762,5.49402559814024,10.3715295509555));
#12374=CARTESIAN_POINT('Ctrl Pts',(-109.915095669996,4.24436772880125,10.579345751798));
#12375=CARTESIAN_POINT('Ctrl Pts',(-109.487496754219,4.24436772880125,10.3201948937513));
#12376=CARTESIAN_POINT('Ctrl Pts',(-109.858522168717,4.29104695755749,10.672692028909));
#12377=CARTESIAN_POINT('Ctrl Pts',(-109.43092325294,4.29104695755749,10.4135411708623));
#12378=CARTESIAN_POINT('Ctrl Pts',(-109.739727556222,4.38906530123824,10.8687031395246));
#12379=CARTESIAN_POINT('Ctrl Pts',(-109.312128640445,4.38906530123824,10.6095522814779));
#12380=CARTESIAN_POINT('Ctrl Pts',(-109.611657104011,4.42303010699365,11.0800193856733));
#12381=CARTESIAN_POINT('Ctrl Pts',(-109.184058188234,4.42303010699365,10.8208685276267));
#12382=CARTESIAN_POINT('Ctrl Pts',(-109.544577581775,4.44081986960936,11.1907005973635));
#12383=CARTESIAN_POINT('Ctrl Pts',(-109.116978665998,4.44081986960936,10.9315497393169));
#12384=CARTESIAN_POINT('Ctrl Pts',(-109.915095669996,4.24436772880125,10.579345751798));
#12385=CARTESIAN_POINT('Ctrl Pts',(-109.858522168717,4.29104695755749,10.672692028909));
#12386=CARTESIAN_POINT('Ctrl Pts',(-109.739727556222,4.38906530123824,10.8687031395246));
#12387=CARTESIAN_POINT('Ctrl Pts',(-109.611657104011,4.42303010699365,11.0800193856733));
#12388=CARTESIAN_POINT('Ctrl Pts',(-109.544577581775,4.44081986960936,11.1907005973635));
#12389=CARTESIAN_POINT('Ctrl Pts',(-109.487496754219,4.24436772880125,10.3201948937513));
#12390=CARTESIAN_POINT('Ctrl Pts',(-109.43092325294,4.29104695755749,10.4135411708623));
#12391=CARTESIAN_POINT('Ctrl Pts',(-109.312128640445,4.38906530123824,10.6095522814779));
#12392=CARTESIAN_POINT('Ctrl Pts',(-109.184058188234,4.42303010699365,10.8208685276267));
#12393=CARTESIAN_POINT('Ctrl Pts',(-109.116978665998,4.44081986960936,10.9315497393169));
#12394=CARTESIAN_POINT('Origin',(-104.177201968817,0.0479147088246457,19.0821812896646));
#12395=CARTESIAN_POINT('Ctrl Pts',(-109.442754864336,0.631816039653303,
11.3587080811373));
#12396=CARTESIAN_POINT('Ctrl Pts',(-109.015155948559,0.631816039653303,
11.0995572230906));
#12397=CARTESIAN_POINT('Ctrl Pts',(-109.453442075184,0.584263434757846,
11.3410741832382));
#12398=CARTESIAN_POINT('Ctrl Pts',(-109.025843159407,0.584263434757846,
11.0819233251915));
#12399=CARTESIAN_POINT('Ctrl Pts',(-109.477621917118,0.476675544305816,
11.3011774440463));
#12400=CARTESIAN_POINT('Ctrl Pts',(-109.050023001341,0.476675544305816,
11.0420265859996));
#12401=CARTESIAN_POINT('Ctrl Pts',(-109.478842717803,0.359092504611058,
11.2991631229162));
#12402=CARTESIAN_POINT('Ctrl Pts',(-109.051243802026,0.359092504611058,
11.0400122648695));
#12403=CARTESIAN_POINT('Ctrl Pts',(-109.479523938686,0.293479810328963,
11.2980391084594));
#12404=CARTESIAN_POINT('Ctrl Pts',(-109.051925022909,0.293479810328963,
11.0388882504127));
#12405=CARTESIAN_POINT('',(-109.442754864336,0.631816039653303,11.3587080811373));
#12406=CARTESIAN_POINT('',(-109.479523938686,0.293479810328963,11.2980391084594));
#12407=CARTESIAN_POINT('Ctrl Pts',(-109.442754864336,0.631816039653303,
11.3587080811373));
#12408=CARTESIAN_POINT('Ctrl Pts',(-109.453442075184,0.584263434757846,
11.3410741832382));
#12409=CARTESIAN_POINT('Ctrl Pts',(-109.477621917118,0.476675544305816,
11.3011774440463));
#12410=CARTESIAN_POINT('Ctrl Pts',(-109.478842717803,0.359092504611058,
11.2991631229162));
#12411=CARTESIAN_POINT('Ctrl Pts',(-109.479523938686,0.293479810328963,
11.2980391084594));
#12412=CARTESIAN_POINT('',(-109.015155948559,0.631816039653303,11.0995572230906));
#12413=CARTESIAN_POINT('',(-109.442754864336,0.631816039653303,11.3587080811373));
#12414=CARTESIAN_POINT('',(-109.051925022909,0.293479810328963,11.0388882504127));
#12415=CARTESIAN_POINT('Ctrl Pts',(-109.015155948559,0.631816039653303,
11.0995572230906));
#12416=CARTESIAN_POINT('Ctrl Pts',(-109.025843159407,0.584263434757846,
11.0819233251915));
#12417=CARTESIAN_POINT('Ctrl Pts',(-109.050023001341,0.476675544305816,
11.0420265859996));
#12418=CARTESIAN_POINT('Ctrl Pts',(-109.051243802026,0.359092504611058,
11.0400122648695));
#12419=CARTESIAN_POINT('Ctrl Pts',(-109.051925022909,0.293479810328963,
11.0388882504127));
#12420=CARTESIAN_POINT('',(-109.479523938686,0.293479810328963,11.2980391084594));
#12421=CARTESIAN_POINT('Ctrl Pts',(-109.343761963071,0.800983558269028,
11.5220463682237));
#12422=CARTESIAN_POINT('Ctrl Pts',(-108.916163047294,0.800983558269028,
11.262895510177));
#12423=CARTESIAN_POINT('Ctrl Pts',(-109.363477620888,0.780182062001857,
11.4895155328265));
#12424=CARTESIAN_POINT('Ctrl Pts',(-108.935878705111,0.780182062001857,
11.2303646747798));
#12425=CARTESIAN_POINT('Ctrl Pts',(-109.40313956229,0.73833574200028,11.4240733295125));
#12426=CARTESIAN_POINT('Ctrl Pts',(-108.975540646513,0.73833574200028,11.1649224714659));
#12427=CARTESIAN_POINT('Ctrl Pts',(-109.429498672777,0.667459982933212,
11.3805807972098));
#12428=CARTESIAN_POINT('Ctrl Pts',(-109.001899757,0.667459982933212,11.1214299391631));
#12429=CARTESIAN_POINT('Ctrl Pts',(-109.442754864336,0.631816039653303,
11.3587080811373));
#12430=CARTESIAN_POINT('Ctrl Pts',(-109.015155948559,0.631816039653303,
11.0995572230906));
#12431=CARTESIAN_POINT('',(-109.343761963071,0.800983558269028,11.5220463682237));
#12432=CARTESIAN_POINT('Ctrl Pts',(-109.343761963071,0.800983558269028,
11.5220463682237));
#12433=CARTESIAN_POINT('Ctrl Pts',(-109.363477620888,0.780182062001857,
11.4895155328265));
#12434=CARTESIAN_POINT('Ctrl Pts',(-109.40313956229,0.73833574200028,11.4240733295125));
#12435=CARTESIAN_POINT('Ctrl Pts',(-109.429498672777,0.667459982933212,
11.3805807972098));
#12436=CARTESIAN_POINT('Ctrl Pts',(-109.442754864336,0.631816039653303,
11.3587080811373));
#12437=CARTESIAN_POINT('',(-108.916163047294,0.800983558269028,11.262895510177));
#12438=CARTESIAN_POINT('',(-109.343761963071,0.800983558269028,11.5220463682237));
#12439=CARTESIAN_POINT('Ctrl Pts',(-108.916163047294,0.800983558269028,
11.262895510177));
#12440=CARTESIAN_POINT('Ctrl Pts',(-108.935878705111,0.780182062001857,
11.2303646747798));
#12441=CARTESIAN_POINT('Ctrl Pts',(-108.975540646513,0.73833574200028,11.1649224714659));
#12442=CARTESIAN_POINT('Ctrl Pts',(-109.001899757,0.667459982933212,11.1214299391631));
#12443=CARTESIAN_POINT('Ctrl Pts',(-109.015155948559,0.631816039653303,
11.0995572230906));
#12444=CARTESIAN_POINT('Ctrl Pts',(-109.063751034775,0.850096593471055,
11.9840643999134));
#12445=CARTESIAN_POINT('Ctrl Pts',(-108.636152118998,0.850096593471055,
11.7249135418667));
#12446=CARTESIAN_POINT('Ctrl Pts',(-109.123700064949,0.851485750915566,
11.8851485001265));
#12447=CARTESIAN_POINT('Ctrl Pts',(-108.696101149172,0.851485750915566,
11.6259976420798));
#12448=CARTESIAN_POINT('Ctrl Pts',(-109.218109990819,0.85367344687959,11.7293721224406));
#12449=CARTESIAN_POINT('Ctrl Pts',(-108.790511075042,0.85367344687959,11.4702212643939));
#12450=CARTESIAN_POINT('Ctrl Pts',(-109.310161808613,0.815073177110508,
11.5774866230803));
#12451=CARTESIAN_POINT('Ctrl Pts',(-108.882562892836,0.815073177110508,
11.3183357650337));
#12452=CARTESIAN_POINT('Ctrl Pts',(-109.343761963071,0.800983558269028,
11.5220463682237));
#12453=CARTESIAN_POINT('Ctrl Pts',(-108.916163047294,0.800983558269028,
11.262895510177));
#12454=CARTESIAN_POINT('',(-109.063751034775,0.850096593471055,11.9840643999134));
#12455=CARTESIAN_POINT('Ctrl Pts',(-109.063751034775,0.850096593471055,
11.9840643999134));
#12456=CARTESIAN_POINT('Ctrl Pts',(-109.123700064949,0.851485750915566,
11.8851485001265));
#12457=CARTESIAN_POINT('Ctrl Pts',(-109.218109990819,0.85367344687959,11.7293721224406));
#12458=CARTESIAN_POINT('Ctrl Pts',(-109.310161808613,0.815073177110508,
11.5774866230803));
#12459=CARTESIAN_POINT('Ctrl Pts',(-109.343761963071,0.800983558269028,
11.5220463682237));
#12460=CARTESIAN_POINT('',(-108.636152118998,0.850096593471055,11.7249135418667));
#12461=CARTESIAN_POINT('',(-109.063751034775,0.850096593471055,11.9840643999134));
#12462=CARTESIAN_POINT('Ctrl Pts',(-108.636152118998,0.850096593471055,
11.7249135418667));
#12463=CARTESIAN_POINT('Ctrl Pts',(-108.696101149172,0.851485750915566,
11.6259976420798));
#12464=CARTESIAN_POINT('Ctrl Pts',(-108.790511075042,0.85367344687959,11.4702212643939));
#12465=CARTESIAN_POINT('Ctrl Pts',(-108.882562892836,0.815073177110508,
11.3183357650337));
#12466=CARTESIAN_POINT('Ctrl Pts',(-108.916163047294,0.800983558269028,
11.262895510177));
#12467=CARTESIAN_POINT('Origin',(-107.307323678757,0.850096593471057,14.882169537342));
#12468=CARTESIAN_POINT('',(-107.307323678757,0.850096593471057,14.882169537342));
#12469=CARTESIAN_POINT('',(-101.153662547184,0.850096593471066,25.0357104044383));
#12470=CARTESIAN_POINT('',(-106.87972476298,0.850096593471057,14.6230186792954));
#12471=CARTESIAN_POINT('',(-107.307323678757,0.850096593471057,14.882169537342));
#12472=CARTESIAN_POINT('',(-106.87972476298,0.850096593471057,14.6230186792954));
#12473=CARTESIAN_POINT('Origin',(-107.307323678757,-0.137625088123792,14.882169537342));
#12474=CARTESIAN_POINT('',(-107.307323678757,-0.137625088123792,14.882169537342));
#12475=CARTESIAN_POINT('',(-107.307323678757,14.9876247098901,14.882169537342));
#12476=CARTESIAN_POINT('',(-106.87972476298,-0.137625088123792,14.6230186792954));
#12477=CARTESIAN_POINT('',(-107.307323678757,-0.137625088123792,14.882169537342));
#12478=CARTESIAN_POINT('',(-106.87972476298,-0.137625088123792,14.6230186792954));
#12479=CARTESIAN_POINT('Origin',(-106.911349602244,-0.137625088123792,15.5355267635886));
#12480=CARTESIAN_POINT('',(-106.911349602244,-0.137625088123792,15.5355267635886));
#12481=CARTESIAN_POINT('',(-100.955675508927,-0.137625088123785,25.3623890175616));
#12482=CARTESIAN_POINT('',(-106.483750686467,-0.137625088123792,15.276375905542));
#12483=CARTESIAN_POINT('',(-106.911349602244,-0.137625088123792,15.5355267635886));
#12484=CARTESIAN_POINT('',(-106.483750686467,-0.137625088123792,15.276375905542));
#12485=CARTESIAN_POINT('Origin',(-106.911349602244,0.850096593471057,15.5355267635886));
#12486=CARTESIAN_POINT('',(-106.911349602244,0.850096593471058,15.5355267635886));
#12487=CARTESIAN_POINT('',(-106.911349602244,15.4814855506876,15.5355267635886));
#12488=CARTESIAN_POINT('',(-106.483750686467,0.850096593471058,15.276375905542));
#12489=CARTESIAN_POINT('',(-106.911349602244,0.850096593471058,15.5355267635886));
#12490=CARTESIAN_POINT('',(-106.483750686467,0.850096593471057,15.276375905542));
#12491=CARTESIAN_POINT('Origin',(-105.862019164494,0.850096593471059,17.2669219858768));
#12492=CARTESIAN_POINT('',(-105.862019164494,0.850096593471057,17.2669219858768));
#12493=CARTESIAN_POINT('',(-100.431010290052,0.850096593471068,26.2280866287057));
#12494=CARTESIAN_POINT('',(-105.434420248717,0.850096593471057,17.0077711278301));
#12495=CARTESIAN_POINT('',(-105.862019164494,0.850096593471057,17.2669219858768));
#12496=CARTESIAN_POINT('',(-105.434420248717,0.850096593471059,17.0077711278301));
#12497=CARTESIAN_POINT('Origin',(-106.167484845355,1.82690466460753,16.7629036124566));
#12498=CARTESIAN_POINT('',(-106.167484845355,1.82690466460753,16.7629036124566));
#12499=CARTESIAN_POINT('',(-107.919715796094,7.43013095947275,13.8717225437358));
#12500=CARTESIAN_POINT('',(-105.739885929578,1.82690466460753,16.5037527544099));
#12501=CARTESIAN_POINT('',(-106.167484845355,1.82690466460753,16.7629036124566));
#12502=CARTESIAN_POINT('',(-105.739885929578,1.82690466460753,16.5037527544099));
#12503=CARTESIAN_POINT('Origin',(-106.911349602244,1.82690466460753,15.5355267635886));
#12504=CARTESIAN_POINT('',(-106.911349602244,1.82690466460753,15.5355267635886));
#12505=CARTESIAN_POINT('',(-100.955675508927,1.82690466460754,25.3623890175616));
#12506=CARTESIAN_POINT('',(-106.483750686467,1.82690466460753,15.276375905542));
#12507=CARTESIAN_POINT('',(-106.911349602244,1.82690466460753,15.5355267635886));
#12508=CARTESIAN_POINT('',(-106.483750686467,1.82690466460753,15.276375905542));
#12509=CARTESIAN_POINT('Origin',(-106.911349602244,2.54723156508971,15.5355267635886));
#12510=CARTESIAN_POINT('',(-106.911349602244,2.54723156508971,15.5355267635886));
#12511=CARTESIAN_POINT('',(-106.911349602244,16.3300530364969,15.5355267635886));
#12512=CARTESIAN_POINT('',(-106.483750686467,2.54723156508971,15.276375905542));
#12513=CARTESIAN_POINT('',(-106.911349602244,2.54723156508971,15.5355267635886));
#12514=CARTESIAN_POINT('',(-106.483750686467,2.54723156508971,15.276375905542));
#12515=CARTESIAN_POINT('Origin',(-107.307323678757,2.54723156508971,14.882169537342));
#12516=CARTESIAN_POINT('',(-107.307323678757,2.54723156508971,14.882169537342));
#12517=CARTESIAN_POINT('',(-101.153662547184,2.54723156508972,25.0357104044383));
#12518=CARTESIAN_POINT('',(-106.87972476298,2.54723156508971,14.6230186792954));
#12519=CARTESIAN_POINT('',(-107.307323678757,2.54723156508971,14.882169537342));
#12520=CARTESIAN_POINT('',(-106.87972476298,2.54723156508971,14.6230186792954));
#12521=CARTESIAN_POINT('Origin',(-107.307323678757,1.82690466460753,14.882169537342));
#12522=CARTESIAN_POINT('',(-107.307323678757,1.82690466460753,14.882169537342));
#12523=CARTESIAN_POINT('',(-107.307323678757,15.9698895862558,14.882169537342));
#12524=CARTESIAN_POINT('',(-106.87972476298,1.82690466460753,14.6230186792954));
#12525=CARTESIAN_POINT('',(-107.307323678757,1.82690466460753,14.882169537342));
#12526=CARTESIAN_POINT('',(-106.87972476298,1.82690466460753,14.6230186792954));
#12527=CARTESIAN_POINT('Origin',(-109.035467701764,1.82690466460753,12.0307318993807));
#12528=CARTESIAN_POINT('',(-109.035467701764,1.82690466460753,12.0307318993807));
#12529=CARTESIAN_POINT('',(-102.017734558687,1.82690466460754,23.6099915854576));
#12530=CARTESIAN_POINT('',(-108.607868785987,1.82690466460753,11.7715810413341));
#12531=CARTESIAN_POINT('',(-109.035467701764,1.82690466460753,12.0307318993807));
#12532=CARTESIAN_POINT('',(-108.607868785987,1.82690466460753,11.7715810413341));
#12533=CARTESIAN_POINT('Ctrl Pts',(-109.637913322146,1.70685018119383,11.0366966257508));
#12534=CARTESIAN_POINT('Ctrl Pts',(-109.210314406369,1.70685018119383,10.7775457677041));
#12535=CARTESIAN_POINT('Ctrl Pts',(-109.563958348005,1.74136266556645,11.1587223330825));
#12536=CARTESIAN_POINT('Ctrl Pts',(-109.136359432228,1.74136266556645,10.8995714750359));
#12537=CARTESIAN_POINT('Ctrl Pts',(-109.366503538934,1.83350867861797,11.4845227680501));
#12538=CARTESIAN_POINT('Ctrl Pts',(-108.938904623157,1.83350867861797,11.2253719100034));
#12539=CARTESIAN_POINT('Ctrl Pts',(-109.162846669511,1.82944581693361,11.8205566025977));
#12540=CARTESIAN_POINT('Ctrl Pts',(-108.735247753734,1.82944581693361,11.561405744551));
#12541=CARTESIAN_POINT('Ctrl Pts',(-109.035467701764,1.82690466460753,12.0307318993807));
#12542=CARTESIAN_POINT('Ctrl Pts',(-108.607868785987,1.82690466460753,11.7715810413341));
#12543=CARTESIAN_POINT('',(-109.637913322146,1.70685018119383,11.0366966257508));
#12544=CARTESIAN_POINT('Ctrl Pts',(-109.637913322146,1.70685018119383,11.0366966257508));
#12545=CARTESIAN_POINT('Ctrl Pts',(-109.563958348005,1.74136266556645,11.1587223330825));
#12546=CARTESIAN_POINT('Ctrl Pts',(-109.366503538934,1.83350867861797,11.4845227680501));
#12547=CARTESIAN_POINT('Ctrl Pts',(-109.162846669511,1.82944581693361,11.8205566025977));
#12548=CARTESIAN_POINT('Ctrl Pts',(-109.035467701764,1.82690466460753,12.0307318993807));
#12549=CARTESIAN_POINT('',(-109.210314406369,1.70685018119383,10.7775457677041));
#12550=CARTESIAN_POINT('',(-109.637913322146,1.70685018119383,11.0366966257508));
#12551=CARTESIAN_POINT('Ctrl Pts',(-109.210314406369,1.70685018119383,10.7775457677041));
#12552=CARTESIAN_POINT('Ctrl Pts',(-109.136359432228,1.74136266556645,10.8995714750359));
#12553=CARTESIAN_POINT('Ctrl Pts',(-108.938904623157,1.83350867861797,11.2253719100034));
#12554=CARTESIAN_POINT('Ctrl Pts',(-108.735247753734,1.82944581693361,11.561405744551));
#12555=CARTESIAN_POINT('Ctrl Pts',(-108.607868785987,1.82690466460753,11.7715810413341));
#12556=CARTESIAN_POINT('Ctrl Pts',(-109.867013509587,1.29211629447508,10.6586813164728));
#12557=CARTESIAN_POINT('Ctrl Pts',(-109.43941459381,1.29211629447508,10.3995304584261));
#12558=CARTESIAN_POINT('Ctrl Pts',(-109.836433481995,1.38229097816868,10.7091383620002));
#12559=CARTESIAN_POINT('Ctrl Pts',(-109.408834566218,1.38229097816868,10.4499875039535));
#12560=CARTESIAN_POINT('Ctrl Pts',(-109.777355522152,1.55650064249888,10.8066169957406));
#12561=CARTESIAN_POINT('Ctrl Pts',(-109.349756606375,1.55650064249888,10.5474661376939));
#12562=CARTESIAN_POINT('Ctrl Pts',(-109.683288987453,1.65792517609033,10.9618267779936));
#12563=CARTESIAN_POINT('Ctrl Pts',(-109.255690071676,1.65792517609033,10.7026759199469));
#12564=CARTESIAN_POINT('Ctrl Pts',(-109.637913322146,1.70685018119383,11.0366966257508));
#12565=CARTESIAN_POINT('Ctrl Pts',(-109.210314406369,1.70685018119383,10.7775457677041));
#12566=CARTESIAN_POINT('',(-109.867013509587,1.29211629447508,10.6586813164728));
#12567=CARTESIAN_POINT('Ctrl Pts',(-109.867013509587,1.29211629447508,10.6586813164728));
#12568=CARTESIAN_POINT('Ctrl Pts',(-109.836433481995,1.38229097816868,10.7091383620002));
#12569=CARTESIAN_POINT('Ctrl Pts',(-109.777355522152,1.55650064249888,10.8066169957406));
#12570=CARTESIAN_POINT('Ctrl Pts',(-109.683288987453,1.65792517609033,10.9618267779936));
#12571=CARTESIAN_POINT('Ctrl Pts',(-109.637913322146,1.70685018119383,11.0366966257508));
#12572=CARTESIAN_POINT('',(-109.43941459381,1.29211629447508,10.3995304584261));
#12573=CARTESIAN_POINT('',(-109.867013509587,1.29211629447508,10.6586813164728));
#12574=CARTESIAN_POINT('Ctrl Pts',(-109.43941459381,1.29211629447508,10.3995304584261));
#12575=CARTESIAN_POINT('Ctrl Pts',(-109.408834566218,1.38229097816868,10.4499875039535));
#12576=CARTESIAN_POINT('Ctrl Pts',(-109.349756606375,1.55650064249888,10.5474661376939));
#12577=CARTESIAN_POINT('Ctrl Pts',(-109.255690071676,1.65792517609033,10.7026759199469));
#12578=CARTESIAN_POINT('Ctrl Pts',(-109.210314406369,1.70685018119383,10.7775457677041));
#12579=CARTESIAN_POINT('Ctrl Pts',(-109.954693324793,0.462648521037581,
10.5140096213832));
#12580=CARTESIAN_POINT('Ctrl Pts',(-109.527094409016,0.462648521037581,
10.2548587633365));
#12581=CARTESIAN_POINT('Ctrl Pts',(-109.953091961104,0.623319738283157,
10.5166518714693));
#12582=CARTESIAN_POINT('Ctrl Pts',(-109.525493045327,0.623319738283157,
10.2575010134226));
#12583=CARTESIAN_POINT('Ctrl Pts',(-109.950224955525,0.910977863363105,
10.5213824306746));
#12584=CARTESIAN_POINT('Ctrl Pts',(-109.522626039748,0.910977863363105,
10.2622315726279));
#12585=CARTESIAN_POINT('Ctrl Pts',(-109.892497389478,1.17539093427101,10.6166329146528));
#12586=CARTESIAN_POINT('Ctrl Pts',(-109.464898473701,1.17539093427101,10.3574820566062));
#12587=CARTESIAN_POINT('Ctrl Pts',(-109.867013509587,1.29211629447508,10.6586813164728));
#12588=CARTESIAN_POINT('Ctrl Pts',(-109.43941459381,1.29211629447508,10.3995304584261));
#12589=CARTESIAN_POINT('',(-109.954693324793,0.462648521037581,10.5140096213832));
#12590=CARTESIAN_POINT('Ctrl Pts',(-109.954693324793,0.462648521037581,
10.5140096213832));
#12591=CARTESIAN_POINT('Ctrl Pts',(-109.953091961104,0.623319738283157,
10.5166518714693));
#12592=CARTESIAN_POINT('Ctrl Pts',(-109.950224955525,0.910977863363105,
10.5213824306746));
#12593=CARTESIAN_POINT('Ctrl Pts',(-109.892497389478,1.17539093427101,10.6166329146528));
#12594=CARTESIAN_POINT('Ctrl Pts',(-109.867013509587,1.29211629447508,10.6586813164728));
#12595=CARTESIAN_POINT('',(-109.527094409016,0.462648521037581,10.2548587633365));
#12596=CARTESIAN_POINT('',(-109.954693324793,0.462648521037581,10.5140096213832));
#12597=CARTESIAN_POINT('Ctrl Pts',(-109.527094409016,0.462648521037581,
10.2548587633365));
#12598=CARTESIAN_POINT('Ctrl Pts',(-109.525493045327,0.623319738283157,
10.2575010134226));
#12599=CARTESIAN_POINT('Ctrl Pts',(-109.522626039748,0.910977863363105,
10.2622315726279));
#12600=CARTESIAN_POINT('Ctrl Pts',(-109.464898473701,1.17539093427101,10.3574820566062));
#12601=CARTESIAN_POINT('Ctrl Pts',(-109.43941459381,1.29211629447508,10.3995304584261));
#12602=CARTESIAN_POINT('Ctrl Pts',(-109.909438509103,-0.279507984547136,
10.5886800672717));
#12603=CARTESIAN_POINT('Ctrl Pts',(-109.481839593326,-0.279507984547136,
10.329529209225));
#12604=CARTESIAN_POINT('Ctrl Pts',(-109.922620642651,-0.148951504419714,
10.5669295469182));
#12605=CARTESIAN_POINT('Ctrl Pts',(-109.495021726874,-0.148951504419714,
10.3077786888716));
#12606=CARTESIAN_POINT('Ctrl Pts',(-109.947383412926,0.0963001548567899,
10.5260709759641));
#12607=CARTESIAN_POINT('Ctrl Pts',(-109.519784497149,0.0963001548567899,
10.2669201179174));
#12608=CARTESIAN_POINT('Ctrl Pts',(-109.952364059575,0.345913528520718,
10.5178529089934));
#12609=CARTESIAN_POINT('Ctrl Pts',(-109.524765143798,0.345913528520718,
10.2587020509467));
#12610=CARTESIAN_POINT('Ctrl Pts',(-109.954693324793,0.462648521037581,
10.5140096213832));
#12611=CARTESIAN_POINT('Ctrl Pts',(-109.527094409016,0.462648521037581,
10.2548587633365));
#12612=CARTESIAN_POINT('',(-109.909438509103,-0.279507984547137,10.5886800672717));
#12613=CARTESIAN_POINT('Ctrl Pts',(-109.909438509103,-0.279507984547136,
10.5886800672717));
#12614=CARTESIAN_POINT('Ctrl Pts',(-109.922620642651,-0.148951504419714,
10.5669295469182));
#12615=CARTESIAN_POINT('Ctrl Pts',(-109.947383412926,0.0963001548567899,
10.5260709759641));
#12616=CARTESIAN_POINT('Ctrl Pts',(-109.952364059575,0.345913528520718,
10.5178529089934));
#12617=CARTESIAN_POINT('Ctrl Pts',(-109.954693324793,0.462648521037581,
10.5140096213832));
#12618=CARTESIAN_POINT('',(-109.481839593326,-0.279507984547137,10.329529209225));
#12619=CARTESIAN_POINT('',(-109.909438509103,-0.279507984547137,10.5886800672717));
#12620=CARTESIAN_POINT('Ctrl Pts',(-109.481839593326,-0.279507984547136,
10.329529209225));
#12621=CARTESIAN_POINT('Ctrl Pts',(-109.495021726874,-0.148951504419714,
10.3077786888716));
#12622=CARTESIAN_POINT('Ctrl Pts',(-109.519784497149,0.0963001548567899,
10.2669201179174));
#12623=CARTESIAN_POINT('Ctrl Pts',(-109.524765143798,0.345913528520718,
10.2587020509467));
#12624=CARTESIAN_POINT('Ctrl Pts',(-109.527094409016,0.462648521037581,
10.2548587633365));
#12625=CARTESIAN_POINT('Origin',(-109.459725111288,-0.137625088123796,11.3307071736667));
#12626=CARTESIAN_POINT('',(-109.459725111288,-0.137625088123796,11.3307071736667));
#12627=CARTESIAN_POINT('',(-101.169613549808,2.47787412922166,25.0093912501088));
#12628=CARTESIAN_POINT('',(-109.032126195511,-0.137625088123796,11.0715563156201));
#12629=CARTESIAN_POINT('',(-109.459725111288,-0.137625088123796,11.3307071736667));
#12630=CARTESIAN_POINT('',(-109.032126195511,-0.137625088123796,11.0715563156201));
#12631=CARTESIAN_POINT('Ctrl Pts',(-109.479523938686,0.293479810328963,
11.2980391084594));
#12632=CARTESIAN_POINT('Ctrl Pts',(-109.051925022909,0.293479810328963,
11.0388882504127));
#12633=CARTESIAN_POINT('Ctrl Pts',(-109.478359350414,0.230190017524121,
11.299960679108));
#12634=CARTESIAN_POINT('Ctrl Pts',(-109.050760434637,0.230190017524121,
11.0408098210613));
#12635=CARTESIAN_POINT('Ctrl Pts',(-109.475703295821,0.0858461760854401,
11.3043431691862));
#12636=CARTESIAN_POINT('Ctrl Pts',(-109.048104380044,0.0858461760854401,
11.0451923111395));
#12637=CARTESIAN_POINT('Ctrl Pts',(-109.465470935021,-0.0572638624191035,
11.3212265645064));
#12638=CARTESIAN_POINT('Ctrl Pts',(-109.037872019244,-0.0572638624191035,
11.0620757064597));
#12639=CARTESIAN_POINT('Ctrl Pts',(-109.459725111288,-0.137625088123796,
11.3307071736667));
#12640=CARTESIAN_POINT('Ctrl Pts',(-109.032126195511,-0.137625088123796,
11.0715563156201));
#12641=CARTESIAN_POINT('Ctrl Pts',(-109.479523938686,0.293479810328963,
11.2980391084594));
#12642=CARTESIAN_POINT('Ctrl Pts',(-109.478359350414,0.230190017524121,
11.299960679108));
#12643=CARTESIAN_POINT('Ctrl Pts',(-109.475703295821,0.0858461760854401,
11.3043431691862));
#12644=CARTESIAN_POINT('Ctrl Pts',(-109.465470935021,-0.0572638624191035,
11.3212265645064));
#12645=CARTESIAN_POINT('Ctrl Pts',(-109.459725111288,-0.137625088123796,
11.3307071736667));
#12646=CARTESIAN_POINT('Ctrl Pts',(-109.051925022909,0.293479810328963,
11.0388882504127));
#12647=CARTESIAN_POINT('Ctrl Pts',(-109.050760434637,0.230190017524121,
11.0408098210613));
#12648=CARTESIAN_POINT('Ctrl Pts',(-109.048104380044,0.0858461760854401,
11.0451923111395));
#12649=CARTESIAN_POINT('Ctrl Pts',(-109.037872019244,-0.0572638624191035,
11.0620757064597));
#12650=CARTESIAN_POINT('Ctrl Pts',(-109.032126195511,-0.137625088123796,
11.0715563156201));
#12651=CARTESIAN_POINT('Origin',(-104.177201968817,0.0479147088246457,19.0821812896646));
#12652=CARTESIAN_POINT('Origin',(-105.768682188395,9.74504912910033,17.42092799644));
#12653=CARTESIAN_POINT('',(-105.768682188395,9.74504912910033,17.42092799644));
#12654=CARTESIAN_POINT('',(-109.915095669996,9.74504912910032,10.579345751798));
#12655=CARTESIAN_POINT('',(-100.384341802003,9.74504912910034,26.3050896339873));
#12656=CARTESIAN_POINT('',(-105.341083272618,9.74504912910033,17.1617771383934));
#12657=CARTESIAN_POINT('',(-105.768682188395,9.74504912910033,17.42092799644));
#12658=CARTESIAN_POINT('',(-109.487496754219,9.74504912910032,10.3201948937513));
#12659=CARTESIAN_POINT('',(-105.341083272618,9.74504912910033,17.1617771383933));
#12660=CARTESIAN_POINT('',(-109.915095669996,9.74504912910032,10.579345751798));
#12661=CARTESIAN_POINT('Origin',(-105.768682188395,10.7273134094195,17.42092799644));
#12662=CARTESIAN_POINT('',(-105.768682188395,10.7273134094195,17.42092799644));
#12663=CARTESIAN_POINT('',(-105.768682188395,20.4200939586618,17.42092799644));
#12664=CARTESIAN_POINT('',(-105.341083272618,10.7273134094195,17.1617771383934));
#12665=CARTESIAN_POINT('',(-105.768682188395,10.7273134094195,17.42092799644));
#12666=CARTESIAN_POINT('',(-105.341083272618,10.7273134094195,17.1617771383933));
#12667=CARTESIAN_POINT('Origin',(-109.915095669996,10.7273134094195,10.579345751798));
#12668=CARTESIAN_POINT('',(-109.915095669996,10.7273134094195,10.579345751798));
#12669=CARTESIAN_POINT('',(-102.457548542803,10.7273134094195,22.8842985116663));
#12670=CARTESIAN_POINT('',(-109.487496754219,10.7273134094195,10.3201948937513));
#12671=CARTESIAN_POINT('',(-109.915095669996,10.7273134094195,10.579345751798));
#12672=CARTESIAN_POINT('',(-109.487496754219,10.7273134094195,10.3201948937513));
#12673=CARTESIAN_POINT('Origin',(-109.915095669996,9.74504912910032,10.579345751798));
#12674=CARTESIAN_POINT('',(-109.915095669996,19.9289618185022,10.579345751798));
#12675=CARTESIAN_POINT('',(-109.487496754219,9.74504912910032,10.3201948937513));
#12676=CARTESIAN_POINT('Origin',(-104.177201968817,0.0479147088246457,19.0821812896646));
#12677=CARTESIAN_POINT('Origin',(-100.440002711352,-18.2440355915112,26.2132491335611));
#12678=CARTESIAN_POINT('',(-100.440002711352,-18.2440355915112,26.2132491335611));
#12679=CARTESIAN_POINT('',(-103.443748470172,-18.2440355915112,21.2570686315081));
#12680=CARTESIAN_POINT('',(-97.7200020634811,-18.2440355915112,30.7012502025478));
#12681=CARTESIAN_POINT('',(-100.012403795575,-18.2440355915112,25.9540982755144));
#12682=CARTESIAN_POINT('',(-100.440002711352,-18.2440355915112,26.2132491335611));
#12683=CARTESIAN_POINT('',(-103.016149554395,-18.2440355915112,20.9979177734614));
#12684=CARTESIAN_POINT('',(-100.012403795575,-18.2440355915112,25.9540982755144));
#12685=CARTESIAN_POINT('',(-103.443748470172,-18.2440355915112,21.2570686315081));
#12686=CARTESIAN_POINT('Origin',(-100.440002711352,-17.2617725032849,26.2132491335611));
#12687=CARTESIAN_POINT('',(-100.440002711352,-17.2617725032849,26.2132491335611));
#12688=CARTESIAN_POINT('',(-100.440002711352,6.42555100230957,26.2132491335611));
#12689=CARTESIAN_POINT('',(-100.012403795575,-17.2617725032849,25.9540982755144));
#12690=CARTESIAN_POINT('',(-100.440002711352,-17.2617725032849,26.2132491335611));
#12691=CARTESIAN_POINT('',(-100.012403795575,-17.2617725032849,25.9540982755144));
#12692=CARTESIAN_POINT('Origin',(-103.443748470172,-17.2617725032849,21.2570686315081));
#12693=CARTESIAN_POINT('',(-103.443748470172,-17.2617725032849,21.2570686315081));
#12694=CARTESIAN_POINT('',(-99.2218749428911,-17.2617725032849,28.2231599515213));
#12695=CARTESIAN_POINT('',(-103.016149554395,-17.2617725032849,20.9979177734614));
#12696=CARTESIAN_POINT('',(-103.443748470172,-17.2617725032849,21.2570686315081));
#12697=CARTESIAN_POINT('',(-103.016149554395,-17.2617725032849,20.9979177734614));
#12698=CARTESIAN_POINT('Origin',(-103.443748470172,-18.2440355915112,21.2570686315081));
#12699=CARTESIAN_POINT('',(-103.443748470172,5.93441945819641,21.2570686315081));
#12700=CARTESIAN_POINT('',(-103.016149554395,-18.2440355915112,20.9979177734614));
#12701=CARTESIAN_POINT('Origin',(-104.177201968817,0.0479147088246457,19.0821812896646));
#12702=CARTESIAN_POINT('Ctrl Pts',(-107.262070098795,-3.48823820534181,
14.95683794428));
#12703=CARTESIAN_POINT('Ctrl Pts',(-106.834471183018,-3.48823820534181,
14.6976870862333));
#12704=CARTESIAN_POINT('Ctrl Pts',(-107.271374356068,-3.27250037365627,
14.9414859197793));
#12705=CARTESIAN_POINT('Ctrl Pts',(-106.843775440291,-3.27250037365627,
14.6823350617326));
#12706=CARTESIAN_POINT('Ctrl Pts',(-107.289762559141,-2.84613307284827,
14.9111453847087));
#12707=CARTESIAN_POINT('Ctrl Pts',(-106.862163643364,-2.84613307284827,
14.6519945266621));
#12708=CARTESIAN_POINT('Ctrl Pts',(-107.428358092494,-2.51252536964101,
14.6824627546757));
#12709=CARTESIAN_POINT('Ctrl Pts',(-107.000759176717,-2.51252536964101,
14.423311896629));
#12710=CARTESIAN_POINT('Ctrl Pts',(-107.496825593538,-2.34772001686525,
14.569491377954));
#12711=CARTESIAN_POINT('Ctrl Pts',(-107.069226677761,-2.34772001686525,
14.3103405199073));
#12712=CARTESIAN_POINT('',(-107.262070098795,-3.48823820534181,14.95683794428));
#12713=CARTESIAN_POINT('',(-107.496825593538,-2.34772001686525,14.569491377954));
#12714=CARTESIAN_POINT('Ctrl Pts',(-107.262070098795,-3.48823820534181,
14.95683794428));
#12715=CARTESIAN_POINT('Ctrl Pts',(-107.271374356068,-3.27250037365627,
14.9414859197793));
#12716=CARTESIAN_POINT('Ctrl Pts',(-107.289762559141,-2.84613307284827,
14.9111453847087));
#12717=CARTESIAN_POINT('Ctrl Pts',(-107.428358092494,-2.51252536964101,
14.6824627546757));
#12718=CARTESIAN_POINT('Ctrl Pts',(-107.496825593538,-2.34772001686525,
14.569491377954));
#12719=CARTESIAN_POINT('',(-106.834471183018,-3.48823820534181,14.6976870862333));
#12720=CARTESIAN_POINT('',(-107.262070098795,-3.48823820534181,14.95683794428));
#12721=CARTESIAN_POINT('',(-107.069226677761,-2.34772001686525,14.3103405199073));
#12722=CARTESIAN_POINT('Ctrl Pts',(-106.834471183018,-3.48823820534181,
14.6976870862333));
#12723=CARTESIAN_POINT('Ctrl Pts',(-106.843775440291,-3.27250037365627,
14.6823350617326));
#12724=CARTESIAN_POINT('Ctrl Pts',(-106.862163643364,-2.84613307284827,
14.6519945266621));
#12725=CARTESIAN_POINT('Ctrl Pts',(-107.000759176717,-2.51252536964101,
14.423311896629));
#12726=CARTESIAN_POINT('Ctrl Pts',(-107.069226677761,-2.34772001686525,
14.3103405199073));
#12727=CARTESIAN_POINT('',(-107.496825593538,-2.34772001686525,14.569491377954));
#12728=CARTESIAN_POINT('Ctrl Pts',(-107.556222075733,-4.70515524330568,
14.4714871823319));
#12729=CARTESIAN_POINT('Ctrl Pts',(-107.128623159956,-4.70515524330568,
14.2123363242852));
#12730=CARTESIAN_POINT('Ctrl Pts',(-107.470428289352,-4.53658483242939,
14.61304692986));
#12731=CARTESIAN_POINT('Ctrl Pts',(-107.042829373575,-4.53658483242939,
14.3538960718133));
#12732=CARTESIAN_POINT('Ctrl Pts',(-107.29808991918,-4.19796881959945,14.8974052406454));
#12733=CARTESIAN_POINT('Ctrl Pts',(-106.870491003403,-4.19796881959945,
14.6382543825987));
#12734=CARTESIAN_POINT('Ctrl Pts',(-107.274111526458,-3.72550118335857,
14.9369695886354));
#12735=CARTESIAN_POINT('Ctrl Pts',(-106.846512610681,-3.72550118335857,
14.6778187305887));
#12736=CARTESIAN_POINT('Ctrl Pts',(-107.262070098795,-3.48823820534181,
14.95683794428));
#12737=CARTESIAN_POINT('Ctrl Pts',(-106.834471183018,-3.48823820534181,
14.6976870862333));
#12738=CARTESIAN_POINT('',(-107.556222075733,-4.70515524330568,14.4714871823319));
#12739=CARTESIAN_POINT('Ctrl Pts',(-107.556222075733,-4.70515524330568,
14.4714871823319));
#12740=CARTESIAN_POINT('Ctrl Pts',(-107.470428289352,-4.53658483242939,
14.61304692986));
#12741=CARTESIAN_POINT('Ctrl Pts',(-107.29808991918,-4.19796881959945,14.8974052406454));
#12742=CARTESIAN_POINT('Ctrl Pts',(-107.274111526458,-3.72550118335857,
14.9369695886354));
#12743=CARTESIAN_POINT('Ctrl Pts',(-107.262070098795,-3.48823820534181,
14.95683794428));
#12744=CARTESIAN_POINT('',(-107.128623159956,-4.70515524330568,14.2123363242852));
#12745=CARTESIAN_POINT('',(-107.556222075733,-4.70515524330568,14.4714871823319));
#12746=CARTESIAN_POINT('Ctrl Pts',(-107.128623159956,-4.70515524330568,
14.2123363242852));
#12747=CARTESIAN_POINT('Ctrl Pts',(-107.042829373575,-4.53658483242939,
14.3538960718133));
#12748=CARTESIAN_POINT('Ctrl Pts',(-106.870491003403,-4.19796881959945,
14.6382543825987));
#12749=CARTESIAN_POINT('Ctrl Pts',(-106.846512610681,-3.72550118335857,
14.6778187305887));
#12750=CARTESIAN_POINT('Ctrl Pts',(-106.834471183018,-3.48823820534181,
14.6976870862333));
#12751=CARTESIAN_POINT('Ctrl Pts',(-108.124727202211,-5.07623230400514,
13.533453723643));
#12752=CARTESIAN_POINT('Ctrl Pts',(-107.697128286434,-5.07623230400514,
13.2743028655963));
#12753=CARTESIAN_POINT('Ctrl Pts',(-108.011035206986,-5.05139018510935,
13.7210455157641));
#12754=CARTESIAN_POINT('Ctrl Pts',(-107.583436291209,-5.05139018510935,
13.4618946577174));
#12755=CARTESIAN_POINT('Ctrl Pts',(-107.806878273278,-5.00678114459982,
14.0579044563837));
#12756=CARTESIAN_POINT('Ctrl Pts',(-107.3792793575,-5.00678114459982,13.798753598337));
#12757=CARTESIAN_POINT('Ctrl Pts',(-107.633187160921,-4.79777079965477,
14.3444947917722));
#12758=CARTESIAN_POINT('Ctrl Pts',(-107.205588245144,-4.79777079965477,
14.0853439337255));
#12759=CARTESIAN_POINT('Ctrl Pts',(-107.556222075733,-4.70515524330568,
14.4714871823319));
#12760=CARTESIAN_POINT('Ctrl Pts',(-107.128623159956,-4.70515524330568,
14.2123363242852));
#12761=CARTESIAN_POINT('',(-108.124727202211,-5.07623230400514,13.533453723643));
#12762=CARTESIAN_POINT('Ctrl Pts',(-108.124727202211,-5.07623230400514,
13.533453723643));
#12763=CARTESIAN_POINT('Ctrl Pts',(-108.011035206986,-5.05139018510935,
13.7210455157641));
#12764=CARTESIAN_POINT('Ctrl Pts',(-107.806878273278,-5.00678114459982,
14.0579044563837));
#12765=CARTESIAN_POINT('Ctrl Pts',(-107.633187160921,-4.79777079965477,
14.3444947917722));
#12766=CARTESIAN_POINT('Ctrl Pts',(-107.556222075733,-4.70515524330568,
14.4714871823319));
#12767=CARTESIAN_POINT('',(-107.697128286434,-5.07623230400514,13.2743028655963));
#12768=CARTESIAN_POINT('',(-108.124727202211,-5.07623230400514,13.533453723643));
#12769=CARTESIAN_POINT('Ctrl Pts',(-107.697128286434,-5.07623230400514,
13.2743028655963));
#12770=CARTESIAN_POINT('Ctrl Pts',(-107.583436291209,-5.05139018510935,
13.4618946577174));
#12771=CARTESIAN_POINT('Ctrl Pts',(-107.3792793575,-5.00678114459982,13.798753598337));
#12772=CARTESIAN_POINT('Ctrl Pts',(-107.205588245144,-4.79777079965477,
14.0853439337255));
#12773=CARTESIAN_POINT('Ctrl Pts',(-107.128623159956,-4.70515524330568,
14.2123363242852));
#12774=CARTESIAN_POINT('Origin',(-108.124727202211,-1.84021746101808,13.533453723643));
#12775=CARTESIAN_POINT('',(-108.124727202211,-1.84021746101808,13.533453723643));
#12776=CARTESIAN_POINT('',(-108.124727202211,14.136328523443,13.533453723643));
#12777=CARTESIAN_POINT('',(-107.697128286434,-1.84021746101808,13.2743028655963));
#12778=CARTESIAN_POINT('',(-108.124727202211,-1.84021746101808,13.533453723643));
#12779=CARTESIAN_POINT('',(-107.697128286434,-1.84021746101808,13.2743028655963));
#12780=CARTESIAN_POINT('Ctrl Pts',(-107.496825593538,-2.34772001686525,
14.569491377954));
#12781=CARTESIAN_POINT('Ctrl Pts',(-107.069226677761,-2.34772001686525,
14.3103405199073));
#12782=CARTESIAN_POINT('Ctrl Pts',(-107.584423706951,-2.21170401279854,
14.4249544908228));
#12783=CARTESIAN_POINT('Ctrl Pts',(-107.156824791174,-2.21170401279854,
14.1658036327761));
#12784=CARTESIAN_POINT('Ctrl Pts',(-107.767966759134,-1.92671165897379,
14.1221084547209));
#12785=CARTESIAN_POINT('Ctrl Pts',(-107.340367843357,-1.92671165897379,
13.8629575966742));
#12786=CARTESIAN_POINT('Ctrl Pts',(-108.002255539833,-1.86990990146438,
13.7355319665665));
#12787=CARTESIAN_POINT('Ctrl Pts',(-107.574656624056,-1.86990990146438,
13.4763811085198));
#12788=CARTESIAN_POINT('Ctrl Pts',(-108.124727202211,-1.84021746101808,
13.533453723643));
#12789=CARTESIAN_POINT('Ctrl Pts',(-107.697128286434,-1.84021746101808,
13.2743028655963));
#12790=CARTESIAN_POINT('Ctrl Pts',(-107.496825593538,-2.34772001686525,
14.569491377954));
#12791=CARTESIAN_POINT('Ctrl Pts',(-107.584423706951,-2.21170401279854,
14.4249544908228));
#12792=CARTESIAN_POINT('Ctrl Pts',(-107.767966759134,-1.92671165897379,
14.1221084547209));
#12793=CARTESIAN_POINT('Ctrl Pts',(-108.002255539833,-1.86990990146438,
13.7355319665665));
#12794=CARTESIAN_POINT('Ctrl Pts',(-108.124727202211,-1.84021746101808,
13.533453723643));
#12795=CARTESIAN_POINT('Ctrl Pts',(-107.069226677761,-2.34772001686525,
14.3103405199073));
#12796=CARTESIAN_POINT('Ctrl Pts',(-107.156824791174,-2.21170401279854,
14.1658036327761));
#12797=CARTESIAN_POINT('Ctrl Pts',(-107.340367843357,-1.92671165897379,
13.8629575966742));
#12798=CARTESIAN_POINT('Ctrl Pts',(-107.574656624056,-1.86990990146438,
13.4763811085198));
#12799=CARTESIAN_POINT('Ctrl Pts',(-107.697128286434,-1.84021746101808,
13.2743028655963));
#12800=CARTESIAN_POINT('Ctrl Pts',(-109.564376409173,-3.53735243263673,
11.1580325321562));
#12801=CARTESIAN_POINT('Ctrl Pts',(-109.136777493396,-3.53735243263673,
10.8988816741095));
#12802=CARTESIAN_POINT('Ctrl Pts',(-109.559131256263,-3.70849212692294,
11.1666870344577));
#12803=CARTESIAN_POINT('Ctrl Pts',(-109.131532340486,-3.70849212692294,
10.907536176411));
#12804=CARTESIAN_POINT('Ctrl Pts',(-109.548987913183,-4.03945075931014,
11.1834235505397));
#12805=CARTESIAN_POINT('Ctrl Pts',(-109.121388997406,-4.03945075931014,
10.924272692493));
#12806=CARTESIAN_POINT('Ctrl Pts',(-109.460183498968,-4.32277327568187,
11.3299508339944));
#12807=CARTESIAN_POINT('Ctrl Pts',(-109.032584583191,-4.32277327568187,
11.0707999759478));
#12808=CARTESIAN_POINT('Ctrl Pts',(-109.417300111772,-4.45958887520265,
11.4007084228678));
#12809=CARTESIAN_POINT('Ctrl Pts',(-108.989701195995,-4.45958887520265,
11.1415575648212));
#12810=CARTESIAN_POINT('',(-109.564376409173,-3.53735243263673,11.1580325321562));
#12811=CARTESIAN_POINT('',(-109.417300111772,-4.45958887520265,11.4007084228678));
#12812=CARTESIAN_POINT('Ctrl Pts',(-109.564376409173,-3.53735243263673,
11.1580325321562));
#12813=CARTESIAN_POINT('Ctrl Pts',(-109.559131256263,-3.70849212692294,
11.1666870344577));
#12814=CARTESIAN_POINT('Ctrl Pts',(-109.548987913183,-4.03945075931014,
11.1834235505397));
#12815=CARTESIAN_POINT('Ctrl Pts',(-109.460183498968,-4.32277327568187,
11.3299508339944));
#12816=CARTESIAN_POINT('Ctrl Pts',(-109.417300111772,-4.45958887520265,
11.4007084228678));
#12817=CARTESIAN_POINT('',(-109.136777493396,-3.53735243263673,10.8988816741095));
#12818=CARTESIAN_POINT('',(-109.564376409173,-3.53735243263673,11.1580325321562));
#12819=CARTESIAN_POINT('',(-108.989701195995,-4.45958887520265,11.1415575648212));
#12820=CARTESIAN_POINT('Ctrl Pts',(-109.136777493396,-3.53735243263673,
10.8988816741095));
#12821=CARTESIAN_POINT('Ctrl Pts',(-109.131532340486,-3.70849212692294,
10.907536176411));
#12822=CARTESIAN_POINT('Ctrl Pts',(-109.121388997406,-4.03945075931014,
10.924272692493));
#12823=CARTESIAN_POINT('Ctrl Pts',(-109.032584583191,-4.32277327568187,
11.0707999759478));
#12824=CARTESIAN_POINT('Ctrl Pts',(-108.989701195995,-4.45958887520265,
11.1415575648212));
#12825=CARTESIAN_POINT('',(-109.417300111772,-4.45958887520265,11.4007084228678));
#12826=CARTESIAN_POINT('Ctrl Pts',(-109.301335727828,-2.3258927959485,11.5920496563753));
#12827=CARTESIAN_POINT('Ctrl Pts',(-108.873736812051,-2.3258927959485,11.3328987983286));
#12828=CARTESIAN_POINT('Ctrl Pts',(-109.378053919778,-2.49888743195665,
11.4654646396571));
#12829=CARTESIAN_POINT('Ctrl Pts',(-108.950455004001,-2.49888743195665,
11.2063137816104));
#12830=CARTESIAN_POINT('Ctrl Pts',(-109.532920849243,-2.84810249309477,
11.2099342060409));
#12831=CARTESIAN_POINT('Ctrl Pts',(-109.105321933466,-2.84810249309477,
10.9507833479942));
#12832=CARTESIAN_POINT('Ctrl Pts',(-109.553826851162,-3.30619195615358,
11.1754393028748));
#12833=CARTESIAN_POINT('Ctrl Pts',(-109.126227935385,-3.30619195615358,
10.9162884448282));
#12834=CARTESIAN_POINT('Ctrl Pts',(-109.564376409173,-3.53735243263673,
11.1580325321562));
#12835=CARTESIAN_POINT('Ctrl Pts',(-109.136777493396,-3.53735243263673,
10.8988816741095));
#12836=CARTESIAN_POINT('',(-109.301335727828,-2.3258927959485,11.5920496563753));
#12837=CARTESIAN_POINT('Ctrl Pts',(-109.301335727828,-2.3258927959485,11.5920496563753));
#12838=CARTESIAN_POINT('Ctrl Pts',(-109.378053919778,-2.49888743195665,
11.4654646396571));
#12839=CARTESIAN_POINT('Ctrl Pts',(-109.532920849243,-2.84810249309477,
11.2099342060409));
#12840=CARTESIAN_POINT('Ctrl Pts',(-109.553826851162,-3.30619195615358,
11.1754393028748));
#12841=CARTESIAN_POINT('Ctrl Pts',(-109.564376409173,-3.53735243263673,
11.1580325321562));
#12842=CARTESIAN_POINT('',(-108.873736812051,-2.3258927959485,11.3328987983286));
#12843=CARTESIAN_POINT('',(-109.301335727828,-2.3258927959485,11.5920496563753));
#12844=CARTESIAN_POINT('Ctrl Pts',(-108.873736812051,-2.3258927959485,11.3328987983286));
#12845=CARTESIAN_POINT('Ctrl Pts',(-108.950455004001,-2.49888743195665,
11.2063137816104));
#12846=CARTESIAN_POINT('Ctrl Pts',(-109.105321933466,-2.84810249309477,
10.9507833479942));
#12847=CARTESIAN_POINT('Ctrl Pts',(-109.126227935385,-3.30619195615358,
10.9162884448282));
#12848=CARTESIAN_POINT('Ctrl Pts',(-109.136777493396,-3.53735243263673,
10.8988816741095));
#12849=CARTESIAN_POINT('Ctrl Pts',(-108.543328686569,-1.78564583244752,
12.8427612744522));
#12850=CARTESIAN_POINT('Ctrl Pts',(-108.115729770792,-1.78564583244752,
12.5836104164055));
#12851=CARTESIAN_POINT('Ctrl Pts',(-108.694148595662,-1.81403020310894,
12.5939084244486));
#12852=CARTESIAN_POINT('Ctrl Pts',(-108.266549679885,-1.81403020310894,
12.3347575664019));
#12853=CARTESIAN_POINT('Ctrl Pts',(-108.972417987611,-1.86640062033232,
12.1347639277332));
#12854=CARTESIAN_POINT('Ctrl Pts',(-108.544819071834,-1.86640062033232,
11.8756130696865));
#12855=CARTESIAN_POINT('Ctrl Pts',(-109.198011977083,-2.18155137188554,
11.762533845104));
#12856=CARTESIAN_POINT('Ctrl Pts',(-108.770413061306,-2.18155137188554,
11.5033829870573));
#12857=CARTESIAN_POINT('Ctrl Pts',(-109.301335727828,-2.3258927959485,11.5920496563753));
#12858=CARTESIAN_POINT('Ctrl Pts',(-108.873736812051,-2.3258927959485,11.3328987983286));
#12859=CARTESIAN_POINT('',(-108.543328686569,-1.78564583244752,12.8427612744522));
#12860=CARTESIAN_POINT('Ctrl Pts',(-108.543328686569,-1.78564583244752,
12.8427612744522));
#12861=CARTESIAN_POINT('Ctrl Pts',(-108.694148595662,-1.81403020310894,
12.5939084244486));
#12862=CARTESIAN_POINT('Ctrl Pts',(-108.972417987611,-1.86640062033232,
12.1347639277332));
#12863=CARTESIAN_POINT('Ctrl Pts',(-109.198011977083,-2.18155137188554,
11.762533845104));
#12864=CARTESIAN_POINT('Ctrl Pts',(-109.301335727828,-2.3258927959485,11.5920496563753));
#12865=CARTESIAN_POINT('',(-108.115729770792,-1.78564583244752,12.5836104164055));
#12866=CARTESIAN_POINT('',(-108.543328686569,-1.78564583244752,12.8427612744522));
#12867=CARTESIAN_POINT('Ctrl Pts',(-108.115729770792,-1.78564583244752,
12.5836104164055));
#12868=CARTESIAN_POINT('Ctrl Pts',(-108.266549679885,-1.81403020310894,
12.3347575664019));
#12869=CARTESIAN_POINT('Ctrl Pts',(-108.544819071834,-1.86640062033232,
11.8756130696865));
#12870=CARTESIAN_POINT('Ctrl Pts',(-108.770413061306,-2.18155137188554,
11.5033829870573));
#12871=CARTESIAN_POINT('Ctrl Pts',(-108.873736812051,-2.3258927959485,11.3328987983286));
#12872=CARTESIAN_POINT('Origin',(-108.543328686569,-6.10760961952638,12.8427612744522));
#12873=CARTESIAN_POINT('',(-108.543328686569,-6.10760961952638,12.8427612744522));
#12874=CARTESIAN_POINT('',(-108.543328686569,12.0026324441888,12.8427612744522));
#12875=CARTESIAN_POINT('',(-108.115729770792,-6.10760961952638,12.5836104164055));
#12876=CARTESIAN_POINT('',(-108.543328686569,-6.10760961952638,12.8427612744522));
#12877=CARTESIAN_POINT('',(-108.115729770792,-6.10760961952638,12.5836104164055));
#12878=CARTESIAN_POINT('Ctrl Pts',(-108.407566093091,-6.11306702080202,
13.0667695536918));
#12879=CARTESIAN_POINT('Ctrl Pts',(-107.979967177314,-6.11306702080202,
12.8076186956451));
#12880=CARTESIAN_POINT('Ctrl Pts',(-108.426423162699,-6.11272071529647,
13.035655388838));
#12881=CARTESIAN_POINT('Ctrl Pts',(-107.998824246922,-6.11272071529647,
12.7765045307913));
#12882=CARTESIAN_POINT('Ctrl Pts',(-108.471687417702,-6.11188944824187,
12.9609693680836));
#12883=CARTESIAN_POINT('Ctrl Pts',(-108.044088501925,-6.11188944824187,
12.701818510037));
#12884=CARTESIAN_POINT('Ctrl Pts',(-108.516932617809,-6.10918651305217,
12.8863147879067));
#12885=CARTESIAN_POINT('Ctrl Pts',(-108.089333702032,-6.10918651305217,
12.62716392986));
#12886=CARTESIAN_POINT('Ctrl Pts',(-108.543328686569,-6.10760961952638,
12.8427612744522));
#12887=CARTESIAN_POINT('Ctrl Pts',(-108.115729770792,-6.10760961952638,
12.5836104164055));
#12888=CARTESIAN_POINT('',(-108.407566093091,-6.11306702080202,13.0667695536918));
#12889=CARTESIAN_POINT('Ctrl Pts',(-108.407566093091,-6.11306702080202,
13.0667695536918));
#12890=CARTESIAN_POINT('Ctrl Pts',(-108.426423162699,-6.11272071529647,
13.035655388838));
#12891=CARTESIAN_POINT('Ctrl Pts',(-108.471687417702,-6.11188944824187,
12.9609693680836));
#12892=CARTESIAN_POINT('Ctrl Pts',(-108.516932617809,-6.10918651305217,
12.8863147879067));
#12893=CARTESIAN_POINT('Ctrl Pts',(-108.543328686569,-6.10760961952638,
12.8427612744522));
#12894=CARTESIAN_POINT('',(-107.979967177314,-6.11306702080202,12.8076186956451));
#12895=CARTESIAN_POINT('',(-108.407566093091,-6.11306702080202,13.0667695536918));
#12896=CARTESIAN_POINT('Ctrl Pts',(-107.979967177314,-6.11306702080202,
12.8076186956451));
#12897=CARTESIAN_POINT('Ctrl Pts',(-107.998824246922,-6.11272071529647,
12.7765045307913));
#12898=CARTESIAN_POINT('Ctrl Pts',(-108.044088501925,-6.11188944824187,
12.701818510037));
#12899=CARTESIAN_POINT('Ctrl Pts',(-108.089333702032,-6.10918651305217,
12.62716392986));
#12900=CARTESIAN_POINT('Ctrl Pts',(-108.115729770792,-6.10760961952638,
12.5836104164055));
#12901=CARTESIAN_POINT('Ctrl Pts',(-107.253584357455,-5.37637030067873,
14.9708394174905));
#12902=CARTESIAN_POINT('Ctrl Pts',(-106.825985441678,-5.37637030067873,
14.7116885594438));
#12903=CARTESIAN_POINT('Ctrl Pts',(-107.412632470664,-5.5908931740564,14.7084100306961));
#12904=CARTESIAN_POINT('Ctrl Pts',(-106.985033554887,-5.5908931740564,14.4492591726494));
#12905=CARTESIAN_POINT('Ctrl Pts',(-107.757674481051,-6.05628318724684,
14.1390907135583));
#12906=CARTESIAN_POINT('Ctrl Pts',(-107.330075565273,-6.05628318724684,
13.8799398555116));
#12907=CARTESIAN_POINT('Ctrl Pts',(-108.179943305357,-6.09317863595048,
13.4423471534525));
#12908=CARTESIAN_POINT('Ctrl Pts',(-107.75234438958,-6.09317863595048,13.1831962954058));
#12909=CARTESIAN_POINT('Ctrl Pts',(-108.407566093091,-6.11306702080202,
13.0667695536918));
#12910=CARTESIAN_POINT('Ctrl Pts',(-107.979967177314,-6.11306702080202,
12.8076186956451));
#12911=CARTESIAN_POINT('',(-107.253584357455,-5.37637030067873,14.9708394174905));
#12912=CARTESIAN_POINT('Ctrl Pts',(-107.253584357455,-5.37637030067873,
14.9708394174905));
#12913=CARTESIAN_POINT('Ctrl Pts',(-107.412632470664,-5.5908931740564,14.7084100306961));
#12914=CARTESIAN_POINT('Ctrl Pts',(-107.757674481051,-6.05628318724684,
14.1390907135583));
#12915=CARTESIAN_POINT('Ctrl Pts',(-108.179943305357,-6.09317863595048,
13.4423471534525));
#12916=CARTESIAN_POINT('Ctrl Pts',(-108.407566093091,-6.11306702080202,
13.0667695536918));
#12917=CARTESIAN_POINT('',(-106.825985441678,-5.37637030067873,14.7116885594438));
#12918=CARTESIAN_POINT('',(-107.253584357455,-5.37637030067873,14.9708394174905));
#12919=CARTESIAN_POINT('Ctrl Pts',(-106.825985441678,-5.37637030067873,
14.7116885594438));
#12920=CARTESIAN_POINT('Ctrl Pts',(-106.985033554887,-5.5908931740564,14.4492591726494));
#12921=CARTESIAN_POINT('Ctrl Pts',(-107.330075565273,-6.05628318724684,
13.8799398555116));
#12922=CARTESIAN_POINT('Ctrl Pts',(-107.75234438958,-6.09317863595048,13.1831962954058));
#12923=CARTESIAN_POINT('Ctrl Pts',(-107.979967177314,-6.11306702080202,
12.8076186956451));
#12924=CARTESIAN_POINT('Ctrl Pts',(-106.843468614437,-3.47732340279054,
15.6475303934708));
#12925=CARTESIAN_POINT('Ctrl Pts',(-106.41586969866,-3.47732340279054,15.3883795354241));
#12926=CARTESIAN_POINT('Ctrl Pts',(-106.859107165993,-3.84439273081149,
15.6217267834027));
#12927=CARTESIAN_POINT('Ctrl Pts',(-106.431508250216,-3.84439273081149,
15.3625759253561));
#12928=CARTESIAN_POINT('Ctrl Pts',(-106.889754286124,-4.56374437611864,
15.5711590351864));
#12929=CARTESIAN_POINT('Ctrl Pts',(-106.462155370347,-4.56374437611864,
15.3120081771397));
#12930=CARTESIAN_POINT('Ctrl Pts',(-107.13398111129,-5.10923268299993,15.1681847736628));
#12931=CARTESIAN_POINT('Ctrl Pts',(-106.706382195513,-5.10923268299993,
14.9090339156161));
#12932=CARTESIAN_POINT('Ctrl Pts',(-107.253584357455,-5.37637030067873,
14.9708394174905));
#12933=CARTESIAN_POINT('Ctrl Pts',(-106.825985441678,-5.37637030067873,
14.7116885594438));
#12934=CARTESIAN_POINT('',(-106.843468614437,-3.47732340279054,15.6475303934708));
#12935=CARTESIAN_POINT('Ctrl Pts',(-106.843468614437,-3.47732340279054,
15.6475303934708));
#12936=CARTESIAN_POINT('Ctrl Pts',(-106.859107165993,-3.84439273081149,
15.6217267834027));
#12937=CARTESIAN_POINT('Ctrl Pts',(-106.889754286124,-4.56374437611864,
15.5711590351864));
#12938=CARTESIAN_POINT('Ctrl Pts',(-107.13398111129,-5.10923268299993,15.1681847736628));
#12939=CARTESIAN_POINT('Ctrl Pts',(-107.253584357455,-5.37637030067873,
14.9708394174905));
#12940=CARTESIAN_POINT('',(-106.41586969866,-3.47732340279054,15.3883795354241));
#12941=CARTESIAN_POINT('',(-106.843468614437,-3.47732340279054,15.6475303934708));
#12942=CARTESIAN_POINT('Ctrl Pts',(-106.41586969866,-3.47732340279054,15.3883795354241));
#12943=CARTESIAN_POINT('Ctrl Pts',(-106.431508250216,-3.84439273081149,
15.3625759253561));
#12944=CARTESIAN_POINT('Ctrl Pts',(-106.462155370347,-4.56374437611864,
15.3120081771397));
#12945=CARTESIAN_POINT('Ctrl Pts',(-106.706382195513,-5.10923268299993,
14.9090339156161));
#12946=CARTESIAN_POINT('Ctrl Pts',(-106.825985441678,-5.37637030067873,
14.7116885594438));
#12947=CARTESIAN_POINT('Ctrl Pts',(-107.262070098795,-1.52370964470338,
14.95683794428));
#12948=CARTESIAN_POINT('Ctrl Pts',(-106.834471183018,-1.52370964470338,
14.6976870862333));
#12949=CARTESIAN_POINT('Ctrl Pts',(-107.139997006201,-1.79792237941242,
15.1582585470599));
#12950=CARTESIAN_POINT('Ctrl Pts',(-106.712398090424,-1.79792237941242,
14.8991076890132));
#12951=CARTESIAN_POINT('Ctrl Pts',(-106.889921041775,-2.35966790935114,
15.5708838883636));
#12952=CARTESIAN_POINT('Ctrl Pts',(-106.462322125998,-2.35966790935114,
15.3117330303169));
#12953=CARTESIAN_POINT('Ctrl Pts',(-106.859195609795,-3.09892847781854,
15.62158085113));
#12954=CARTESIAN_POINT('Ctrl Pts',(-106.431596694018,-3.09892847781854,
15.3624299930834));
#12955=CARTESIAN_POINT('Ctrl Pts',(-106.843468614437,-3.47732340279054,
15.6475303934708));
#12956=CARTESIAN_POINT('Ctrl Pts',(-106.41586969866,-3.47732340279054,15.3883795354241));
#12957=CARTESIAN_POINT('',(-107.262070098795,-1.52370964470338,14.95683794428));
#12958=CARTESIAN_POINT('Ctrl Pts',(-107.262070098795,-1.52370964470338,
14.95683794428));
#12959=CARTESIAN_POINT('Ctrl Pts',(-107.139997006201,-1.79792237941242,
15.1582585470599));
#12960=CARTESIAN_POINT('Ctrl Pts',(-106.889921041775,-2.35966790935114,
15.5708838883636));
#12961=CARTESIAN_POINT('Ctrl Pts',(-106.859195609795,-3.09892847781854,
15.62158085113));
#12962=CARTESIAN_POINT('Ctrl Pts',(-106.843468614437,-3.47732340279054,
15.6475303934708));
#12963=CARTESIAN_POINT('',(-106.834471183018,-1.52370964470338,14.6976870862333));
#12964=CARTESIAN_POINT('',(-107.262070098795,-1.52370964470338,14.95683794428));
#12965=CARTESIAN_POINT('Ctrl Pts',(-106.834471183018,-1.52370964470338,
14.6976870862333));
#12966=CARTESIAN_POINT('Ctrl Pts',(-106.712398090424,-1.79792237941242,
14.8991076890132));
#12967=CARTESIAN_POINT('Ctrl Pts',(-106.462322125998,-2.35966790935114,
15.3117330303169));
#12968=CARTESIAN_POINT('Ctrl Pts',(-106.431596694018,-3.09892847781854,
15.3624299930834));
#12969=CARTESIAN_POINT('Ctrl Pts',(-106.41586969866,-3.47732340279054,15.3883795354241));
#12970=CARTESIAN_POINT('Ctrl Pts',(-108.438678006548,-0.770639528660293,
13.0154348964875));
#12971=CARTESIAN_POINT('Ctrl Pts',(-108.011079090771,-0.770639528660293,
12.7562840384408));
#12972=CARTESIAN_POINT('Ctrl Pts',(-108.206648103412,-0.791069041890069,
13.3982842366613));
#12973=CARTESIAN_POINT('Ctrl Pts',(-107.779049187635,-0.791069041890069,
13.1391333786146));
#12974=CARTESIAN_POINT('Ctrl Pts',(-107.775955920122,-0.828990152650275,
14.1089263390899));
#12975=CARTESIAN_POINT('Ctrl Pts',(-107.348357004345,-0.828990152650275,
13.8497754810432));
#12976=CARTESIAN_POINT('Ctrl Pts',(-107.42428350147,-1.30441421363004,14.6891858298665));
#12977=CARTESIAN_POINT('Ctrl Pts',(-106.996684585693,-1.30441421363004,
14.4300349718199));
#12978=CARTESIAN_POINT('Ctrl Pts',(-107.262070098795,-1.52370964470338,
14.95683794428));
#12979=CARTESIAN_POINT('Ctrl Pts',(-106.834471183018,-1.52370964470338,
14.6976870862333));
#12980=CARTESIAN_POINT('',(-108.438678006548,-0.770639528660293,13.0154348964875));
#12981=CARTESIAN_POINT('Ctrl Pts',(-108.438678006548,-0.770639528660293,
13.0154348964875));
#12982=CARTESIAN_POINT('Ctrl Pts',(-108.206648103412,-0.791069041890069,
13.3982842366613));
#12983=CARTESIAN_POINT('Ctrl Pts',(-107.775955920122,-0.828990152650275,
14.1089263390899));
#12984=CARTESIAN_POINT('Ctrl Pts',(-107.42428350147,-1.30441421363004,14.6891858298665));
#12985=CARTESIAN_POINT('Ctrl Pts',(-107.262070098795,-1.52370964470338,
14.95683794428));
#12986=CARTESIAN_POINT('',(-108.011079090771,-0.770639528660293,12.7562840384408));
#12987=CARTESIAN_POINT('',(-108.438678006548,-0.770639528660293,13.0154348964875));
#12988=CARTESIAN_POINT('Ctrl Pts',(-108.011079090771,-0.770639528660293,
12.7562840384408));
#12989=CARTESIAN_POINT('Ctrl Pts',(-107.779049187635,-0.791069041890069,
13.1391333786146));
#12990=CARTESIAN_POINT('Ctrl Pts',(-107.348357004345,-0.828990152650275,
13.8497754810432));
#12991=CARTESIAN_POINT('Ctrl Pts',(-106.996684585693,-1.30441421363004,
14.4300349718199));
#12992=CARTESIAN_POINT('Ctrl Pts',(-106.834471183018,-1.52370964470338,
14.6976870862333));
#12993=CARTESIAN_POINT('Ctrl Pts',(-109.578518075678,-1.51279484215211,
11.1346987824225));
#12994=CARTESIAN_POINT('Ctrl Pts',(-109.150919159901,-1.51279484215211,
10.8755479243758));
#12995=CARTESIAN_POINT('Ctrl Pts',(-109.421261255914,-1.29664925315537,
11.3941725350333));
#12996=CARTESIAN_POINT('Ctrl Pts',(-108.993662340137,-1.29664925315537,
11.1350216769866));
#12997=CARTESIAN_POINT('Ctrl Pts',(-109.081560951304,-0.82973963020631,
11.9546780376393));
#12998=CARTESIAN_POINT('Ctrl Pts',(-108.653962035527,-0.82973963020631,
11.6955271795926));
#12999=CARTESIAN_POINT('Ctrl Pts',(-108.663309242537,-0.791289833611792,
12.6447933571062));
#13000=CARTESIAN_POINT('Ctrl Pts',(-108.23571032676,-0.791289833611792,
12.3856424990595));
#13001=CARTESIAN_POINT('Ctrl Pts',(-108.438678006548,-0.770639528660293,
13.0154348964875));
#13002=CARTESIAN_POINT('Ctrl Pts',(-108.011079090771,-0.770639528660293,
12.7562840384408));
#13003=CARTESIAN_POINT('',(-109.578518075678,-1.51279484215211,11.1346987824225));
#13004=CARTESIAN_POINT('Ctrl Pts',(-109.578518075678,-1.51279484215211,
11.1346987824225));
#13005=CARTESIAN_POINT('Ctrl Pts',(-109.421261255914,-1.29664925315537,
11.3941725350333));
#13006=CARTESIAN_POINT('Ctrl Pts',(-109.081560951304,-0.82973963020631,
11.9546780376393));
#13007=CARTESIAN_POINT('Ctrl Pts',(-108.663309242537,-0.791289833611792,
12.6447933571062));
#13008=CARTESIAN_POINT('Ctrl Pts',(-108.438678006548,-0.770639528660293,
13.0154348964875));
#13009=CARTESIAN_POINT('',(-109.150919159901,-1.51279484215211,10.8755479243758));
#13010=CARTESIAN_POINT('',(-109.578518075678,-1.51279484215211,11.1346987824225));
#13011=CARTESIAN_POINT('Ctrl Pts',(-109.150919159901,-1.51279484215211,
10.8755479243758));
#13012=CARTESIAN_POINT('Ctrl Pts',(-108.993662340137,-1.29664925315537,
11.1350216769866));
#13013=CARTESIAN_POINT('Ctrl Pts',(-108.653962035527,-0.82973963020631,
11.6955271795926));
#13014=CARTESIAN_POINT('Ctrl Pts',(-108.23571032676,-0.791289833611792,
12.3856424990595));
#13015=CARTESIAN_POINT('Ctrl Pts',(-108.011079090771,-0.770639528660293,
12.7562840384408));
#13016=CARTESIAN_POINT('Ctrl Pts',(-109.982976657803,-3.5318950313611,10.4673421219158));
#13017=CARTESIAN_POINT('Ctrl Pts',(-109.555377742026,-3.5318950313611,10.2081912638692));
#13018=CARTESIAN_POINT('Ctrl Pts',(-109.969436234774,-3.13624957091951,
10.489683819914));
#13019=CARTESIAN_POINT('Ctrl Pts',(-109.541837318997,-3.13624957091951,
10.2305329618673));
#13020=CARTESIAN_POINT('Ctrl Pts',(-109.943542131361,-2.37963477052179,
10.5324090905453));
#13021=CARTESIAN_POINT('Ctrl Pts',(-109.515943215584,-2.37963477052179,
10.2732582324987));
#13022=CARTESIAN_POINT('Ctrl Pts',(-109.696417469281,-1.79277612095959,
10.9401647829775));
#13023=CARTESIAN_POINT('Ctrl Pts',(-109.268818553504,-1.79277612095959,
10.6810139249308));
#13024=CARTESIAN_POINT('Ctrl Pts',(-109.578518075678,-1.51279484215211,
11.1346987824225));
#13025=CARTESIAN_POINT('Ctrl Pts',(-109.150919159901,-1.51279484215211,
10.8755479243758));
#13026=CARTESIAN_POINT('',(-109.982976657803,-3.5318950313611,10.4673421219158));
#13027=CARTESIAN_POINT('Ctrl Pts',(-109.982976657803,-3.5318950313611,10.4673421219158));
#13028=CARTESIAN_POINT('Ctrl Pts',(-109.969436234774,-3.13624957091951,
10.489683819914));
#13029=CARTESIAN_POINT('Ctrl Pts',(-109.943542131361,-2.37963477052179,
10.5324090905453));
#13030=CARTESIAN_POINT('Ctrl Pts',(-109.696417469281,-1.79277612095959,
10.9401647829775));
#13031=CARTESIAN_POINT('Ctrl Pts',(-109.578518075678,-1.51279484215211,
11.1346987824225));
#13032=CARTESIAN_POINT('',(-109.555377742026,-3.5318950313611,10.2081912638692));
#13033=CARTESIAN_POINT('',(-109.982976657803,-3.5318950313611,10.4673421219158));
#13034=CARTESIAN_POINT('Ctrl Pts',(-109.555377742026,-3.5318950313611,10.2081912638692));
#13035=CARTESIAN_POINT('Ctrl Pts',(-109.541837318997,-3.13624957091951,
10.2305329618673));
#13036=CARTESIAN_POINT('Ctrl Pts',(-109.515943215584,-2.37963477052179,
10.2732582324987));
#13037=CARTESIAN_POINT('Ctrl Pts',(-109.268818553504,-1.79277612095959,
10.6810139249308));
#13038=CARTESIAN_POINT('Ctrl Pts',(-109.150919159901,-1.51279484215211,
10.8755479243758));
#13039=CARTESIAN_POINT('Ctrl Pts',(-109.728421717798,-5.1908305782361,10.8873577729244));
#13040=CARTESIAN_POINT('Ctrl Pts',(-109.300822802021,-5.1908305782361,10.6282069148778));
#13041=CARTESIAN_POINT('Ctrl Pts',(-109.802599644832,-4.95058853137455,
10.7649641933185));
#13042=CARTESIAN_POINT('Ctrl Pts',(-109.375000729055,-4.95058853137455,
10.5058133352719));
#13043=CARTESIAN_POINT('Ctrl Pts',(-109.960076296551,-4.44056466504981,
10.5051277179828));
#13044=CARTESIAN_POINT('Ctrl Pts',(-109.532477380774,-4.44056466504981,
10.2459768599361));
#13045=CARTESIAN_POINT('Ctrl Pts',(-109.975054041647,-3.8462586626288,10.480414438574));
#13046=CARTESIAN_POINT('Ctrl Pts',(-109.54745512587,-3.8462586626288,10.2212635805273));
#13047=CARTESIAN_POINT('Ctrl Pts',(-109.982976657803,-3.5318950313611,10.4673421219158));
#13048=CARTESIAN_POINT('Ctrl Pts',(-109.555377742026,-3.5318950313611,10.2081912638692));
#13049=CARTESIAN_POINT('',(-109.728421717798,-5.1908305782361,10.8873577729244));
#13050=CARTESIAN_POINT('Ctrl Pts',(-109.728421717798,-5.1908305782361,10.8873577729244));
#13051=CARTESIAN_POINT('Ctrl Pts',(-109.802599644832,-4.95058853137455,
10.7649641933185));
#13052=CARTESIAN_POINT('Ctrl Pts',(-109.960076296551,-4.44056466504981,
10.5051277179828));
#13053=CARTESIAN_POINT('Ctrl Pts',(-109.975054041647,-3.8462586626288,10.480414438574));
#13054=CARTESIAN_POINT('Ctrl Pts',(-109.982976657803,-3.5318950313611,10.4673421219158));
#13055=CARTESIAN_POINT('',(-109.300822802021,-5.1908305782361,10.6282069148778));
#13056=CARTESIAN_POINT('',(-109.728421717798,-5.1908305782361,10.8873577729244));
#13057=CARTESIAN_POINT('Ctrl Pts',(-109.300822802021,-5.1908305782361,10.6282069148778));
#13058=CARTESIAN_POINT('Ctrl Pts',(-109.375000729055,-4.95058853137455,
10.5058133352719));
#13059=CARTESIAN_POINT('Ctrl Pts',(-109.532477380774,-4.44056466504981,
10.2459768599361));
#13060=CARTESIAN_POINT('Ctrl Pts',(-109.54745512587,-3.8462586626288,10.2212635805273));
#13061=CARTESIAN_POINT('Ctrl Pts',(-109.555377742026,-3.5318950313611,10.2081912638692));
#13062=CARTESIAN_POINT('Ctrl Pts',(-109.012840293919,-6.080324997334,12.068067122325));
#13063=CARTESIAN_POINT('Ctrl Pts',(-108.585241378142,-6.080324997334,11.8089162642783));
#13064=CARTESIAN_POINT('Ctrl Pts',(-109.156373990642,-5.98707226503819,
11.8312365227319));
#13065=CARTESIAN_POINT('Ctrl Pts',(-108.728775074865,-5.98707226503819,
11.5720856646852));
#13066=CARTESIAN_POINT('Ctrl Pts',(-109.434137222808,-5.80661164204798,
11.3729271896591));
#13067=CARTESIAN_POINT('Ctrl Pts',(-109.006538307031,-5.80661164204798,
11.1137763316125));
#13068=CARTESIAN_POINT('Ctrl Pts',(-109.63254219234,-5.39145547417683,11.0455589899306));
#13069=CARTESIAN_POINT('Ctrl Pts',(-109.204943276563,-5.39145547417683,
10.786408131884));
#13070=CARTESIAN_POINT('Ctrl Pts',(-109.728421717798,-5.1908305782361,10.8873577729244));
#13071=CARTESIAN_POINT('Ctrl Pts',(-109.300822802021,-5.1908305782361,10.6282069148778));
#13072=CARTESIAN_POINT('',(-109.012840293919,-6.080324997334,12.068067122325));
#13073=CARTESIAN_POINT('Ctrl Pts',(-109.012840293919,-6.080324997334,12.068067122325));
#13074=CARTESIAN_POINT('Ctrl Pts',(-109.156373990642,-5.98707226503819,
11.8312365227319));
#13075=CARTESIAN_POINT('Ctrl Pts',(-109.434137222808,-5.80661164204798,
11.3729271896591));
#13076=CARTESIAN_POINT('Ctrl Pts',(-109.63254219234,-5.39145547417683,11.0455589899306));
#13077=CARTESIAN_POINT('Ctrl Pts',(-109.728421717798,-5.1908305782361,10.8873577729244));
#13078=CARTESIAN_POINT('',(-108.585241378142,-6.080324997334,11.8089162642783));
#13079=CARTESIAN_POINT('',(-109.012840293919,-6.080324997334,12.068067122325));
#13080=CARTESIAN_POINT('Ctrl Pts',(-108.585241378142,-6.080324997334,11.8089162642783));
#13081=CARTESIAN_POINT('Ctrl Pts',(-108.728775074865,-5.98707226503819,
11.5720856646852));
#13082=CARTESIAN_POINT('Ctrl Pts',(-109.006538307031,-5.80661164204798,
11.1137763316125));
#13083=CARTESIAN_POINT('Ctrl Pts',(-109.204943276563,-5.39145547417683,
10.786408131884));
#13084=CARTESIAN_POINT('Ctrl Pts',(-109.300822802021,-5.1908305782361,10.6282069148778));
#13085=CARTESIAN_POINT('Origin',(-108.947787886558,-5.06531988563966,12.1754035944703));
#13086=CARTESIAN_POINT('',(-108.947787886558,-5.06531988563966,12.1754035944703));
#13087=CARTESIAN_POINT('',(-107.732438318992,13.8976374225114,14.1807303809546));
#13088=CARTESIAN_POINT('',(-108.520188970781,-5.06531988563966,11.9162527364236));
#13089=CARTESIAN_POINT('',(-108.947787886558,-5.06531988563966,12.1754035944703));
#13090=CARTESIAN_POINT('',(-108.520188970781,-5.06531988563966,11.9162527364236));
#13091=CARTESIAN_POINT('Ctrl Pts',(-109.417300111772,-4.45958887520265,
11.4007084228678));
#13092=CARTESIAN_POINT('Ctrl Pts',(-108.989701195995,-4.45958887520265,
11.1415575648212));
#13093=CARTESIAN_POINT('Ctrl Pts',(-109.356947095115,-4.58295403479369,
11.5002909003515));
#13094=CARTESIAN_POINT('Ctrl Pts',(-108.929348179338,-4.58295403479369,
11.2411400423048));
#13095=CARTESIAN_POINT('Ctrl Pts',(-109.224767363399,-4.85313727667828,
11.7183874576828));
#13096=CARTESIAN_POINT('Ctrl Pts',(-108.797168447622,-4.85313727667828,
11.4592365996361));
#13097=CARTESIAN_POINT('Ctrl Pts',(-109.045306990855,-4.99061450237703,
12.0144970723805));
#13098=CARTESIAN_POINT('Ctrl Pts',(-108.617708075078,-4.99061450237703,
11.7553462143338));
#13099=CARTESIAN_POINT('Ctrl Pts',(-108.947787886558,-5.06531988563966,
12.1754035944703));
#13100=CARTESIAN_POINT('Ctrl Pts',(-108.520188970781,-5.06531988563966,
11.9162527364236));
#13101=CARTESIAN_POINT('Ctrl Pts',(-109.417300111772,-4.45958887520265,
11.4007084228678));
#13102=CARTESIAN_POINT('Ctrl Pts',(-109.356947095115,-4.58295403479369,
11.5002909003515));
#13103=CARTESIAN_POINT('Ctrl Pts',(-109.224767363399,-4.85313727667828,
11.7183874576828));
#13104=CARTESIAN_POINT('Ctrl Pts',(-109.045306990855,-4.99061450237703,
12.0144970723805));
#13105=CARTESIAN_POINT('Ctrl Pts',(-108.947787886558,-5.06531988563966,
12.1754035944703));
#13106=CARTESIAN_POINT('Ctrl Pts',(-108.989701195995,-4.45958887520265,
11.1415575648212));
#13107=CARTESIAN_POINT('Ctrl Pts',(-108.929348179338,-4.58295403479369,
11.2411400423048));
#13108=CARTESIAN_POINT('Ctrl Pts',(-108.797168447622,-4.85313727667828,
11.4592365996361));
#13109=CARTESIAN_POINT('Ctrl Pts',(-108.617708075078,-4.99061450237703,
11.7553462143338));
#13110=CARTESIAN_POINT('Ctrl Pts',(-108.520188970781,-5.06531988563966,
11.9162527364236));
#13111=CARTESIAN_POINT('Origin',(-104.177201968817,0.0479147088246457,19.0821812896646));
#13112=CARTESIAN_POINT('Ctrl Pts',(-100.793550861553,-7.01347624245118,
25.6298946857285));
#13113=CARTESIAN_POINT('Ctrl Pts',(-100.365951945776,-7.01347624245118,
25.3707438276818));
#13114=CARTESIAN_POINT('Ctrl Pts',(-100.805853485107,-6.80287615047645,
25.6095953568657));
#13115=CARTESIAN_POINT('Ctrl Pts',(-100.37825456933,-6.80287615047645,25.350444498819));
#13116=CARTESIAN_POINT('Ctrl Pts',(-100.830877186391,-6.37451273926897,
25.5683062497464));
#13117=CARTESIAN_POINT('Ctrl Pts',(-100.403278270614,-6.37451273926897,
25.3091553916998));
#13118=CARTESIAN_POINT('Ctrl Pts',(-100.989894411195,-6.07093964788792,
25.3059278288203));
#13119=CARTESIAN_POINT('Ctrl Pts',(-100.562295495418,-6.07093964788792,
25.0467769707737));
#13120=CARTESIAN_POINT('Ctrl Pts',(-101.07073259154,-5.9166148799939,25.1725448312509));
#13121=CARTESIAN_POINT('Ctrl Pts',(-100.643133675763,-5.9166148799939,24.9133939732042));
#13122=CARTESIAN_POINT('',(-100.793550861553,-7.01347624245118,25.6298946857285));
#13123=CARTESIAN_POINT('',(-101.07073259154,-5.9166148799939,25.1725448312509));
#13124=CARTESIAN_POINT('Ctrl Pts',(-100.793550861553,-7.01347624245118,
25.6298946857285));
#13125=CARTESIAN_POINT('Ctrl Pts',(-100.805853485107,-6.80287615047645,
25.6095953568657));
#13126=CARTESIAN_POINT('Ctrl Pts',(-100.830877186391,-6.37451273926897,
25.5683062497464));
#13127=CARTESIAN_POINT('Ctrl Pts',(-100.989894411195,-6.07093964788792,
25.3059278288203));
#13128=CARTESIAN_POINT('Ctrl Pts',(-101.07073259154,-5.9166148799939,25.1725448312509));
#13129=CARTESIAN_POINT('',(-100.365951945776,-7.01347624245118,25.3707438276818));
#13130=CARTESIAN_POINT('',(-100.793550861553,-7.01347624245118,25.6298946857285));
#13131=CARTESIAN_POINT('',(-100.643133675763,-5.9166148799939,24.9133939732042));
#13132=CARTESIAN_POINT('Ctrl Pts',(-100.365951945776,-7.01347624245118,
25.3707438276818));
#13133=CARTESIAN_POINT('Ctrl Pts',(-100.37825456933,-6.80287615047645,25.350444498819));
#13134=CARTESIAN_POINT('Ctrl Pts',(-100.403278270614,-6.37451273926897,
25.3091553916998));
#13135=CARTESIAN_POINT('Ctrl Pts',(-100.562295495418,-6.07093964788792,
25.0467769707736));
#13136=CARTESIAN_POINT('Ctrl Pts',(-100.643133675763,-5.9166148799939,24.9133939732042));
#13137=CARTESIAN_POINT('',(-101.07073259154,-5.9166148799939,25.1725448312509));
#13138=CARTESIAN_POINT('Ctrl Pts',(-101.082046295462,-8.14308201256226,
25.1538772197788));
#13139=CARTESIAN_POINT('Ctrl Pts',(-100.654447379685,-8.14308201256226,
24.8947263617321));
#13140=CARTESIAN_POINT('Ctrl Pts',(-100.997912347753,-7.98382762525502,
25.2926982334983));
#13141=CARTESIAN_POINT('Ctrl Pts',(-100.570313431976,-7.98382762525502,
25.0335473754517));
#13142=CARTESIAN_POINT('Ctrl Pts',(-100.833062402896,-7.67178857703728,
25.5647006425127));
#13143=CARTESIAN_POINT('Ctrl Pts',(-100.405463487119,-7.67178857703728,
25.305549784466));
#13144=CARTESIAN_POINT('Ctrl Pts',(-100.80653805934,-7.22985941060233,25.6084658093814));
#13145=CARTESIAN_POINT('Ctrl Pts',(-100.378939143563,-7.22985941060233,
25.3493149513347));
#13146=CARTESIAN_POINT('Ctrl Pts',(-100.793550861553,-7.01347624245118,
25.6298946857285));
#13147=CARTESIAN_POINT('Ctrl Pts',(-100.365951945776,-7.01347624245118,
25.3707438276818));
#13148=CARTESIAN_POINT('',(-101.082046295462,-8.14308201256226,25.1538772197788));
#13149=CARTESIAN_POINT('Ctrl Pts',(-101.082046295462,-8.14308201256226,
25.1538772197788));
#13150=CARTESIAN_POINT('Ctrl Pts',(-100.997912347753,-7.98382762525502,
25.2926982334983));
#13151=CARTESIAN_POINT('Ctrl Pts',(-100.833062402896,-7.67178857703728,
25.5647006425127));
#13152=CARTESIAN_POINT('Ctrl Pts',(-100.80653805934,-7.22985941060233,25.6084658093814));
#13153=CARTESIAN_POINT('Ctrl Pts',(-100.793550861553,-7.01347624245118,
25.6298946857285));
#13154=CARTESIAN_POINT('',(-100.654447379685,-8.14308201256226,24.8947263617321));
#13155=CARTESIAN_POINT('',(-101.082046295462,-8.14308201256226,25.1538772197788));
#13156=CARTESIAN_POINT('Ctrl Pts',(-100.654447379685,-8.14308201256226,
24.8947263617321));
#13157=CARTESIAN_POINT('Ctrl Pts',(-100.570313431976,-7.98382762525502,
25.0335473754517));
#13158=CARTESIAN_POINT('Ctrl Pts',(-100.405463487119,-7.67178857703728,
25.305549784466));
#13159=CARTESIAN_POINT('Ctrl Pts',(-100.378939143562,-7.22985941060233,
25.3493149513347));
#13160=CARTESIAN_POINT('Ctrl Pts',(-100.365951945776,-7.01347624245118,
25.3707438276818));
#13161=CARTESIAN_POINT('Ctrl Pts',(-101.987129634122,-8.60147034111451,
23.6604897109902));
#13162=CARTESIAN_POINT('Ctrl Pts',(-101.559530718345,-8.60147034111451,
23.4013388529435));
#13163=CARTESIAN_POINT('Ctrl Pts',(-101.804232573375,-8.59493065672672,
23.9622698612221));
#13164=CARTESIAN_POINT('Ctrl Pts',(-101.376633657598,-8.59493065672672,
23.7031190031754));
#13165=CARTESIAN_POINT('Ctrl Pts',(-101.48152794733,-8.58339199997524,24.4947324941964));
#13166=CARTESIAN_POINT('Ctrl Pts',(-101.053929031553,-8.58339199997524,
24.2355816361497));
#13167=CARTESIAN_POINT('Ctrl Pts',(-101.202801073767,-8.27617832541399,
24.9546318355754));
#13168=CARTESIAN_POINT('Ctrl Pts',(-100.77520215799,-8.27617832541399,24.6954809775287));
#13169=CARTESIAN_POINT('Ctrl Pts',(-101.082046295462,-8.14308201256226,
25.1538772197788));
#13170=CARTESIAN_POINT('Ctrl Pts',(-100.654447379685,-8.14308201256226,
24.8947263617321));
#13171=CARTESIAN_POINT('',(-101.987129634122,-8.60147034111451,23.6604897109902));
#13172=CARTESIAN_POINT('Ctrl Pts',(-101.987129634122,-8.60147034111451,
23.6604897109902));
#13173=CARTESIAN_POINT('Ctrl Pts',(-101.804232573375,-8.59493065672672,
23.9622698612221));
#13174=CARTESIAN_POINT('Ctrl Pts',(-101.48152794733,-8.58339199997524,24.4947324941964));
#13175=CARTESIAN_POINT('Ctrl Pts',(-101.202801073767,-8.27617832541399,
24.9546318355754));
#13176=CARTESIAN_POINT('Ctrl Pts',(-101.082046295462,-8.14308201256226,
25.1538772197788));
#13177=CARTESIAN_POINT('',(-101.559530718345,-8.60147034111451,23.4013388529435));
#13178=CARTESIAN_POINT('',(-101.987129634122,-8.60147034111451,23.6604897109902));
#13179=CARTESIAN_POINT('Ctrl Pts',(-101.559530718345,-8.60147034111451,
23.4013388529435));
#13180=CARTESIAN_POINT('Ctrl Pts',(-101.376633657598,-8.59493065672672,
23.7031190031754));
#13181=CARTESIAN_POINT('Ctrl Pts',(-101.053929031553,-8.58339199997524,
24.2355816361497));
#13182=CARTESIAN_POINT('Ctrl Pts',(-100.77520215799,-8.27617832541399,24.6954809775287));
#13183=CARTESIAN_POINT('Ctrl Pts',(-100.654447379685,-8.14308201256226,
24.8947263617321));
#13184=CARTESIAN_POINT('Ctrl Pts',(-102.82150371346,-8.14853702965211,22.283772480083));
#13185=CARTESIAN_POINT('Ctrl Pts',(-102.393904797683,-8.14853702965211,
22.0246216220363));
#13186=CARTESIAN_POINT('Ctrl Pts',(-102.709147604718,-8.28016984229311,
22.4691600595064));
#13187=CARTESIAN_POINT('Ctrl Pts',(-102.281548688941,-8.28016984229311,
22.2100092014597));
#13188=CARTESIAN_POINT('Ctrl Pts',(-102.454291572203,-8.57875099426033,
22.8896725131574));
#13189=CARTESIAN_POINT('Ctrl Pts',(-102.026692656426,-8.57875099426033,
22.6305216551107));
#13190=CARTESIAN_POINT('Ctrl Pts',(-102.154663402052,-8.59332272147103,
23.3840589939056));
#13191=CARTESIAN_POINT('Ctrl Pts',(-101.727064486275,-8.59332272147103,
23.1249081358589));
#13192=CARTESIAN_POINT('Ctrl Pts',(-101.987129634122,-8.60147034111451,
23.6604897109902));
#13193=CARTESIAN_POINT('Ctrl Pts',(-101.559530718345,-8.60147034111451,
23.4013388529435));
#13194=CARTESIAN_POINT('',(-102.82150371346,-8.14853702965211,22.283772480083));
#13195=CARTESIAN_POINT('Ctrl Pts',(-102.82150371346,-8.14853702965211,22.283772480083));
#13196=CARTESIAN_POINT('Ctrl Pts',(-102.709147604718,-8.28016984229311,
22.4691600595064));
#13197=CARTESIAN_POINT('Ctrl Pts',(-102.454291572203,-8.57875099426033,
22.8896725131574));
#13198=CARTESIAN_POINT('Ctrl Pts',(-102.154663402052,-8.59332272147103,
23.3840589939056));
#13199=CARTESIAN_POINT('Ctrl Pts',(-101.987129634122,-8.60147034111451,
23.6604897109902));
#13200=CARTESIAN_POINT('',(-102.393904797683,-8.14853702965211,22.0246216220363));
#13201=CARTESIAN_POINT('',(-102.82150371346,-8.14853702965211,22.283772480083));
#13202=CARTESIAN_POINT('Ctrl Pts',(-102.393904797683,-8.14853702965211,
22.0246216220363));
#13203=CARTESIAN_POINT('Ctrl Pts',(-102.281548688941,-8.28016984229311,
22.2100092014597));
#13204=CARTESIAN_POINT('Ctrl Pts',(-102.026692656426,-8.57875099426033,
22.6305216551107));
#13205=CARTESIAN_POINT('Ctrl Pts',(-101.727064486275,-8.59332272147103,
23.1249081358589));
#13206=CARTESIAN_POINT('Ctrl Pts',(-101.559530718345,-8.60147034111451,
23.4013388529435));
#13207=CARTESIAN_POINT('Ctrl Pts',(-103.093028591485,-7.05713306847047,
21.8357564313415));
#13208=CARTESIAN_POINT('Ctrl Pts',(-102.665429675708,-7.05713306847047,
21.5766055732948));
#13209=CARTESIAN_POINT('Ctrl Pts',(-103.080860064757,-7.26497989460522,
21.8558345004425));
#13210=CARTESIAN_POINT('Ctrl Pts',(-102.65326114898,-7.26497989460522,21.5966836423958));
#13211=CARTESIAN_POINT('Ctrl Pts',(-103.056040296716,-7.68891864479188,
21.8967871177094));
#13212=CARTESIAN_POINT('Ctrl Pts',(-102.628441380939,-7.68891864479188,
21.6376362596627));
#13213=CARTESIAN_POINT('Ctrl Pts',(-102.900689701845,-7.99335724669524,
22.1531155992472));
#13214=CARTESIAN_POINT('Ctrl Pts',(-102.473090786068,-7.99335724669524,
21.8939647412005));
#13215=CARTESIAN_POINT('Ctrl Pts',(-102.82150371346,-8.14853702965211,22.283772480083));
#13216=CARTESIAN_POINT('Ctrl Pts',(-102.393904797683,-8.14853702965211,
22.0246216220363));
#13217=CARTESIAN_POINT('',(-103.093028591485,-7.05713306847047,21.8357564313415));
#13218=CARTESIAN_POINT('Ctrl Pts',(-103.093028591485,-7.05713306847047,
21.8357564313415));
#13219=CARTESIAN_POINT('Ctrl Pts',(-103.080860064757,-7.26497989460522,
21.8558345004425));
#13220=CARTESIAN_POINT('Ctrl Pts',(-103.056040296716,-7.68891864479188,
21.8967871177094));
#13221=CARTESIAN_POINT('Ctrl Pts',(-102.900689701845,-7.99335724669524,
22.1531155992472));
#13222=CARTESIAN_POINT('Ctrl Pts',(-102.82150371346,-8.14853702965211,22.283772480083));
#13223=CARTESIAN_POINT('',(-102.665429675708,-7.05713306847047,21.5766055732948));
#13224=CARTESIAN_POINT('',(-103.093028591485,-7.05713306847047,21.8357564313415));
#13225=CARTESIAN_POINT('Ctrl Pts',(-102.665429675708,-7.05713306847047,
21.5766055732948));
#13226=CARTESIAN_POINT('Ctrl Pts',(-102.65326114898,-7.26497989460522,21.5966836423958));
#13227=CARTESIAN_POINT('Ctrl Pts',(-102.628441380939,-7.68891864479188,
21.6376362596627));
#13228=CARTESIAN_POINT('Ctrl Pts',(-102.473090786068,-7.99335724669524,
21.8939647412005));
#13229=CARTESIAN_POINT('Ctrl Pts',(-102.393904797683,-8.14853702965211,
22.0246216220363));
#13230=CARTESIAN_POINT('Ctrl Pts',(-102.807361738023,-5.94935690346192,
22.3071067395543));
#13231=CARTESIAN_POINT('Ctrl Pts',(-102.379762822246,-5.94935690346192,
22.0479558815077));
#13232=CARTESIAN_POINT('Ctrl Pts',(-102.890649212013,-6.1087303240476,22.1696824074706));
#13233=CARTESIAN_POINT('Ctrl Pts',(-102.463050296236,-6.1087303240476,21.9105315494239));
#13234=CARTESIAN_POINT('Ctrl Pts',(-103.051420519199,-6.41637170072532,
21.9044097506128));
#13235=CARTESIAN_POINT('Ctrl Pts',(-102.623821603422,-6.41637170072532,
21.6452588925662));
#13236=CARTESIAN_POINT('Ctrl Pts',(-103.079497076793,-6.84874870011122,
21.8580834305838));
#13237=CARTESIAN_POINT('Ctrl Pts',(-102.651898161016,-6.84874870011122,
21.5989325725371));
#13238=CARTESIAN_POINT('Ctrl Pts',(-103.093028591485,-7.05713306847047,
21.8357564313415));
#13239=CARTESIAN_POINT('Ctrl Pts',(-102.665429675708,-7.05713306847047,
21.5766055732948));
#13240=CARTESIAN_POINT('',(-102.807361738023,-5.94935690346192,22.3071067395543));
#13241=CARTESIAN_POINT('Ctrl Pts',(-102.807361738023,-5.94935690346192,
22.3071067395543));
#13242=CARTESIAN_POINT('Ctrl Pts',(-102.890649212013,-6.1087303240476,22.1696824074706));
#13243=CARTESIAN_POINT('Ctrl Pts',(-103.051420519199,-6.41637170072532,
21.9044097506128));
#13244=CARTESIAN_POINT('Ctrl Pts',(-103.079497076793,-6.84874870011122,
21.8580834305838));
#13245=CARTESIAN_POINT('Ctrl Pts',(-103.093028591485,-7.05713306847047,
21.8357564313415));
#13246=CARTESIAN_POINT('',(-102.379762822246,-5.94935690346192,22.0479558815077));
#13247=CARTESIAN_POINT('',(-102.807361738023,-5.94935690346192,22.3071067395543));
#13248=CARTESIAN_POINT('Ctrl Pts',(-102.379762822246,-5.94935690346192,
22.0479558815077));
#13249=CARTESIAN_POINT('Ctrl Pts',(-102.463050296236,-6.1087303240476,21.9105315494239));
#13250=CARTESIAN_POINT('Ctrl Pts',(-102.623821603422,-6.41637170072532,
21.6452588925662));
#13251=CARTESIAN_POINT('Ctrl Pts',(-102.651898161016,-6.84874870011122,
21.5989325725371));
#13252=CARTESIAN_POINT('Ctrl Pts',(-102.665429675708,-7.05713306847047,
21.5766055732948));
#13253=CARTESIAN_POINT('Ctrl Pts',(-101.944704016742,-5.48005138817261,
23.7304919796666));
#13254=CARTESIAN_POINT('Ctrl Pts',(-101.517105100965,-5.48005138817261,
23.4713411216199));
#13255=CARTESIAN_POINT('Ctrl Pts',(-102.117553744352,-5.48874628946198,
23.4452899291102));
#13256=CARTESIAN_POINT('Ctrl Pts',(-101.689954828575,-5.48874628946198,
23.1861390710635));
#13257=CARTESIAN_POINT('Ctrl Pts',(-102.427320226537,-5.50432854708304,
22.9341752335057));
#13258=CARTESIAN_POINT('Ctrl Pts',(-101.99972131076,-5.50432854708304,22.6750243754591));
#13259=CARTESIAN_POINT('Ctrl Pts',(-102.690871916883,-5.81294740063136,
22.4993149444351));
#13260=CARTESIAN_POINT('Ctrl Pts',(-102.263273001106,-5.81294740063136,
22.2401640863884));
#13261=CARTESIAN_POINT('Ctrl Pts',(-102.807361738023,-5.94935690346192,
22.3071067395543));
#13262=CARTESIAN_POINT('Ctrl Pts',(-102.379762822246,-5.94935690346192,
22.0479558815077));
#13263=CARTESIAN_POINT('',(-101.944704016742,-5.48005138817261,23.7304919796666));
#13264=CARTESIAN_POINT('Ctrl Pts',(-101.944704016742,-5.48005138817261,
23.7304919796666));
#13265=CARTESIAN_POINT('Ctrl Pts',(-102.117553744352,-5.48874628946198,
23.4452899291102));
#13266=CARTESIAN_POINT('Ctrl Pts',(-102.427320226537,-5.50432854708304,
22.9341752335057));
#13267=CARTESIAN_POINT('Ctrl Pts',(-102.690871916883,-5.81294740063136,
22.4993149444351));
#13268=CARTESIAN_POINT('Ctrl Pts',(-102.807361738023,-5.94935690346192,
22.3071067395543));
#13269=CARTESIAN_POINT('',(-101.517105100965,-5.48005138817261,23.4713411216199));
#13270=CARTESIAN_POINT('',(-101.944704016742,-5.48005138817261,23.7304919796666));
#13271=CARTESIAN_POINT('Ctrl Pts',(-101.517105100965,-5.48005138817261,
23.4713411216199));
#13272=CARTESIAN_POINT('Ctrl Pts',(-101.689954828575,-5.48874628946198,
23.1861390710635));
#13273=CARTESIAN_POINT('Ctrl Pts',(-101.99972131076,-5.50432854708304,22.6750243754591));
#13274=CARTESIAN_POINT('Ctrl Pts',(-102.263273001106,-5.81294740063136,
22.2401640863884));
#13275=CARTESIAN_POINT('Ctrl Pts',(-102.379762822246,-5.94935690346192,
22.0479558815077));
#13276=CARTESIAN_POINT('Ctrl Pts',(-101.07073259154,-5.9166148799939,25.1725448312509));
#13277=CARTESIAN_POINT('Ctrl Pts',(-100.643133675763,-5.9166148799939,24.9133939732042));
#13278=CARTESIAN_POINT('Ctrl Pts',(-101.187174163548,-5.78987735938868,
24.9804162374378));
#13279=CARTESIAN_POINT('Ctrl Pts',(-100.759575247771,-5.78987735938868,
24.7212653793911));
#13280=CARTESIAN_POINT('Ctrl Pts',(-101.456759215919,-5.49645516883749,
24.5356009010248));
#13281=CARTESIAN_POINT('Ctrl Pts',(-101.029160300142,-5.49645516883749,
24.2764500429781));
#13282=CARTESIAN_POINT('Ctrl Pts',(-101.767934389815,-5.485994048456,24.0221618640976));
#13283=CARTESIAN_POINT('Ctrl Pts',(-101.340335474038,-5.485994048456,23.763011006051));
#13284=CARTESIAN_POINT('Ctrl Pts',(-101.944704016742,-5.48005138817261,
23.7304919796666));
#13285=CARTESIAN_POINT('Ctrl Pts',(-101.517105100965,-5.48005138817261,
23.4713411216199));
#13286=CARTESIAN_POINT('Ctrl Pts',(-101.07073259154,-5.9166148799939,25.1725448312509));
#13287=CARTESIAN_POINT('Ctrl Pts',(-101.187174163548,-5.78987735938868,
24.9804162374378));
#13288=CARTESIAN_POINT('Ctrl Pts',(-101.456759215919,-5.49645516883749,
24.5356009010248));
#13289=CARTESIAN_POINT('Ctrl Pts',(-101.767934389815,-5.485994048456,24.0221618640976));
#13290=CARTESIAN_POINT('Ctrl Pts',(-101.944704016742,-5.48005138817261,
23.7304919796666));
#13291=CARTESIAN_POINT('Ctrl Pts',(-100.643133675763,-5.9166148799939,24.9133939732042));
#13292=CARTESIAN_POINT('Ctrl Pts',(-100.759575247771,-5.78987735938868,
24.7212653793911));
#13293=CARTESIAN_POINT('Ctrl Pts',(-101.029160300142,-5.49645516883749,
24.2764500429781));
#13294=CARTESIAN_POINT('Ctrl Pts',(-101.340335474037,-5.485994048456,23.763011006051));
#13295=CARTESIAN_POINT('Ctrl Pts',(-101.517105100965,-5.48005138817261,
23.4713411216199));
#13296=CARTESIAN_POINT('Origin',(-99.2973346796387,-9.49642454567383,28.0986513858877));
#13297=CARTESIAN_POINT('',(-99.2973346796387,-9.49642454567383,28.0986513858877));
#13298=CARTESIAN_POINT('',(-103.443748470172,-9.49642454567383,21.2570686315081));
#13299=CARTESIAN_POINT('',(-97.1486680476245,-9.49642454567383,31.6439513287111));
#13300=CARTESIAN_POINT('',(-98.8697357638617,-9.49642454567383,27.8395005278411));
#13301=CARTESIAN_POINT('',(-99.2973346796387,-9.49642454567383,28.0986513858877));
#13302=CARTESIAN_POINT('',(-103.016149554395,-9.49642454567383,20.9979177734614));
#13303=CARTESIAN_POINT('',(-98.8697357638617,-9.49642454567383,27.8395005278411));
#13304=CARTESIAN_POINT('',(-103.443748470172,-9.49642454567383,21.2570686315081));
#13305=CARTESIAN_POINT('Origin',(-99.2973346796387,-8.51961647453736,28.0986513858877));
#13306=CARTESIAN_POINT('',(-99.2973346796387,-8.51961647453736,28.0986513858877));
#13307=CARTESIAN_POINT('',(-99.2973346796387,10.7966290166833,28.0986513858878));
#13308=CARTESIAN_POINT('',(-98.8697357638617,-8.51961647453736,27.8395005278411));
#13309=CARTESIAN_POINT('',(-99.2973346796387,-8.51961647453736,28.0986513858877));
#13310=CARTESIAN_POINT('',(-98.8697357638617,-8.51961647453735,27.8395005278411));
#13311=CARTESIAN_POINT('Origin',(-100.785065738077,-8.51961647453736,25.6438951394637));
#13312=CARTESIAN_POINT('',(-100.785065738077,-8.51961647453736,25.6438951394637));
#13313=CARTESIAN_POINT('',(-97.8925335768439,-8.51961647453736,30.4165732054991));
#13314=CARTESIAN_POINT('',(-100.3574668223,-8.51961647453736,25.3847442814171));
#13315=CARTESIAN_POINT('',(-100.785065738077,-8.51961647453736,25.6438951394637));
#13316=CARTESIAN_POINT('',(-100.3574668223,-8.51961647453736,25.3847442814171));
#13317=CARTESIAN_POINT('Ctrl Pts',(-100.488085180693,-7.85385881843995,
26.1339130591487));
#13318=CARTESIAN_POINT('Ctrl Pts',(-100.060486264916,-7.85385881843995,
25.874762201102));
#13319=CARTESIAN_POINT('Ctrl Pts',(-100.528268970546,-7.9832510582965,26.0676098058903));
#13320=CARTESIAN_POINT('Ctrl Pts',(-100.100670054769,-7.9832510582965,25.8084589478436));
#13321=CARTESIAN_POINT('Ctrl Pts',(-100.607444007725,-8.23819553811464,
25.9369709945446));
#13322=CARTESIAN_POINT('Ctrl Pts',(-100.179845091948,-8.23819553811464,
25.6778201364979));
#13323=CARTESIAN_POINT('Ctrl Pts',(-100.726456018329,-8.42675620241618,
25.7406011770489));
#13324=CARTESIAN_POINT('Ctrl Pts',(-100.298857102552,-8.42675620241618,
25.4814503190023));
#13325=CARTESIAN_POINT('Ctrl Pts',(-100.785065738077,-8.51961647453736,
25.6438951394637));
#13326=CARTESIAN_POINT('Ctrl Pts',(-100.3574668223,-8.51961647453736,25.3847442814171));
#13327=CARTESIAN_POINT('',(-100.488085180693,-7.85385881843995,26.1339130591487));
#13328=CARTESIAN_POINT('Ctrl Pts',(-100.488085180693,-7.85385881843995,
26.1339130591487));
#13329=CARTESIAN_POINT('Ctrl Pts',(-100.528268970546,-7.9832510582965,26.0676098058903));
#13330=CARTESIAN_POINT('Ctrl Pts',(-100.607444007725,-8.23819553811464,
25.9369709945446));
#13331=CARTESIAN_POINT('Ctrl Pts',(-100.726456018329,-8.42675620241618,
25.7406011770489));
#13332=CARTESIAN_POINT('Ctrl Pts',(-100.785065738077,-8.51961647453736,
25.6438951394637));
#13333=CARTESIAN_POINT('',(-100.060486264916,-7.85385881843995,25.874762201102));
#13334=CARTESIAN_POINT('',(-100.488085180693,-7.85385881843995,26.1339130591487));
#13335=CARTESIAN_POINT('Ctrl Pts',(-100.060486264916,-7.85385881843995,
25.874762201102));
#13336=CARTESIAN_POINT('Ctrl Pts',(-100.100670054769,-7.9832510582965,25.8084589478436));
#13337=CARTESIAN_POINT('Ctrl Pts',(-100.179845091948,-8.23819553811464,
25.6778201364979));
#13338=CARTESIAN_POINT('Ctrl Pts',(-100.298857102552,-8.42675620241618,
25.4814503190023));
#13339=CARTESIAN_POINT('Ctrl Pts',(-100.3574668223,-8.51961647453736,25.3847442814171));
#13340=CARTESIAN_POINT('Ctrl Pts',(-100.372121414613,-6.92070757332276,
26.3252532731809));
#13341=CARTESIAN_POINT('Ctrl Pts',(-99.9445224988355,-6.92070757332276,
26.0661024151342));
#13342=CARTESIAN_POINT('Ctrl Pts',(-100.376338282538,-7.08834498351752,
26.3182954411038));
#13343=CARTESIAN_POINT('Ctrl Pts',(-99.948739366761,-7.08834498351752,26.0591445830571));
#13344=CARTESIAN_POINT('Ctrl Pts',(-100.384523281919,-7.41373153174289,
26.3047901921259));
#13345=CARTESIAN_POINT('Ctrl Pts',(-99.9569243661416,-7.41373153174289,
26.0456393340792));
#13346=CARTESIAN_POINT('Ctrl Pts',(-100.454271076852,-7.71015239791396,
26.1897063304866));
#13347=CARTESIAN_POINT('Ctrl Pts',(-100.026672161075,-7.71015239791396,
25.9305554724399));
#13348=CARTESIAN_POINT('Ctrl Pts',(-100.488085180693,-7.85385881843995,
26.1339130591487));
#13349=CARTESIAN_POINT('Ctrl Pts',(-100.060486264916,-7.85385881843995,
25.874762201102));
#13350=CARTESIAN_POINT('',(-100.372121414613,-6.92070757332276,26.3252532731809));
#13351=CARTESIAN_POINT('Ctrl Pts',(-100.372121414613,-6.92070757332276,
26.3252532731809));
#13352=CARTESIAN_POINT('Ctrl Pts',(-100.376338282538,-7.08834498351752,
26.3182954411038));
#13353=CARTESIAN_POINT('Ctrl Pts',(-100.384523281919,-7.41373153174289,
26.3047901921259));
#13354=CARTESIAN_POINT('Ctrl Pts',(-100.454271076852,-7.71015239791396,
26.1897063304866));
#13355=CARTESIAN_POINT('Ctrl Pts',(-100.488085180693,-7.85385881843995,
26.1339130591487));
#13356=CARTESIAN_POINT('',(-99.9445224988355,-6.92070757332276,26.0661024151342));
#13357=CARTESIAN_POINT('',(-100.372121414613,-6.92070757332276,26.3252532731809));
#13358=CARTESIAN_POINT('Ctrl Pts',(-99.9445224988355,-6.92070757332276,
26.0661024151342));
#13359=CARTESIAN_POINT('Ctrl Pts',(-99.948739366761,-7.08834498351752,26.0591445830571));
#13360=CARTESIAN_POINT('Ctrl Pts',(-99.9569243661416,-7.41373153174289,
26.0456393340792));
#13361=CARTESIAN_POINT('Ctrl Pts',(-100.026672161074,-7.71015239791396,
25.9305554724399));
#13362=CARTESIAN_POINT('Ctrl Pts',(-100.060486264916,-7.85385881843995,
25.874762201102));
#13363=CARTESIAN_POINT('Ctrl Pts',(-100.567280181354,-5.62739168587159,
26.0032413080568));
#13364=CARTESIAN_POINT('Ctrl Pts',(-100.139681265577,-5.62739168587159,
25.7440904500101));
#13365=CARTESIAN_POINT('Ctrl Pts',(-100.510360244185,-5.82698444708332,
26.0971592043871));
#13366=CARTESIAN_POINT('Ctrl Pts',(-100.082761328408,-5.82698444708332,
25.8380083463405));
#13367=CARTESIAN_POINT('Ctrl Pts',(-100.395446086211,-6.22993700171916,
26.286767565044));
#13368=CARTESIAN_POINT('Ctrl Pts',(-99.9678471704337,-6.22993700171916,
26.0276167069973));
#13369=CARTESIAN_POINT('Ctrl Pts',(-100.379944610714,-6.68902012510528,
26.3123449996127));
#13370=CARTESIAN_POINT('Ctrl Pts',(-99.9523456949374,-6.68902012510528,
26.0531941415661));
#13371=CARTESIAN_POINT('Ctrl Pts',(-100.372121414613,-6.92070757332276,
26.3252532731809));
#13372=CARTESIAN_POINT('Ctrl Pts',(-99.9445224988355,-6.92070757332276,
26.0661024151342));
#13373=CARTESIAN_POINT('',(-100.567280181354,-5.62739168587159,26.0032413080568));
#13374=CARTESIAN_POINT('Ctrl Pts',(-100.567280181354,-5.62739168587159,
26.0032413080568));
#13375=CARTESIAN_POINT('Ctrl Pts',(-100.510360244185,-5.82698444708332,
26.0971592043871));
#13376=CARTESIAN_POINT('Ctrl Pts',(-100.395446086211,-6.22993700171916,
26.286767565044));
#13377=CARTESIAN_POINT('Ctrl Pts',(-100.379944610714,-6.68902012510528,
26.3123449996127));
#13378=CARTESIAN_POINT('Ctrl Pts',(-100.372121414613,-6.92070757332276,
26.3252532731809));
#13379=CARTESIAN_POINT('',(-100.139681265577,-5.62739168587159,25.7440904500101));
#13380=CARTESIAN_POINT('',(-100.567280181354,-5.62739168587159,26.0032413080568));
#13381=CARTESIAN_POINT('Ctrl Pts',(-100.139681265577,-5.62739168587159,
25.7440904500101));
#13382=CARTESIAN_POINT('Ctrl Pts',(-100.082761328407,-5.82698444708332,
25.8380083463404));
#13383=CARTESIAN_POINT('Ctrl Pts',(-99.9678471704337,-6.22993700171916,
26.0276167069973));
#13384=CARTESIAN_POINT('Ctrl Pts',(-99.9523456949374,-6.68902012510528,
26.0531941415661));
#13385=CARTESIAN_POINT('Ctrl Pts',(-99.9445224988355,-6.92070757332276,
26.0661024151342));
#13386=CARTESIAN_POINT('Ctrl Pts',(-101.130128764803,-4.75972448769044,
25.0745411453664));
#13387=CARTESIAN_POINT('Ctrl Pts',(-100.702529849026,-4.75972448769044,
24.8153902873197));
#13388=CARTESIAN_POINT('Ctrl Pts',(-101.015726193136,-4.86535544540644,
25.263305388617));
#13389=CARTESIAN_POINT('Ctrl Pts',(-100.588127277359,-4.86535544540644,
25.0041545305703));
#13390=CARTESIAN_POINT('Ctrl Pts',(-100.793137108115,-5.07087790775416,
25.6305773789019));
#13391=CARTESIAN_POINT('Ctrl Pts',(-100.365538192338,-5.07087790775416,
25.3714265208553));
#13392=CARTESIAN_POINT('Ctrl Pts',(-100.641151027762,-5.44537316460281,
25.8813544114836));
#13393=CARTESIAN_POINT('Ctrl Pts',(-100.213552111985,-5.44537316460281,
25.6222035534369));
#13394=CARTESIAN_POINT('Ctrl Pts',(-100.567280181354,-5.62739168587159,
26.0032413080568));
#13395=CARTESIAN_POINT('Ctrl Pts',(-100.139681265577,-5.62739168587159,
25.7440904500101));
#13396=CARTESIAN_POINT('',(-101.130128764803,-4.75972448769044,25.0745411453664));
#13397=CARTESIAN_POINT('Ctrl Pts',(-101.130128764803,-4.75972448769044,
25.0745411453664));
#13398=CARTESIAN_POINT('Ctrl Pts',(-101.015726193136,-4.86535544540644,
25.263305388617));
#13399=CARTESIAN_POINT('Ctrl Pts',(-100.793137108115,-5.07087790775416,
25.6305773789019));
#13400=CARTESIAN_POINT('Ctrl Pts',(-100.641151027762,-5.44537316460281,
25.8813544114836));
#13401=CARTESIAN_POINT('Ctrl Pts',(-100.567280181354,-5.62739168587159,
26.0032413080568));
#13402=CARTESIAN_POINT('',(-100.702529849026,-4.75972448769044,24.8153902873197));
#13403=CARTESIAN_POINT('',(-101.130128764803,-4.75972448769044,25.0745411453664));
#13404=CARTESIAN_POINT('Ctrl Pts',(-100.702529849026,-4.75972448769044,
24.8153902873197));
#13405=CARTESIAN_POINT('Ctrl Pts',(-100.588127277359,-4.86535544540644,
25.0041545305703));
#13406=CARTESIAN_POINT('Ctrl Pts',(-100.365538192338,-5.07087790775416,
25.3714265208553));
#13407=CARTESIAN_POINT('Ctrl Pts',(-100.213552111985,-5.44537316460281,
25.6222035534369));
#13408=CARTESIAN_POINT('Ctrl Pts',(-100.139681265577,-5.62739168587159,
25.7440904500101));
#13409=CARTESIAN_POINT('Ctrl Pts',(-101.944704016742,-4.47050367775391,
23.7304919796666));
#13410=CARTESIAN_POINT('Ctrl Pts',(-101.517105100965,-4.47050367775391,
23.4713411216199));
#13411=CARTESIAN_POINT('Ctrl Pts',(-101.800533704318,-4.48084651570802,
23.9683729951662));
#13412=CARTESIAN_POINT('Ctrl Pts',(-101.372934788541,-4.48084651570802,
23.7092221371195));
#13413=CARTESIAN_POINT('Ctrl Pts',(-101.521586245154,-4.50085832201782,
24.4286363027883));
#13414=CARTESIAN_POINT('Ctrl Pts',(-101.093987329377,-4.50085832201782,
24.1694854447416));
#13415=CARTESIAN_POINT('Ctrl Pts',(-101.257652053288,-4.67539485706398,
24.8641277193672));
#13416=CARTESIAN_POINT('Ctrl Pts',(-100.830053137511,-4.67539485706398,
24.6049768613205));
#13417=CARTESIAN_POINT('Ctrl Pts',(-101.130128764803,-4.75972448769044,
25.0745411453664));
#13418=CARTESIAN_POINT('Ctrl Pts',(-100.702529849026,-4.75972448769044,
24.8153902873197));
#13419=CARTESIAN_POINT('',(-101.944704016742,-4.47050367775391,23.7304919796666));
#13420=CARTESIAN_POINT('Ctrl Pts',(-101.944704016742,-4.47050367775391,
23.7304919796666));
#13421=CARTESIAN_POINT('Ctrl Pts',(-101.800533704318,-4.48084651570802,
23.9683729951662));
#13422=CARTESIAN_POINT('Ctrl Pts',(-101.521586245154,-4.50085832201782,
24.4286363027883));
#13423=CARTESIAN_POINT('Ctrl Pts',(-101.257652053288,-4.67539485706398,
24.8641277193672));
#13424=CARTESIAN_POINT('Ctrl Pts',(-101.130128764803,-4.75972448769044,
25.0745411453664));
#13425=CARTESIAN_POINT('',(-101.517105100965,-4.47050367775391,23.4713411216199));
#13426=CARTESIAN_POINT('',(-101.944704016742,-4.47050367775391,23.7304919796666));
#13427=CARTESIAN_POINT('Ctrl Pts',(-101.517105100965,-4.47050367775391,
23.4713411216199));
#13428=CARTESIAN_POINT('Ctrl Pts',(-101.372934788541,-4.48084651570802,
23.7092221371195));
#13429=CARTESIAN_POINT('Ctrl Pts',(-101.093987329376,-4.50085832201782,
24.1694854447416));
#13430=CARTESIAN_POINT('Ctrl Pts',(-100.830053137511,-4.67539485706398,
24.6049768613205));
#13431=CARTESIAN_POINT('Ctrl Pts',(-100.702529849026,-4.75972448769044,
24.8153902873197));
#13432=CARTESIAN_POINT('Ctrl Pts',(-102.762107540196,-4.78700910988282,
22.3817761659675));
#13433=CARTESIAN_POINT('Ctrl Pts',(-102.334508624419,-4.78700910988282,
22.1226253079209));
#13434=CARTESIAN_POINT('Ctrl Pts',(-102.635993875478,-4.69473901676485,
22.589863712753));
#13435=CARTESIAN_POINT('Ctrl Pts',(-102.208394959701,-4.69473901676485,
22.3307128547063));
#13436=CARTESIAN_POINT('Ctrl Pts',(-102.372795869118,-4.50217221911066,
23.0241404232464));
#13437=CARTESIAN_POINT('Ctrl Pts',(-101.945196953341,-4.50217221911066,
22.7649895651997));
#13438=CARTESIAN_POINT('Ctrl Pts',(-102.091312254747,-4.48134917509924,
23.4885883869584));
#13439=CARTESIAN_POINT('Ctrl Pts',(-101.66371333897,-4.48134917509924,23.2294375289117));
#13440=CARTESIAN_POINT('Ctrl Pts',(-101.944704016742,-4.47050367775391,
23.7304919796666));
#13441=CARTESIAN_POINT('Ctrl Pts',(-101.517105100965,-4.47050367775391,
23.4713411216199));
#13442=CARTESIAN_POINT('',(-102.762107540196,-4.78700910988282,22.3817761659675));
#13443=CARTESIAN_POINT('Ctrl Pts',(-102.762107540196,-4.78700910988282,
22.3817761659675));
#13444=CARTESIAN_POINT('Ctrl Pts',(-102.635993875478,-4.69473901676485,
22.589863712753));
#13445=CARTESIAN_POINT('Ctrl Pts',(-102.372795869118,-4.50217221911066,
23.0241404232464));
#13446=CARTESIAN_POINT('Ctrl Pts',(-102.091312254747,-4.48134917509924,
23.4885883869584));
#13447=CARTESIAN_POINT('Ctrl Pts',(-101.944704016742,-4.47050367775391,
23.7304919796666));
#13448=CARTESIAN_POINT('',(-102.334508624419,-4.78700910988282,22.1226253079209));
#13449=CARTESIAN_POINT('',(-102.762107540196,-4.78700910988282,22.3817761659675));
#13450=CARTESIAN_POINT('Ctrl Pts',(-102.334508624419,-4.78700910988282,
22.1226253079209));
#13451=CARTESIAN_POINT('Ctrl Pts',(-102.208394959701,-4.69473901676485,
22.3307128547063));
#13452=CARTESIAN_POINT('Ctrl Pts',(-101.945196953341,-4.50217221911066,
22.7649895651997));
#13453=CARTESIAN_POINT('Ctrl Pts',(-101.66371333897,-4.48134917509924,23.2294375289117));
#13454=CARTESIAN_POINT('Ctrl Pts',(-101.517105100965,-4.47050367775391,
23.4713411216199));
#13455=CARTESIAN_POINT('Ctrl Pts',(-103.313642728655,-5.68741833153199,
21.4717431050116));
#13456=CARTESIAN_POINT('Ctrl Pts',(-102.886043812878,-5.68741833153199,
21.2125922469649));
#13457=CARTESIAN_POINT('Ctrl Pts',(-103.239901107712,-5.50415541820299,
21.5934167795671));
#13458=CARTESIAN_POINT('Ctrl Pts',(-102.812302191935,-5.50415541820299,
21.3342659215204));
#13459=CARTESIAN_POINT('Ctrl Pts',(-103.089050381222,-5.12926070798476,
21.8423204782755));
#13460=CARTESIAN_POINT('Ctrl Pts',(-102.661451465445,-5.12926070798476,
21.5831696202288));
#13461=CARTESIAN_POINT('Ctrl Pts',(-102.872698383378,-4.90277825379694,
22.1993012747178));
#13462=CARTESIAN_POINT('Ctrl Pts',(-102.445099467601,-4.90277825379694,
21.9401504166711));
#13463=CARTESIAN_POINT('Ctrl Pts',(-102.762107540196,-4.78700910988282,
22.3817761659675));
#13464=CARTESIAN_POINT('Ctrl Pts',(-102.334508624419,-4.78700910988282,
22.1226253079209));
#13465=CARTESIAN_POINT('',(-103.313642728655,-5.68741833153199,21.4717431050116));
#13466=CARTESIAN_POINT('Ctrl Pts',(-103.313642728655,-5.68741833153199,
21.4717431050116));
#13467=CARTESIAN_POINT('Ctrl Pts',(-103.239901107712,-5.50415541820299,
21.5934167795671));
#13468=CARTESIAN_POINT('Ctrl Pts',(-103.089050381222,-5.12926070798476,
21.8423204782755));
#13469=CARTESIAN_POINT('Ctrl Pts',(-102.872698383378,-4.90277825379694,
22.1993012747178));
#13470=CARTESIAN_POINT('Ctrl Pts',(-102.762107540196,-4.78700910988282,
22.3817761659675));
#13471=CARTESIAN_POINT('',(-102.886043812878,-5.68741833153199,21.2125922469649));
#13472=CARTESIAN_POINT('',(-103.313642728655,-5.68741833153199,21.4717431050116));
#13473=CARTESIAN_POINT('Ctrl Pts',(-102.886043812878,-5.68741833153199,
21.2125922469649));
#13474=CARTESIAN_POINT('Ctrl Pts',(-102.812302191935,-5.50415541820299,
21.3342659215204));
#13475=CARTESIAN_POINT('Ctrl Pts',(-102.661451465445,-5.12926070798476,
21.5831696202288));
#13476=CARTESIAN_POINT('Ctrl Pts',(-102.445099467601,-4.90277825379694,
21.9401504166711));
#13477=CARTESIAN_POINT('Ctrl Pts',(-102.334508624419,-4.78700910988282,
22.1226253079209));
#13478=CARTESIAN_POINT('Ctrl Pts',(-103.511629457979,-6.96436439934205,
21.1450650016259));
#13479=CARTESIAN_POINT('Ctrl Pts',(-103.084030542202,-6.96436439934205,
20.8859141435792));
#13480=CARTESIAN_POINT('Ctrl Pts',(-103.503320740775,-6.73772279017052,
21.1587743850125));
#13481=CARTESIAN_POINT('Ctrl Pts',(-103.075721824998,-6.73772279017052,
20.8996235269658));
#13482=CARTESIAN_POINT('Ctrl Pts',(-103.486673264865,-6.2836201126621,21.1862427202648));
#13483=CARTESIAN_POINT('Ctrl Pts',(-103.059074349088,-6.2836201126621,20.9270918622181));
#13484=CARTESIAN_POINT('Ctrl Pts',(-103.371388920205,-5.88639120077112,
21.3764618889537));
#13485=CARTESIAN_POINT('Ctrl Pts',(-102.943790004428,-5.88639120077112,
21.117311030907));
#13486=CARTESIAN_POINT('Ctrl Pts',(-103.313642728655,-5.68741833153199,
21.4717431050116));
#13487=CARTESIAN_POINT('Ctrl Pts',(-102.886043812878,-5.68741833153199,
21.2125922469649));
#13488=CARTESIAN_POINT('',(-103.511629457979,-6.96436439934205,21.1450650016259));
#13489=CARTESIAN_POINT('Ctrl Pts',(-103.511629457979,-6.96436439934205,
21.1450650016259));
#13490=CARTESIAN_POINT('Ctrl Pts',(-103.503320740775,-6.73772279017052,
21.1587743850125));
#13491=CARTESIAN_POINT('Ctrl Pts',(-103.486673264865,-6.2836201126621,21.1862427202648));
#13492=CARTESIAN_POINT('Ctrl Pts',(-103.371388920205,-5.88639120077112,
21.3764618889537));
#13493=CARTESIAN_POINT('Ctrl Pts',(-103.313642728655,-5.68741833153199,
21.4717431050116));
#13494=CARTESIAN_POINT('',(-103.084030542202,-6.96436439934205,20.8859141435792));
#13495=CARTESIAN_POINT('',(-103.511629457979,-6.96436439934205,21.1450650016259));
#13496=CARTESIAN_POINT('Ctrl Pts',(-103.084030542202,-6.96436439934205,
20.8859141435792));
#13497=CARTESIAN_POINT('Ctrl Pts',(-103.075721824998,-6.73772279017052,
20.8996235269658));
#13498=CARTESIAN_POINT('Ctrl Pts',(-103.059074349088,-6.2836201126621,20.9270918622181));
#13499=CARTESIAN_POINT('Ctrl Pts',(-102.943790004428,-5.88639120077112,
21.117311030907));
#13500=CARTESIAN_POINT('Ctrl Pts',(-102.886043812878,-5.68741833153199,
21.2125922469649));
#13501=CARTESIAN_POINT('Ctrl Pts',(-103.064744640611,-8.58510052147339,
21.8824249502842));
#13502=CARTESIAN_POINT('Ctrl Pts',(-102.637145724834,-8.58510052147339,
21.6232740922375));
#13503=CARTESIAN_POINT('Ctrl Pts',(-103.195079637448,-8.37745326204392,
21.667372205502));
#13504=CARTESIAN_POINT('Ctrl Pts',(-102.767480721671,-8.37745326204392,
21.4082213474554));
#13505=CARTESIAN_POINT('Ctrl Pts',(-103.459279873139,-7.9565344281703,21.2314418166122));
#13506=CARTESIAN_POINT('Ctrl Pts',(-103.031680957362,-7.9565344281703,20.9722909585655));
#13507=CARTESIAN_POINT('Ctrl Pts',(-103.49402484234,-7.2980207608846,21.1741126174302));
#13508=CARTESIAN_POINT('Ctrl Pts',(-103.066425926563,-7.2980207608846,20.9149617593836));
#13509=CARTESIAN_POINT('Ctrl Pts',(-103.511629457979,-6.96436439934205,
21.1450650016259));
#13510=CARTESIAN_POINT('Ctrl Pts',(-103.084030542202,-6.96436439934205,
20.8859141435792));
#13511=CARTESIAN_POINT('',(-103.064744640611,-8.5851005214734,21.8824249502842));
#13512=CARTESIAN_POINT('Ctrl Pts',(-103.064744640611,-8.58510052147339,
21.8824249502842));
#13513=CARTESIAN_POINT('Ctrl Pts',(-103.195079637448,-8.37745326204392,
21.667372205502));
#13514=CARTESIAN_POINT('Ctrl Pts',(-103.459279873139,-7.9565344281703,21.2314418166122));
#13515=CARTESIAN_POINT('Ctrl Pts',(-103.49402484234,-7.2980207608846,21.1741126174302));
#13516=CARTESIAN_POINT('Ctrl Pts',(-103.511629457979,-6.96436439934205,
21.1450650016259));
#13517=CARTESIAN_POINT('',(-102.637145724834,-8.5851005214734,21.6232740922375));
#13518=CARTESIAN_POINT('',(-103.064744640611,-8.5851005214734,21.8824249502842));
#13519=CARTESIAN_POINT('Ctrl Pts',(-102.637145724834,-8.58510052147339,
21.6232740922375));
#13520=CARTESIAN_POINT('Ctrl Pts',(-102.767480721671,-8.37745326204392,
21.4082213474554));
#13521=CARTESIAN_POINT('Ctrl Pts',(-103.031680957362,-7.9565344281703,20.9722909585655));
#13522=CARTESIAN_POINT('Ctrl Pts',(-103.066425926563,-7.2980207608846,20.9149617593836));
#13523=CARTESIAN_POINT('Ctrl Pts',(-103.084030542202,-6.96436439934205,
20.8859141435792));
#13524=CARTESIAN_POINT('Origin',(-103.443748470172,-8.5851005214734,21.2570686315081));
#13525=CARTESIAN_POINT('',(-103.443748470172,-8.5851005214734,21.2570686315081));
#13526=CARTESIAN_POINT('',(-99.2218749428911,-8.5851005214734,28.2231599515213));
#13527=CARTESIAN_POINT('',(-103.016149554395,-8.5851005214734,20.9979177734614));
#13528=CARTESIAN_POINT('',(-103.443748470172,-8.5851005214734,21.2570686315081));
#13529=CARTESIAN_POINT('',(-103.016149554395,-8.5851005214734,20.9979177734614));
#13530=CARTESIAN_POINT('Origin',(-103.443748470172,-9.49642454567383,21.2570686315081));
#13531=CARTESIAN_POINT('',(-103.443748470172,10.3082249811151,21.2570686315081));
#13532=CARTESIAN_POINT('',(-103.016149554395,-9.49642454567384,20.9979177734614));
#13533=CARTESIAN_POINT('Origin',(-104.177201968817,0.0479147088246457,19.0821812896646));
#13534=CARTESIAN_POINT('Origin',(-99.2973346796387,2.91285360869934,28.0986513858877));
#13535=CARTESIAN_POINT('',(-99.2973346796387,2.91285360869934,28.0986513858877));
#13536=CARTESIAN_POINT('',(-103.443748470172,2.91285360869933,21.2570686315081));
#13537=CARTESIAN_POINT('',(-97.1486680476245,2.91285360869934,31.6439513287111));
#13538=CARTESIAN_POINT('',(-98.8697357638617,2.91285360869934,27.8395005278411));
#13539=CARTESIAN_POINT('',(-99.2973346796387,2.91285360869934,28.0986513858877));
#13540=CARTESIAN_POINT('',(-103.016149554395,2.91285360869933,20.9979177734614));
#13541=CARTESIAN_POINT('',(-98.8697357638617,2.91285360869934,27.8395005278411));
#13542=CARTESIAN_POINT('',(-103.443748470172,2.91285360869933,21.2570686315081));
#13543=CARTESIAN_POINT('Origin',(-99.2973346796387,3.89511788901855,28.0986513858877));
#13544=CARTESIAN_POINT('',(-99.2973346796387,3.89511788901855,28.0986513858877));
#13545=CARTESIAN_POINT('',(-99.2973346796387,17.0039961984613,28.0986513858877));
#13546=CARTESIAN_POINT('',(-98.8697357638617,3.89511788901855,27.8395005278411));
#13547=CARTESIAN_POINT('',(-99.2973346796387,3.89511788901855,28.0986513858877));
#13548=CARTESIAN_POINT('',(-98.8697357638617,3.89511788901855,27.8395005278411));
#13549=CARTESIAN_POINT('Origin',(-103.443748470172,3.89511788901855,21.2570686315081));
#13550=CARTESIAN_POINT('',(-103.443748470172,3.89511788901855,21.2570686315081));
#13551=CARTESIAN_POINT('',(-99.2218749428911,3.89511788901855,28.2231599515213));
#13552=CARTESIAN_POINT('',(-103.016149554395,3.89511788901855,20.9979177734614));
#13553=CARTESIAN_POINT('',(-103.443748470172,3.89511788901855,21.2570686315081));
#13554=CARTESIAN_POINT('',(-103.016149554395,3.89511788901855,20.9979177734614));
#13555=CARTESIAN_POINT('Origin',(-103.443748470172,2.91285360869933,21.2570686315081));
#13556=CARTESIAN_POINT('',(-103.443748470172,16.5128640583017,21.2570686315081));
#13557=CARTESIAN_POINT('',(-103.016149554395,2.91285360869933,20.9979177734614));
#13558=CARTESIAN_POINT('Origin',(-104.177201968817,0.0479147088246457,19.0821812896646));
#13559=CARTESIAN_POINT('Ctrl Pts',(-103.044946122144,14.6672865253406,21.9150925057539));
#13560=CARTESIAN_POINT('Ctrl Pts',(-102.617347206367,14.6672865253406,21.6559416477072));
#13561=CARTESIAN_POINT('Ctrl Pts',(-103.035175971601,14.3852508960029,21.9312132541496));
#13562=CARTESIAN_POINT('Ctrl Pts',(-102.607577055824,14.3852508960029,21.6720623961029));
#13563=CARTESIAN_POINT('Ctrl Pts',(-103.016173006085,13.8366909413453,21.962568147252));
#13564=CARTESIAN_POINT('Ctrl Pts',(-102.588574090308,13.8366909413453,21.7034172892053));
#13565=CARTESIAN_POINT('Ctrl Pts',(-102.856605528531,13.3820433709104,22.2258544852147));
#13566=CARTESIAN_POINT('Ctrl Pts',(-102.429006612754,13.3820433709104,21.9667036271681));
#13567=CARTESIAN_POINT('Ctrl Pts',(-102.779077787148,13.1611474853473,22.353775258497));
#13568=CARTESIAN_POINT('Ctrl Pts',(-102.351478871371,13.1611474853473,22.0946244004503));
#13569=CARTESIAN_POINT('',(-103.044946122144,14.6672865253406,21.9150925057539));
#13570=CARTESIAN_POINT('',(-102.779077787148,13.1611474853473,22.353775258497));
#13571=CARTESIAN_POINT('Ctrl Pts',(-103.044946122144,14.6672865253406,21.9150925057539));
#13572=CARTESIAN_POINT('Ctrl Pts',(-103.035175971601,14.3852508960029,21.9312132541496));
#13573=CARTESIAN_POINT('Ctrl Pts',(-103.016173006085,13.8366909413453,21.962568147252));
#13574=CARTESIAN_POINT('Ctrl Pts',(-102.856605528531,13.3820433709104,22.2258544852147));
#13575=CARTESIAN_POINT('Ctrl Pts',(-102.779077787148,13.1611474853473,22.353775258497));
#13576=CARTESIAN_POINT('',(-102.617347206367,14.6672865253406,21.6559416477072));
#13577=CARTESIAN_POINT('',(-103.044946122144,14.6672865253406,21.9150925057539));
#13578=CARTESIAN_POINT('',(-102.351478871371,13.1611474853473,22.0946244004503));
#13579=CARTESIAN_POINT('Ctrl Pts',(-102.617347206367,14.6672865253406,21.6559416477072));
#13580=CARTESIAN_POINT('Ctrl Pts',(-102.607577055824,14.3852508960029,21.6720623961029));
#13581=CARTESIAN_POINT('Ctrl Pts',(-102.588574090308,13.8366909413453,21.7034172892054));
#13582=CARTESIAN_POINT('Ctrl Pts',(-102.429006612754,13.3820433709104,21.9667036271681));
#13583=CARTESIAN_POINT('Ctrl Pts',(-102.351478871371,13.1611474853473,22.0946244004503));
#13584=CARTESIAN_POINT('',(-102.779077787148,13.1611474853473,22.353775258497));
#13585=CARTESIAN_POINT('Ctrl Pts',(-102.849787355402,16.0260861617046,22.237104470878));
#13586=CARTESIAN_POINT('Ctrl Pts',(-102.422188439625,16.0260861617046,21.9779536128313));
#13587=CARTESIAN_POINT('Ctrl Pts',(-102.906708700201,15.8126069313963,22.1431842519602));
#13588=CARTESIAN_POINT('Ctrl Pts',(-102.479109784424,15.8126069313963,21.8840333939135));
#13589=CARTESIAN_POINT('Ctrl Pts',(-103.020526309144,15.38574253389,21.9553851972039));
#13590=CARTESIAN_POINT('Ctrl Pts',(-102.592927393367,15.38574253389,21.6962343391572));
#13591=CARTESIAN_POINT('Ctrl Pts',(-103.036807380367,14.9067366772193,21.9285214296859));
#13592=CARTESIAN_POINT('Ctrl Pts',(-102.60920846459,14.9067366772193,21.6693705716392));
#13593=CARTESIAN_POINT('Ctrl Pts',(-103.044946122144,14.6672865253406,21.9150925057539));
#13594=CARTESIAN_POINT('Ctrl Pts',(-102.617347206367,14.6672865253406,21.6559416477072));
#13595=CARTESIAN_POINT('',(-102.849787355402,16.0260861617046,22.237104470878));
#13596=CARTESIAN_POINT('Ctrl Pts',(-102.849787355402,16.0260861617046,22.237104470878));
#13597=CARTESIAN_POINT('Ctrl Pts',(-102.906708700201,15.8126069313963,22.1431842519602));
#13598=CARTESIAN_POINT('Ctrl Pts',(-103.020526309144,15.38574253389,21.9553851972039));
#13599=CARTESIAN_POINT('Ctrl Pts',(-103.036807380367,14.9067366772193,21.9285214296859));
#13600=CARTESIAN_POINT('Ctrl Pts',(-103.044946122144,14.6672865253406,21.9150925057539));
#13601=CARTESIAN_POINT('',(-102.422188439625,16.0260861617046,21.9779536128313));
#13602=CARTESIAN_POINT('',(-102.849787355402,16.0260861617046,22.237104470878));
#13603=CARTESIAN_POINT('Ctrl Pts',(-102.422188439625,16.0260861617046,21.9779536128313));
#13604=CARTESIAN_POINT('Ctrl Pts',(-102.479109784424,15.8126069313963,21.8840333939135));
#13605=CARTESIAN_POINT('Ctrl Pts',(-102.592927393367,15.38574253389,21.6962343391572));
#13606=CARTESIAN_POINT('Ctrl Pts',(-102.60920846459,14.9067366772193,21.6693705716392));
#13607=CARTESIAN_POINT('Ctrl Pts',(-102.617347206367,14.6672865253406,21.6559416477072));
#13608=CARTESIAN_POINT('Ctrl Pts',(-102.261483092594,16.9537804525809,23.2078065045118));
#13609=CARTESIAN_POINT('Ctrl Pts',(-101.833884176817,16.9537804525809,22.9486556464652));
#13610=CARTESIAN_POINT('Ctrl Pts',(-102.383254468053,16.843326057651,23.0068837350034));
#13611=CARTESIAN_POINT('Ctrl Pts',(-101.955655552276,16.843326057651,22.7477328769568));
#13612=CARTESIAN_POINT('Ctrl Pts',(-102.619848347903,16.6287203365264,22.6165038332523));
#13613=CARTESIAN_POINT('Ctrl Pts',(-102.192249432126,16.6287203365264,22.3573529752056));
#13614=CARTESIAN_POINT('Ctrl Pts',(-102.77465661625,16.2229920781252,22.3610701904786));
#13615=CARTESIAN_POINT('Ctrl Pts',(-102.347057700473,16.2229920781252,22.101919332432));
#13616=CARTESIAN_POINT('Ctrl Pts',(-102.849787355402,16.0260861617046,22.237104470878));
#13617=CARTESIAN_POINT('Ctrl Pts',(-102.422188439625,16.0260861617046,21.9779536128313));
#13618=CARTESIAN_POINT('',(-102.261483092594,16.9537804525809,23.2078065045118));
#13619=CARTESIAN_POINT('Ctrl Pts',(-102.261483092594,16.9537804525809,23.2078065045118));
#13620=CARTESIAN_POINT('Ctrl Pts',(-102.383254468053,16.843326057651,23.0068837350034));
#13621=CARTESIAN_POINT('Ctrl Pts',(-102.619848347903,16.6287203365264,22.6165038332523));
#13622=CARTESIAN_POINT('Ctrl Pts',(-102.77465661625,16.2229920781252,22.3610701904786));
#13623=CARTESIAN_POINT('Ctrl Pts',(-102.849787355402,16.0260861617046,22.237104470878));
#13624=CARTESIAN_POINT('',(-101.833884176817,16.9537804525809,22.9486556464652));
#13625=CARTESIAN_POINT('',(-102.261483092594,16.9537804525809,23.2078065045118));
#13626=CARTESIAN_POINT('Ctrl Pts',(-101.833884176817,16.9537804525809,22.9486556464652));
#13627=CARTESIAN_POINT('Ctrl Pts',(-101.955655552276,16.843326057651,22.7477328769568));
#13628=CARTESIAN_POINT('Ctrl Pts',(-102.192249432126,16.6287203365264,22.3573529752056));
#13629=CARTESIAN_POINT('Ctrl Pts',(-102.347057700473,16.2229920781252,22.101919332432));
#13630=CARTESIAN_POINT('Ctrl Pts',(-102.422188439625,16.0260861617046,21.9779536128313));
#13631=CARTESIAN_POINT('Ctrl Pts',(-101.336601235468,17.248459855886,24.7338615687702));
#13632=CARTESIAN_POINT('Ctrl Pts',(-100.909002319691,17.248459855886,24.4747107107235));
#13633=CARTESIAN_POINT('Ctrl Pts',(-101.503176570131,17.2391887039202,24.4590122665753));
#13634=CARTESIAN_POINT('Ctrl Pts',(-101.075577654354,17.2391887039202,24.1998614085287));
#13635=CARTESIAN_POINT('Ctrl Pts',(-101.818598079459,17.2216331591442,23.9385667761847));
#13636=CARTESIAN_POINT('Ctrl Pts',(-101.390999163682,17.2216331591442,23.6794159181381));
#13637=CARTESIAN_POINT('Ctrl Pts',(-102.119492292255,17.0396551583166,23.4420913250701));
#13638=CARTESIAN_POINT('Ctrl Pts',(-101.691893376478,17.0396551583166,23.1829404670235));
#13639=CARTESIAN_POINT('Ctrl Pts',(-102.261483092594,16.9537804525809,23.2078065045118));
#13640=CARTESIAN_POINT('Ctrl Pts',(-101.833884176817,16.9537804525809,22.9486556464652));
#13641=CARTESIAN_POINT('',(-101.336601235468,17.248459855886,24.7338615687702));
#13642=CARTESIAN_POINT('Ctrl Pts',(-101.336601235468,17.248459855886,24.7338615687702));
#13643=CARTESIAN_POINT('Ctrl Pts',(-101.503176570131,17.2391887039202,24.4590122665753));
#13644=CARTESIAN_POINT('Ctrl Pts',(-101.818598079459,17.2216331591442,23.9385667761847));
#13645=CARTESIAN_POINT('Ctrl Pts',(-102.119492292255,17.0396551583166,23.4420913250701));
#13646=CARTESIAN_POINT('Ctrl Pts',(-102.261483092594,16.9537804525809,23.2078065045118));
#13647=CARTESIAN_POINT('',(-100.909002319691,17.248459855886,24.4747107107235));
#13648=CARTESIAN_POINT('',(-101.336601235468,17.248459855886,24.7338615687702));
#13649=CARTESIAN_POINT('Ctrl Pts',(-100.909002319691,17.248459855886,24.4747107107235));
#13650=CARTESIAN_POINT('Ctrl Pts',(-101.075577654354,17.2391887039202,24.1998614085287));
#13651=CARTESIAN_POINT('Ctrl Pts',(-101.390999163682,17.2216331591442,23.6794159181381));
#13652=CARTESIAN_POINT('Ctrl Pts',(-101.691893376478,17.0396551583166,23.1829404670235));
#13653=CARTESIAN_POINT('Ctrl Pts',(-101.833884176817,16.9537804525809,22.9486556464652));
#13654=CARTESIAN_POINT('Ctrl Pts',(-100.541824501995,16.9974366825538,26.0452431790002));
#13655=CARTESIAN_POINT('Ctrl Pts',(-100.114225586218,16.9974366825538,25.7860923209536));
#13656=CARTESIAN_POINT('Ctrl Pts',(-100.671277376248,17.070651641199,25.8316459364828));
#13657=CARTESIAN_POINT('Ctrl Pts',(-100.243678460471,17.070651641199,25.5724950784362));
#13658=CARTESIAN_POINT('Ctrl Pts',(-100.93083985912,17.2174529892494,25.4033678397433));
#13659=CARTESIAN_POINT('Ctrl Pts',(-100.503240943343,17.2174529892494,25.1442169816967));
#13660=CARTESIAN_POINT('Ctrl Pts',(-101.201119493197,17.2381068145195,24.9574064435162));
#13661=CARTESIAN_POINT('Ctrl Pts',(-100.77352057742,17.2381068145195,24.6982555854696));
#13662=CARTESIAN_POINT('Ctrl Pts',(-101.336601235468,17.248459855886,24.7338615687702));
#13663=CARTESIAN_POINT('Ctrl Pts',(-100.909002319691,17.248459855886,24.4747107107235));
#13664=CARTESIAN_POINT('',(-100.541824501995,16.9974366825538,26.0452431790002));
#13665=CARTESIAN_POINT('Ctrl Pts',(-100.541824501995,16.9974366825538,26.0452431790002));
#13666=CARTESIAN_POINT('Ctrl Pts',(-100.671277376248,17.070651641199,25.8316459364828));
#13667=CARTESIAN_POINT('Ctrl Pts',(-100.93083985912,17.2174529892494,25.4033678397433));
#13668=CARTESIAN_POINT('Ctrl Pts',(-101.201119493197,17.2381068145195,24.9574064435162));
#13669=CARTESIAN_POINT('Ctrl Pts',(-101.336601235468,17.248459855886,24.7338615687702));
#13670=CARTESIAN_POINT('',(-100.114225586218,16.9974366825538,25.7860923209536));
#13671=CARTESIAN_POINT('',(-100.541824501995,16.9974366825538,26.0452431790002));
#13672=CARTESIAN_POINT('Ctrl Pts',(-100.114225586218,16.9974366825538,25.7860923209536));
#13673=CARTESIAN_POINT('Ctrl Pts',(-100.243678460471,17.070651641199,25.5724950784362));
#13674=CARTESIAN_POINT('Ctrl Pts',(-100.503240943343,17.2174529892494,25.1442169816967));
#13675=CARTESIAN_POINT('Ctrl Pts',(-100.77352057742,17.2381068145195,24.6982555854696));
#13676=CARTESIAN_POINT('Ctrl Pts',(-100.909002319691,17.248459855886,24.4747107107235));
#13677=CARTESIAN_POINT('Ctrl Pts',(-99.9252365972439,16.1297696333842,27.0626132218391));
#13678=CARTESIAN_POINT('Ctrl Pts',(-99.4976376814669,16.1297696333842,26.8034623637924));
#13679=CARTESIAN_POINT('Ctrl Pts',(-100.00886229132,16.3205065723314,26.9246308266128));
#13680=CARTESIAN_POINT('Ctrl Pts',(-99.5812633755435,16.3205065723314,26.6654799685661));
#13681=CARTESIAN_POINT('Ctrl Pts',(-100.177872699397,16.7059924955603,26.6457636532862));
#13682=CARTESIAN_POINT('Ctrl Pts',(-99.7502737836202,16.7059924955603,26.3866127952396));
#13683=CARTESIAN_POINT('Ctrl Pts',(-100.419668383902,16.8996168880928,26.2468007738533));
#13684=CARTESIAN_POINT('Ctrl Pts',(-99.992069468125,16.8996168880928,25.9876499158066));
#13685=CARTESIAN_POINT('Ctrl Pts',(-100.541824501995,16.9974366825538,26.0452431790002));
#13686=CARTESIAN_POINT('Ctrl Pts',(-100.114225586218,16.9974366825538,25.7860923209536));
#13687=CARTESIAN_POINT('',(-99.9252365972439,16.1297696333842,27.0626132218391));
#13688=CARTESIAN_POINT('Ctrl Pts',(-99.9252365972439,16.1297696333842,27.0626132218391));
#13689=CARTESIAN_POINT('Ctrl Pts',(-100.00886229132,16.3205065723314,26.9246308266128));
#13690=CARTESIAN_POINT('Ctrl Pts',(-100.177872699397,16.7059924955603,26.6457636532862));
#13691=CARTESIAN_POINT('Ctrl Pts',(-100.419668383902,16.8996168880928,26.2468007738533));
#13692=CARTESIAN_POINT('Ctrl Pts',(-100.541824501995,16.9974366825538,26.0452431790002));
#13693=CARTESIAN_POINT('',(-99.4976376814669,16.1297696333842,26.8034623637924));
#13694=CARTESIAN_POINT('',(-99.9252365972439,16.1297696333842,27.0626132218391));
#13695=CARTESIAN_POINT('Ctrl Pts',(-99.4976376814669,16.1297696333842,26.8034623637924));
#13696=CARTESIAN_POINT('Ctrl Pts',(-99.5812633755435,16.3205065723314,26.6654799685662));
#13697=CARTESIAN_POINT('Ctrl Pts',(-99.7502737836202,16.7059924955603,26.3866127952396));
#13698=CARTESIAN_POINT('Ctrl Pts',(-99.992069468125,16.8996168880928,25.9876499158066));
#13699=CARTESIAN_POINT('Ctrl Pts',(-100.114225586218,16.9974366825538,25.7860923209536));
#13700=CARTESIAN_POINT('Ctrl Pts',(-99.6961373365984,14.5854311686473,27.4406270019043));
#13701=CARTESIAN_POINT('Ctrl Pts',(-99.2685384208214,14.5854311686473,27.1814761438576));
#13702=CARTESIAN_POINT('Ctrl Pts',(-99.7035926652862,14.8744536082292,27.4283257095694));
#13703=CARTESIAN_POINT('Ctrl Pts',(-99.2759937495092,14.8744536082292,27.1691748515228));
#13704=CARTESIAN_POINT('Ctrl Pts',(-99.7177839952738,15.424612157329,27.4049100150898));
#13705=CARTESIAN_POINT('Ctrl Pts',(-99.2901850794968,15.424612157329,27.1457591570431));
#13706=CARTESIAN_POINT('Ctrl Pts',(-99.8584626270071,15.9027965133981,27.1727902727299));
#13707=CARTESIAN_POINT('Ctrl Pts',(-99.4308637112301,15.9027965133981,26.9136394146832));
#13708=CARTESIAN_POINT('Ctrl Pts',(-99.9252365972439,16.1297696333842,27.0626132218391));
#13709=CARTESIAN_POINT('Ctrl Pts',(-99.4976376814669,16.1297696333842,26.8034623637924));
#13710=CARTESIAN_POINT('',(-99.6961373365984,14.5854311686473,27.4406270019043));
#13711=CARTESIAN_POINT('Ctrl Pts',(-99.6961373365984,14.5854311686473,27.4406270019043));
#13712=CARTESIAN_POINT('Ctrl Pts',(-99.7035926652862,14.8744536082292,27.4283257095694));
#13713=CARTESIAN_POINT('Ctrl Pts',(-99.7177839952738,15.424612157329,27.4049100150898));
#13714=CARTESIAN_POINT('Ctrl Pts',(-99.8584626270071,15.9027965133981,27.1727902727299));
#13715=CARTESIAN_POINT('Ctrl Pts',(-99.9252365972439,16.1297696333842,27.0626132218391));
#13716=CARTESIAN_POINT('',(-99.2685384208214,14.5854311686473,27.1814761438576));
#13717=CARTESIAN_POINT('',(-99.6961373365984,14.5854311686473,27.4406270019043));
#13718=CARTESIAN_POINT('Ctrl Pts',(-99.2685384208214,14.5854311686473,27.1814761438576));
#13719=CARTESIAN_POINT('Ctrl Pts',(-99.2759937495092,14.8744536082292,27.1691748515228));
#13720=CARTESIAN_POINT('Ctrl Pts',(-99.2901850794968,15.424612157329,27.1457591570432));
#13721=CARTESIAN_POINT('Ctrl Pts',(-99.4308637112301,15.9027965133981,26.9136394146832));
#13722=CARTESIAN_POINT('Ctrl Pts',(-99.4976376814669,16.1297696333842,26.8034623637924));
#13723=CARTESIAN_POINT('Ctrl Pts',(-99.9026094983308,13.2539167505222,27.0999479350457));
#13724=CARTESIAN_POINT('Ctrl Pts',(-99.4750105825538,13.2539167505222,26.840797076999));
#13725=CARTESIAN_POINT('Ctrl Pts',(-99.8424319317172,13.4480030975615,27.1992409199582));
#13726=CARTESIAN_POINT('Ctrl Pts',(-99.4148330159402,13.4480030975615,26.9400900619115));
#13727=CARTESIAN_POINT('Ctrl Pts',(-99.7155353781029,13.8572733610305,27.4086202334218));
#13728=CARTESIAN_POINT('Ctrl Pts',(-99.2879364623259,13.8572733610305,27.1494693753751));
#13729=CARTESIAN_POINT('Ctrl Pts',(-99.7028218086964,14.334511479316,27.4295976229426));
#13730=CARTESIAN_POINT('Ctrl Pts',(-99.2752228929194,14.334511479316,27.1704467648959));
#13731=CARTESIAN_POINT('Ctrl Pts',(-99.6961373365984,14.5854311686473,27.4406270019043));
#13732=CARTESIAN_POINT('Ctrl Pts',(-99.2685384208214,14.5854311686473,27.1814761438576));
#13733=CARTESIAN_POINT('',(-99.9026094983308,13.2539167505222,27.0999479350457));
#13734=CARTESIAN_POINT('Ctrl Pts',(-99.9026094983308,13.2539167505222,27.0999479350457));
#13735=CARTESIAN_POINT('Ctrl Pts',(-99.8424319317172,13.4480030975615,27.1992409199582));
#13736=CARTESIAN_POINT('Ctrl Pts',(-99.7155353781029,13.8572733610305,27.4086202334218));
#13737=CARTESIAN_POINT('Ctrl Pts',(-99.7028218086964,14.334511479316,27.4295976229426));
#13738=CARTESIAN_POINT('Ctrl Pts',(-99.6961373365984,14.5854311686473,27.4406270019043));
#13739=CARTESIAN_POINT('',(-99.4750105825538,13.2539167505222,26.840797076999));
#13740=CARTESIAN_POINT('',(-99.9026094983308,13.2539167505222,27.0999479350457));
#13741=CARTESIAN_POINT('Ctrl Pts',(-99.4750105825538,13.2539167505222,26.840797076999));
#13742=CARTESIAN_POINT('Ctrl Pts',(-99.4148330159402,13.4480030975615,26.9400900619115));
#13743=CARTESIAN_POINT('Ctrl Pts',(-99.2879364623259,13.8572733610305,27.1494693753751));
#13744=CARTESIAN_POINT('Ctrl Pts',(-99.2752228929194,14.334511479316,27.1704467648959));
#13745=CARTESIAN_POINT('Ctrl Pts',(-99.2685384208214,14.5854311686473,27.1814761438576));
#13746=CARTESIAN_POINT('Ctrl Pts',(-100.561623329393,12.4462773900943,26.0125751137928));
#13747=CARTESIAN_POINT('Ctrl Pts',(-100.134024413616,12.4462773900943,25.7534242557462));
#13748=CARTESIAN_POINT('Ctrl Pts',(-100.424724996306,12.5406289749944,26.2384573633859));
#13749=CARTESIAN_POINT('Ctrl Pts',(-99.9971260805295,12.5406289749944,25.9793065053392));
#13750=CARTESIAN_POINT('Ctrl Pts',(-100.172671530404,12.7143465320398,26.6543455821244));
#13751=CARTESIAN_POINT('Ctrl Pts',(-99.7450726146274,12.7143465320398,26.3951947240777));
#13752=CARTESIAN_POINT('Ctrl Pts',(-99.987299860377,13.0847097101925,26.9602088376696));
#13753=CARTESIAN_POINT('Ctrl Pts',(-99.5597009445999,13.0847097101925,26.7010579796229));
#13754=CARTESIAN_POINT('Ctrl Pts',(-99.9026094983308,13.2539167505222,27.0999479350457));
#13755=CARTESIAN_POINT('Ctrl Pts',(-99.4750105825538,13.2539167505222,26.840797076999));
#13756=CARTESIAN_POINT('',(-100.561623329393,12.4462773900943,26.0125751137928));
#13757=CARTESIAN_POINT('Ctrl Pts',(-100.561623329393,12.4462773900943,26.0125751137928));
#13758=CARTESIAN_POINT('Ctrl Pts',(-100.424724996306,12.5406289749944,26.2384573633859));
#13759=CARTESIAN_POINT('Ctrl Pts',(-100.172671530404,12.7143465320398,26.6543455821244));
#13760=CARTESIAN_POINT('Ctrl Pts',(-99.987299860377,13.0847097101925,26.9602088376696));
#13761=CARTESIAN_POINT('Ctrl Pts',(-99.9026094983308,13.2539167505222,27.0999479350457));
#13762=CARTESIAN_POINT('',(-100.134024413616,12.4462773900943,25.7534242557462));
#13763=CARTESIAN_POINT('',(-100.561623329393,12.4462773900943,26.0125751137928));
#13764=CARTESIAN_POINT('Ctrl Pts',(-100.134024413616,12.4462773900943,25.7534242557462));
#13765=CARTESIAN_POINT('Ctrl Pts',(-99.9971260805295,12.5406289749944,25.9793065053392));
#13766=CARTESIAN_POINT('Ctrl Pts',(-99.7450726146274,12.7143465320398,26.3951947240777));
#13767=CARTESIAN_POINT('Ctrl Pts',(-99.5597009445999,13.0847097101925,26.7010579796229));
#13768=CARTESIAN_POINT('Ctrl Pts',(-99.4750105825538,13.2539167505222,26.840797076999));
#13769=CARTESIAN_POINT('Origin',(-100.434345859391,11.4039852720218,26.2225829392972));
#13770=CARTESIAN_POINT('',(-100.434345859391,11.4039852720218,26.2225829392972));
#13771=CARTESIAN_POINT('',(-101.373678801964,19.0963075838194,24.6726835840509));
#13772=CARTESIAN_POINT('',(-100.006746943614,11.4039852720218,25.9634320812505));
#13773=CARTESIAN_POINT('',(-100.434345859391,11.4039852720218,26.2225829392972));
#13774=CARTESIAN_POINT('',(-100.006746943614,11.4039852720218,25.9634320812505));
#13775=CARTESIAN_POINT('Ctrl Pts',(-99.543404496168,12.5445034604983,27.6926361886144));
#13776=CARTESIAN_POINT('Ctrl Pts',(-99.115805580391,12.5445034604983,27.4334853305677));
#13777=CARTESIAN_POINT('Ctrl Pts',(-99.6626865132486,12.2907366364188,27.4958208604314));
#13778=CARTESIAN_POINT('Ctrl Pts',(-99.2350875974716,12.2907366364188,27.2366700023847));
#13779=CARTESIAN_POINT('Ctrl Pts',(-99.9093495636352,11.765972716036,27.0888268272935));
#13780=CARTESIAN_POINT('Ctrl Pts',(-99.4817506478582,11.765972716036,26.8296759692468));
#13781=CARTESIAN_POINT('Ctrl Pts',(-100.255557920881,11.5272604063512,26.5175830378381));
#13782=CARTESIAN_POINT('Ctrl Pts',(-99.8279590051039,11.5272604063512,26.2584321797914));
#13783=CARTESIAN_POINT('Ctrl Pts',(-100.434345859391,11.4039852720218,26.2225829392972));
#13784=CARTESIAN_POINT('Ctrl Pts',(-100.006746943614,11.4039852720218,25.9634320812505));
#13785=CARTESIAN_POINT('',(-99.543404496168,12.5445034604983,27.6926361886144));
#13786=CARTESIAN_POINT('Ctrl Pts',(-99.543404496168,12.5445034604983,27.6926361886144));
#13787=CARTESIAN_POINT('Ctrl Pts',(-99.6626865132486,12.2907366364188,27.4958208604314));
#13788=CARTESIAN_POINT('Ctrl Pts',(-99.9093495636352,11.765972716036,27.0888268272935));
#13789=CARTESIAN_POINT('Ctrl Pts',(-100.255557920881,11.5272604063512,26.5175830378381));
#13790=CARTESIAN_POINT('Ctrl Pts',(-100.434345859391,11.4039852720218,26.2225829392972));
#13791=CARTESIAN_POINT('',(-99.115805580391,12.5445034604983,27.4334853305677));
#13792=CARTESIAN_POINT('',(-99.543404496168,12.5445034604983,27.6926361886144));
#13793=CARTESIAN_POINT('Ctrl Pts',(-99.115805580391,12.5445034604983,27.4334853305677));
#13794=CARTESIAN_POINT('Ctrl Pts',(-99.2350875974716,12.2907366364188,27.2366700023847));
#13795=CARTESIAN_POINT('Ctrl Pts',(-99.4817506478582,11.765972716036,26.8296759692468));
#13796=CARTESIAN_POINT('Ctrl Pts',(-99.8279590051039,11.5272604063512,26.2584321797914));
#13797=CARTESIAN_POINT('Ctrl Pts',(-100.006746943614,11.4039852720218,25.9634320812505));
#13798=CARTESIAN_POINT('Ctrl Pts',(-99.2266251113848,14.5636030536609,28.2153221735067));
#13799=CARTESIAN_POINT('Ctrl Pts',(-98.7990261956078,14.5636030536609,27.9561713154601));
#13800=CARTESIAN_POINT('Ctrl Pts',(-99.237370901463,14.185874977853,28.1975916198776));
#13801=CARTESIAN_POINT('Ctrl Pts',(-98.809771985686,14.185874977853,27.9384407618309));
#13802=CARTESIAN_POINT('Ctrl Pts',(-99.2579665606052,13.4619115799937,28.163608782293));
#13803=CARTESIAN_POINT('Ctrl Pts',(-98.8303676448282,13.4619115799937,27.9044579242463));
#13804=CARTESIAN_POINT('Ctrl Pts',(-99.4510583797818,12.8413073061735,27.8450072806517));
#13805=CARTESIAN_POINT('Ctrl Pts',(-99.0234594640047,12.8413073061735,27.585856422605));
#13806=CARTESIAN_POINT('Ctrl Pts',(-99.543404496168,12.5445034604983,27.6926361886144));
#13807=CARTESIAN_POINT('Ctrl Pts',(-99.115805580391,12.5445034604983,27.4334853305677));
#13808=CARTESIAN_POINT('',(-99.2266251113848,14.5636030536609,28.2153221735067));
#13809=CARTESIAN_POINT('Ctrl Pts',(-99.2266251113848,14.5636030536609,28.2153221735067));
#13810=CARTESIAN_POINT('Ctrl Pts',(-99.237370901463,14.185874977853,28.1975916198776));
#13811=CARTESIAN_POINT('Ctrl Pts',(-99.2579665606052,13.4619115799937,28.163608782293));
#13812=CARTESIAN_POINT('Ctrl Pts',(-99.4510583797818,12.8413073061735,27.8450072806517));
#13813=CARTESIAN_POINT('Ctrl Pts',(-99.543404496168,12.5445034604983,27.6926361886144));
#13814=CARTESIAN_POINT('',(-98.7990261956078,14.5636030536609,27.9561713154601));
#13815=CARTESIAN_POINT('',(-99.2266251113848,14.5636030536609,28.2153221735067));
#13816=CARTESIAN_POINT('Ctrl Pts',(-98.7990261956078,14.5636030536609,27.9561713154601));
#13817=CARTESIAN_POINT('Ctrl Pts',(-98.809771985686,14.185874977853,27.9384407618309));
#13818=CARTESIAN_POINT('Ctrl Pts',(-98.8303676448282,13.4619115799937,27.9044579242463));
#13819=CARTESIAN_POINT('Ctrl Pts',(-99.0234594640047,12.8413073061735,27.585856422605));
#13820=CARTESIAN_POINT('Ctrl Pts',(-99.115805580391,12.5445034604983,27.4334853305677));
#13821=CARTESIAN_POINT('Ctrl Pts',(-99.4783514709434,16.5063043933826,27.799973680235));
#13822=CARTESIAN_POINT('Ctrl Pts',(-99.0507525551664,16.5063043933826,27.5408228221883));
#13823=CARTESIAN_POINT('Ctrl Pts',(-99.4049346131772,16.20216539134,27.9211114955491));
#13824=CARTESIAN_POINT('Ctrl Pts',(-98.9773356974002,16.20216539134,27.6619606375025));
#13825=CARTESIAN_POINT('Ctrl Pts',(-99.2562151619031,15.5860754785996,28.1664985901514));
#13826=CARTESIAN_POINT('Ctrl Pts',(-98.8286162461261,15.5860754785996,27.9073477321047));
#13827=CARTESIAN_POINT('Ctrl Pts',(-99.2365714876364,14.9072961284346,28.1989106526915));
#13828=CARTESIAN_POINT('Ctrl Pts',(-98.8089725718594,14.9072961284346,27.9397597946449));
#13829=CARTESIAN_POINT('Ctrl Pts',(-99.2266251113848,14.5636030536609,28.2153221735067));
#13830=CARTESIAN_POINT('Ctrl Pts',(-98.7990261956078,14.5636030536609,27.9561713154601));
#13831=CARTESIAN_POINT('',(-99.4783514709434,16.5063043933826,27.799973680235));
#13832=CARTESIAN_POINT('Ctrl Pts',(-99.4783514709434,16.5063043933826,27.799973680235));
#13833=CARTESIAN_POINT('Ctrl Pts',(-99.4049346131772,16.20216539134,27.9211114955491));
#13834=CARTESIAN_POINT('Ctrl Pts',(-99.2562151619031,15.5860754785996,28.1664985901514));
#13835=CARTESIAN_POINT('Ctrl Pts',(-99.2365714876364,14.9072961284346,28.1989106526915));
#13836=CARTESIAN_POINT('Ctrl Pts',(-99.2266251113848,14.5636030536609,28.2153221735067));
#13837=CARTESIAN_POINT('',(-99.0507525551664,16.5063043933826,27.5408228221883));
#13838=CARTESIAN_POINT('',(-99.4783514709434,16.5063043933826,27.799973680235));
#13839=CARTESIAN_POINT('Ctrl Pts',(-99.0507525551664,16.5063043933826,27.5408228221883));
#13840=CARTESIAN_POINT('Ctrl Pts',(-98.9773356974002,16.20216539134,27.6619606375025));
#13841=CARTESIAN_POINT('Ctrl Pts',(-98.8286162461261,15.5860754785996,27.9073477321048));
#13842=CARTESIAN_POINT('Ctrl Pts',(-98.8089725718594,14.9072961284346,27.9397597946449));
#13843=CARTESIAN_POINT('Ctrl Pts',(-98.7990261956078,14.5636030536609,27.9561713154601));
#13844=CARTESIAN_POINT('Ctrl Pts',(-100.210903450706,17.8651037317233,26.5912629136263));
#13845=CARTESIAN_POINT('Ctrl Pts',(-99.7833045349292,17.8651037317233,26.3321120555796));
#13846=CARTESIAN_POINT('Ctrl Pts',(-100.060004626211,17.6903138825036,26.8402459740436));
#13847=CARTESIAN_POINT('Ctrl Pts',(-99.6324057104339,17.6903138825036,26.5810951159969));
#13848=CARTESIAN_POINT('Ctrl Pts',(-99.7619518841476,17.3450720025951,27.3320329984481));
#13849=CARTESIAN_POINT('Ctrl Pts',(-99.3343529683706,17.3450720025951,27.0728821404014));
#13850=CARTESIAN_POINT('Ctrl Pts',(-99.5720897628671,16.7835417997749,27.6453054985609));
#13851=CARTESIAN_POINT('Ctrl Pts',(-99.1444908470901,16.7835417997749,27.3861546405142));
#13852=CARTESIAN_POINT('Ctrl Pts',(-99.4783514709434,16.5063043933826,27.799973680235));
#13853=CARTESIAN_POINT('Ctrl Pts',(-99.0507525551664,16.5063043933826,27.5408228221883));
#13854=CARTESIAN_POINT('',(-100.210903450706,17.8651037317233,26.5912629136263));
#13855=CARTESIAN_POINT('Ctrl Pts',(-100.210903450706,17.8651037317233,26.5912629136263));
#13856=CARTESIAN_POINT('Ctrl Pts',(-100.060004626211,17.6903138825036,26.8402459740436));
#13857=CARTESIAN_POINT('Ctrl Pts',(-99.7619518841476,17.3450720025951,27.3320329984481));
#13858=CARTESIAN_POINT('Ctrl Pts',(-99.5720897628671,16.7835417997749,27.6453054985609));
#13859=CARTESIAN_POINT('Ctrl Pts',(-99.4783514709434,16.5063043933826,27.799973680235));
#13860=CARTESIAN_POINT('',(-99.7833045349292,17.8651037317233,26.3321120555796));
#13861=CARTESIAN_POINT('',(-100.210903450706,17.8651037317233,26.5912629136263));
#13862=CARTESIAN_POINT('Ctrl Pts',(-99.7833045349292,17.8651037317233,26.3321120555796));
#13863=CARTESIAN_POINT('Ctrl Pts',(-99.6324057104339,17.6903138825036,26.5810951159969));
#13864=CARTESIAN_POINT('Ctrl Pts',(-99.3343529683706,17.3450720025951,27.0728821404014));
#13865=CARTESIAN_POINT('Ctrl Pts',(-99.1444908470901,16.7835417997749,27.3861546405142));
#13866=CARTESIAN_POINT('Ctrl Pts',(-99.0507525551664,16.5063043933826,27.5408228221883));
#13867=CARTESIAN_POINT('Ctrl Pts',(-101.33942919805,18.3398650091605,24.7291954305086));
#13868=CARTESIAN_POINT('Ctrl Pts',(-100.911830282273,18.3398650091605,24.4700445724619));
#13869=CARTESIAN_POINT('Ctrl Pts',(-101.134673091974,18.3240966123587,25.0670430055341));
#13870=CARTESIAN_POINT('Ctrl Pts',(-100.707074176197,18.3240966123587,24.8078921474874));
#13871=CARTESIAN_POINT('Ctrl Pts',(-100.743622716554,18.2939815764397,25.7122761249768));
#13872=CARTESIAN_POINT('Ctrl Pts',(-100.316023800777,18.2939815764397,25.4531252669301));
#13873=CARTESIAN_POINT('Ctrl Pts',(-100.382798257901,18.0034915827995,26.307636481755));
#13874=CARTESIAN_POINT('Ctrl Pts',(-99.9551993421239,18.0034915827995,26.0484856237083));
#13875=CARTESIAN_POINT('Ctrl Pts',(-100.210903450706,17.8651037317233,26.5912629136263));
#13876=CARTESIAN_POINT('Ctrl Pts',(-99.7833045349292,17.8651037317233,26.3321120555796));
#13877=CARTESIAN_POINT('',(-101.33942919805,18.3398650091605,24.7291954305086));
#13878=CARTESIAN_POINT('Ctrl Pts',(-101.33942919805,18.3398650091605,24.7291954305086));
#13879=CARTESIAN_POINT('Ctrl Pts',(-101.134673091974,18.3240966123587,25.0670430055341));
#13880=CARTESIAN_POINT('Ctrl Pts',(-100.743622716554,18.2939815764397,25.7122761249768));
#13881=CARTESIAN_POINT('Ctrl Pts',(-100.382798257901,18.0034915827995,26.307636481755));
#13882=CARTESIAN_POINT('Ctrl Pts',(-100.210903450706,17.8651037317233,26.5912629136263));
#13883=CARTESIAN_POINT('',(-100.911830282273,18.3398650091605,24.4700445724619));
#13884=CARTESIAN_POINT('',(-101.33942919805,18.3398650091605,24.7291954305086));
#13885=CARTESIAN_POINT('Ctrl Pts',(-100.911830282273,18.3398650091605,24.4700445724619));
#13886=CARTESIAN_POINT('Ctrl Pts',(-100.707074176197,18.3240966123587,24.8078921474874));
#13887=CARTESIAN_POINT('Ctrl Pts',(-100.316023800777,18.2939815764397,25.4531252669301));
#13888=CARTESIAN_POINT('Ctrl Pts',(-99.9551993421239,18.0034915827995,26.0484856237083));
#13889=CARTESIAN_POINT('Ctrl Pts',(-99.7833045349292,17.8651037317233,26.3321120555796));
#13890=CARTESIAN_POINT('Ctrl Pts',(-102.450985007374,17.9196740191894,22.8951283451238));
#13891=CARTESIAN_POINT('Ctrl Pts',(-102.023386091597,17.9196740191894,22.6359774870771));
#13892=CARTESIAN_POINT('Ctrl Pts',(-102.273880482076,18.0422225176162,23.1873508118656));
#13893=CARTESIAN_POINT('Ctrl Pts',(-101.846281566299,18.0422225176162,22.928199953819));
#13894=CARTESIAN_POINT('Ctrl Pts',(-101.914478171264,18.2909130208489,23.7803646247059));
#13895=CARTESIAN_POINT('Ctrl Pts',(-101.486879255487,18.2909130208489,23.5212137666592));
#13896=CARTESIAN_POINT('Ctrl Pts',(-101.532949847373,18.3233912460465,24.4098863591267));
#13897=CARTESIAN_POINT('Ctrl Pts',(-101.105350931596,18.3233912460465,24.15073550108));
#13898=CARTESIAN_POINT('Ctrl Pts',(-101.33942919805,18.3398650091605,24.7291954305086));
#13899=CARTESIAN_POINT('Ctrl Pts',(-100.911830282273,18.3398650091605,24.4700445724619));
#13900=CARTESIAN_POINT('',(-102.450985007374,17.9196740191894,22.8951283451238));
#13901=CARTESIAN_POINT('Ctrl Pts',(-102.450985007374,17.9196740191894,22.8951283451238));
#13902=CARTESIAN_POINT('Ctrl Pts',(-102.273880482076,18.0422225176162,23.1873508118656));
#13903=CARTESIAN_POINT('Ctrl Pts',(-101.914478171264,18.2909130208489,23.7803646247059));
#13904=CARTESIAN_POINT('Ctrl Pts',(-101.532949847373,18.3233912460465,24.4098863591267));
#13905=CARTESIAN_POINT('Ctrl Pts',(-101.33942919805,18.3398650091605,24.7291954305086));
#13906=CARTESIAN_POINT('',(-102.023386091597,17.9196740191894,22.6359774870771));
#13907=CARTESIAN_POINT('',(-102.450985007374,17.9196740191894,22.8951283451238));
#13908=CARTESIAN_POINT('Ctrl Pts',(-102.023386091597,17.9196740191894,22.6359774870771));
#13909=CARTESIAN_POINT('Ctrl Pts',(-101.846281566299,18.0422225176162,22.928199953819));
#13910=CARTESIAN_POINT('Ctrl Pts',(-101.486879255487,18.2909130208489,23.5212137666592));
#13911=CARTESIAN_POINT('Ctrl Pts',(-101.105350931596,18.3233912460465,24.15073550108));
#13912=CARTESIAN_POINT('Ctrl Pts',(-100.911830282273,18.3398650091605,24.4700445724619));
#13913=CARTESIAN_POINT('Ctrl Pts',(-103.242933160401,16.6863861185031,21.5884138926306));
#13914=CARTESIAN_POINT('Ctrl Pts',(-102.815334244624,16.6863861185031,21.3292630345839));
#13915=CARTESIAN_POINT('Ctrl Pts',(-103.138800039555,16.9417317848854,21.7602335420256));
#13916=CARTESIAN_POINT('Ctrl Pts',(-102.711201123778,16.9417317848854,21.5010826839789));
#13917=CARTESIAN_POINT('Ctrl Pts',(-102.923829268059,17.4688633493175,22.1149353149946));
#13918=CARTESIAN_POINT('Ctrl Pts',(-102.496230352282,17.4688633493175,21.855784456948));
#13919=CARTESIAN_POINT('Ctrl Pts',(-102.611843178666,17.7663115149065,22.6297123624926));
#13920=CARTESIAN_POINT('Ctrl Pts',(-102.184244262889,17.7663115149065,22.3705615044459));
#13921=CARTESIAN_POINT('Ctrl Pts',(-102.450985007374,17.9196740191894,22.8951283451238));
#13922=CARTESIAN_POINT('Ctrl Pts',(-102.023386091597,17.9196740191894,22.6359774870771));
#13923=CARTESIAN_POINT('',(-103.242933160401,16.6863861185031,21.5884138926306));
#13924=CARTESIAN_POINT('Ctrl Pts',(-103.242933160401,16.6863861185031,21.5884138926306));
#13925=CARTESIAN_POINT('Ctrl Pts',(-103.138800039555,16.9417317848854,21.7602335420256));
#13926=CARTESIAN_POINT('Ctrl Pts',(-102.923829268059,17.4688633493175,22.1149353149946));
#13927=CARTESIAN_POINT('Ctrl Pts',(-102.611843178666,17.7663115149065,22.6297123624926));
#13928=CARTESIAN_POINT('Ctrl Pts',(-102.450985007374,17.9196740191894,22.8951283451238));
#13929=CARTESIAN_POINT('',(-102.815334244624,16.6863861185031,21.3292630345839));
#13930=CARTESIAN_POINT('',(-103.242933160401,16.6863861185031,21.5884138926306));
#13931=CARTESIAN_POINT('Ctrl Pts',(-102.815334244624,16.6863861185031,21.3292630345839));
#13932=CARTESIAN_POINT('Ctrl Pts',(-102.711201123778,16.9417317848854,21.5010826839789));
#13933=CARTESIAN_POINT('Ctrl Pts',(-102.496230352282,17.4688633493175,21.855784456948));
#13934=CARTESIAN_POINT('Ctrl Pts',(-102.184244262889,17.7663115149065,22.3705615044459));
#13935=CARTESIAN_POINT('Ctrl Pts',(-102.023386091597,17.9196740191894,22.6359774870771));
#13936=CARTESIAN_POINT('Ctrl Pts',(-103.514458038426,14.5799740653949,21.1403978438891));
#13937=CARTESIAN_POINT('Ctrl Pts',(-103.086859122649,14.5799740653949,20.8812469858424));
#13938=CARTESIAN_POINT('Ctrl Pts',(-103.507044137551,14.9787074188384,21.1526307803332));
#13939=CARTESIAN_POINT('Ctrl Pts',(-103.079445221774,14.9787074188384,20.8934799222866));
#13940=CARTESIAN_POINT('Ctrl Pts',(-103.493271716133,15.7194138120331,21.175355275672));
#13941=CARTESIAN_POINT('Ctrl Pts',(-103.065672800356,15.7194138120331,20.9162044176254));
#13942=CARTESIAN_POINT('Ctrl Pts',(-103.322004614301,16.380960108794,21.4579459936954));
#13943=CARTESIAN_POINT('Ctrl Pts',(-102.894405698524,16.380960108794,21.1987951356488));
#13944=CARTESIAN_POINT('Ctrl Pts',(-103.242933160401,16.6863861185031,21.5884138926306));
#13945=CARTESIAN_POINT('Ctrl Pts',(-102.815334244624,16.6863861185031,21.3292630345839));
#13946=CARTESIAN_POINT('',(-103.514458038426,14.5799740653949,21.1403978438891));
#13947=CARTESIAN_POINT('Ctrl Pts',(-103.514458038426,14.5799740653949,21.1403978438891));
#13948=CARTESIAN_POINT('Ctrl Pts',(-103.507044137551,14.9787074188384,21.1526307803332));
#13949=CARTESIAN_POINT('Ctrl Pts',(-103.493271716133,15.7194138120331,21.175355275672));
#13950=CARTESIAN_POINT('Ctrl Pts',(-103.322004614301,16.380960108794,21.4579459936954));
#13951=CARTESIAN_POINT('Ctrl Pts',(-103.242933160401,16.6863861185031,21.5884138926306));
#13952=CARTESIAN_POINT('',(-103.086859122649,14.5799740653949,20.8812469858424));
#13953=CARTESIAN_POINT('',(-103.514458038426,14.5799740653949,21.1403978438891));
#13954=CARTESIAN_POINT('Ctrl Pts',(-103.086859122649,14.5799740653949,20.8812469858424));
#13955=CARTESIAN_POINT('Ctrl Pts',(-103.079445221774,14.9787074188384,20.8934799222866));
#13956=CARTESIAN_POINT('Ctrl Pts',(-103.065672800356,15.7194138120331,20.9162044176254));
#13957=CARTESIAN_POINT('Ctrl Pts',(-102.894405698524,16.380960108794,21.1987951356488));
#13958=CARTESIAN_POINT('Ctrl Pts',(-102.815334244624,16.6863861185031,21.3292630345839));
#13959=CARTESIAN_POINT('Ctrl Pts',(-103.160909888224,12.4681052070575,21.7237522917217));
#13960=CARTESIAN_POINT('Ctrl Pts',(-102.733310972447,12.4681052070575,21.464601433675));
#13961=CARTESIAN_POINT('Ctrl Pts',(-103.263993834135,12.7784479829453,21.5536637809689));
#13962=CARTESIAN_POINT('Ctrl Pts',(-102.836394918358,12.7784479829453,21.2945129229222));
#13963=CARTESIAN_POINT('Ctrl Pts',(-103.477591997903,13.4215029851837,21.2012268107511));
#13964=CARTESIAN_POINT('Ctrl Pts',(-103.049993082126,13.4215029851837,20.9420759527044));
#13965=CARTESIAN_POINT('Ctrl Pts',(-103.501887640426,14.1849643940645,21.1611390005894));
#13966=CARTESIAN_POINT('Ctrl Pts',(-103.074288724649,14.1849643940645,20.9019881425428));
#13967=CARTESIAN_POINT('Ctrl Pts',(-103.514458038426,14.5799740653949,21.1403978438891));
#13968=CARTESIAN_POINT('Ctrl Pts',(-103.086859122649,14.5799740653949,20.8812469858424));
#13969=CARTESIAN_POINT('',(-103.160909888224,12.4681052070575,21.7237522917217));
#13970=CARTESIAN_POINT('Ctrl Pts',(-103.160909888224,12.4681052070575,21.7237522917217));
#13971=CARTESIAN_POINT('Ctrl Pts',(-103.263993834135,12.7784479829453,21.5536637809689));
#13972=CARTESIAN_POINT('Ctrl Pts',(-103.477591997903,13.4215029851837,21.2012268107511));
#13973=CARTESIAN_POINT('Ctrl Pts',(-103.501887640426,14.1849643940645,21.1611390005894));
#13974=CARTESIAN_POINT('Ctrl Pts',(-103.514458038426,14.5799740653949,21.1403978438891));
#13975=CARTESIAN_POINT('',(-102.733310972447,12.4681052070575,21.464601433675));
#13976=CARTESIAN_POINT('',(-103.160909888224,12.4681052070575,21.7237522917217));
#13977=CARTESIAN_POINT('Ctrl Pts',(-102.733310972447,12.4681052070575,21.464601433675));
#13978=CARTESIAN_POINT('Ctrl Pts',(-102.836394918358,12.7784479829453,21.2945129229222));
#13979=CARTESIAN_POINT('Ctrl Pts',(-103.049993082126,13.4215029851837,20.9420759527044));
#13980=CARTESIAN_POINT('Ctrl Pts',(-103.074288724649,14.1849643940645,20.9019881425428));
#13981=CARTESIAN_POINT('Ctrl Pts',(-103.086859122649,14.5799740653949,20.8812469858424));
#13982=CARTESIAN_POINT('Ctrl Pts',(-102.128549079562,11.2675597768741,23.4271476260146));
#13983=CARTESIAN_POINT('Ctrl Pts',(-101.700950163785,11.2675597768741,23.1679967679679));
#13984=CARTESIAN_POINT('Ctrl Pts',(-102.337002219154,11.3924604073295,23.0831999456876));
#13985=CARTESIAN_POINT('Ctrl Pts',(-101.909403303377,11.3924604073295,22.8240490876409));
#13986=CARTESIAN_POINT('Ctrl Pts',(-102.733030623025,11.6297520951328,22.429753079301));
#13987=CARTESIAN_POINT('Ctrl Pts',(-102.305431707248,11.6297520951328,22.1706022212543));
#13988=CARTESIAN_POINT('Ctrl Pts',(-103.023385793313,12.1986512692049,21.9506670483253));
#13989=CARTESIAN_POINT('Ctrl Pts',(-102.595786877536,12.1986512692049,21.6915161902786));
#13990=CARTESIAN_POINT('Ctrl Pts',(-103.160909888224,12.4681052070575,21.7237522917217));
#13991=CARTESIAN_POINT('Ctrl Pts',(-102.733310972447,12.4681052070575,21.464601433675));
#13992=CARTESIAN_POINT('',(-102.128549079562,11.2675597768741,23.4271476260146));
#13993=CARTESIAN_POINT('Ctrl Pts',(-102.128549079562,11.2675597768741,23.4271476260146));
#13994=CARTESIAN_POINT('Ctrl Pts',(-102.337002219154,11.3924604073295,23.0831999456876));
#13995=CARTESIAN_POINT('Ctrl Pts',(-102.733030623025,11.6297520951328,22.429753079301));
#13996=CARTESIAN_POINT('Ctrl Pts',(-103.023385793313,12.1986512692049,21.9506670483253));
#13997=CARTESIAN_POINT('Ctrl Pts',(-103.160909888224,12.4681052070575,21.7237522917217));
#13998=CARTESIAN_POINT('',(-101.700950163785,11.2675597768741,23.1679967679679));
#13999=CARTESIAN_POINT('',(-102.128549079562,11.2675597768741,23.4271476260146));
#14000=CARTESIAN_POINT('Ctrl Pts',(-101.700950163785,11.2675597768741,23.1679967679679));
#14001=CARTESIAN_POINT('Ctrl Pts',(-101.909403303377,11.3924604073295,22.8240490876409));
#14002=CARTESIAN_POINT('Ctrl Pts',(-102.305431707248,11.6297520951328,22.1706022212543));
#14003=CARTESIAN_POINT('Ctrl Pts',(-102.595786877536,12.1986512692049,21.6915161902786));
#14004=CARTESIAN_POINT('Ctrl Pts',(-102.733310972447,12.4681052070575,21.464601433675));
#14005=CARTESIAN_POINT('Origin',(-101.989958214569,12.3262223106341,23.6558225532534));
#14006=CARTESIAN_POINT('',(-101.989958214569,12.3262223106341,23.6558225532534));
#14007=CARTESIAN_POINT('',(-100.685948011294,22.2872449647256,25.8074393886561));
#14008=CARTESIAN_POINT('',(-101.562359298792,12.3262223106341,23.3966716952067));
#14009=CARTESIAN_POINT('',(-101.989958214569,12.3262223106341,23.6558225532534));
#14010=CARTESIAN_POINT('',(-101.562359298792,12.3262223106341,23.3966716952067));
#14011=CARTESIAN_POINT('Ctrl Pts',(-102.779077787148,13.1611474853473,22.353775258497));
#14012=CARTESIAN_POINT('Ctrl Pts',(-102.351478871371,13.1611474853473,22.0946244004503));
#14013=CARTESIAN_POINT('Ctrl Pts',(-102.674445439765,12.9701767306033,22.5264186316789));
#14014=CARTESIAN_POINT('Ctrl Pts',(-102.246846523988,12.9701767306033,22.2672677736322));
#14015=CARTESIAN_POINT('Ctrl Pts',(-102.449850898805,12.5602558020246,22.8969996242637));
#14016=CARTESIAN_POINT('Ctrl Pts',(-102.022251983028,12.5602558020246,22.6378487662171));
#14017=CARTESIAN_POINT('Ctrl Pts',(-102.150076214541,12.4077043081793,23.391627853299));
#14018=CARTESIAN_POINT('Ctrl Pts',(-101.722477298764,12.4077043081793,23.1324769952524));
#14019=CARTESIAN_POINT('Ctrl Pts',(-101.989958214569,12.3262223106341,23.6558225532534));
#14020=CARTESIAN_POINT('Ctrl Pts',(-101.562359298792,12.3262223106341,23.3966716952067));
#14021=CARTESIAN_POINT('Ctrl Pts',(-102.779077787148,13.1611474853473,22.353775258497));
#14022=CARTESIAN_POINT('Ctrl Pts',(-102.674445439765,12.9701767306033,22.5264186316789));
#14023=CARTESIAN_POINT('Ctrl Pts',(-102.449850898805,12.5602558020246,22.8969996242637));
#14024=CARTESIAN_POINT('Ctrl Pts',(-102.150076214541,12.4077043081793,23.391627853299));
#14025=CARTESIAN_POINT('Ctrl Pts',(-101.989958214569,12.3262223106341,23.6558225532534));
#14026=CARTESIAN_POINT('Ctrl Pts',(-102.351478871371,13.1611474853473,22.0946244004503));
#14027=CARTESIAN_POINT('Ctrl Pts',(-102.246846523988,12.9701767306033,22.2672677736322));
#14028=CARTESIAN_POINT('Ctrl Pts',(-102.022251983028,12.5602558020246,22.6378487662171));
#14029=CARTESIAN_POINT('Ctrl Pts',(-101.722477298764,12.4077043081793,23.1324769952524));
#14030=CARTESIAN_POINT('Ctrl Pts',(-101.562359298792,12.3262223106341,23.3966716952067));
#14031=CARTESIAN_POINT('Origin',(-104.177201968817,0.0479147088246457,19.0821812896646));
#14032=CARTESIAN_POINT('Origin',(-95.0000014156103,30.1128745079041,35.1892512715345));
#14033=CARTESIAN_POINT('Origin',(-95.0000014156103,30.1128745079041,35.1892512715345));
#14034=CARTESIAN_POINT('Origin',(-95.0000014156103,30.1128745079041,35.1892512715345));
#14035=CARTESIAN_POINT('Origin',(-95.0000014156103,30.1128745079041,35.1892512715345));
#14036=CARTESIAN_POINT('Origin',(-95.0000014156103,30.1128745079041,35.1892512715345));
#14037=CARTESIAN_POINT('Origin',(-105.,62.556437253952,37.9830349888667));
#14038=CARTESIAN_POINT('',(-94.9999999999997,30.1128745079041,37.9830349888667));
#14039=CARTESIAN_POINT('',(-96.4480216844596,30.1128745079041,32.8000178279333));
#14040=CARTESIAN_POINT('Origin',(-105.,30.1128745079041,37.9830349888667));
#14041=CARTESIAN_POINT('',(-96.4480216844596,-29.8871254920959,32.8000178279333));
#14042=CARTESIAN_POINT('',(-96.4480216844596,62.556437253952,32.8000178279333));
#14043=CARTESIAN_POINT('',(-94.9999999999997,-29.8871254920959,37.9830349888667));
#14044=CARTESIAN_POINT('Origin',(-105.,-29.8871254920959,37.9830349888667));
#14045=CARTESIAN_POINT('',(-94.9999999999997,62.556437253952,37.9830349888667));
#14046=CARTESIAN_POINT('Origin',(-95.0000014156103,30.1128745079041,35.1892512715345));
#14047=CARTESIAN_POINT('',(-113.605350877819,30.1128745079041,4.4904246588904));
#14048=CARTESIAN_POINT('',(-95.0000014156103,30.1128745079041,35.1892512715345));
#14049=CARTESIAN_POINT('',(-113.605350877819,-29.8871254920959,4.4904246588904));
#14050=CARTESIAN_POINT('',(-113.605350877819,30.1128745079041,4.4904246588904));
#14051=CARTESIAN_POINT('',(-95.0000014156103,-29.8871254920959,35.1892512715345));
#14052=CARTESIAN_POINT('Origin',(-112.690456659444,30.1128745079041,6.00000011920929));
#14053=CARTESIAN_POINT('',(-111.521136575712,30.1128745079041,6.00000011920929));
#14054=CARTESIAN_POINT('',(-111.521136575712,-29.8871254920959,6.00000011920929));
#14055=CARTESIAN_POINT('',(-111.521136575712,30.1128745079041,6.00000011920929));
#14056=CARTESIAN_POINT('',(-95.9999999999999,30.1128745079041,6.00000011920929));
#14057=CARTESIAN_POINT('',(-112.690456659444,30.1128745079041,6.00000011920929));
#14058=CARTESIAN_POINT('',(-95.9999999999999,-29.8871254920959,6.00000011920929));
#14059=CARTESIAN_POINT('',(-95.9999999999999,30.1128745079041,6.00000011920929));
#14060=CARTESIAN_POINT('',(-112.690456659444,-29.8871254920959,6.00000011920929));
#14061=CARTESIAN_POINT('Origin',(-95.0000014156103,30.1128745079041,8.00000011920929));
#14062=CARTESIAN_POINT('',(-110.309015363591,-29.8871254920959,8.00000011920929));
#14063=CARTESIAN_POINT('',(-110.309015363591,30.1128745079041,8.00000011920929));
#14064=CARTESIAN_POINT('',(-110.309015363591,30.1128745079041,8.00000011920929));
#14065=CARTESIAN_POINT('',(-95.9999999999999,-29.8871254920959,8.00000011920929));
#14066=CARTESIAN_POINT('',(-95.0000014156103,-29.8871254920959,8.00000011920929));
#14067=CARTESIAN_POINT('',(-95.9999999999999,30.1128745079041,8.00000011920929));
#14068=CARTESIAN_POINT('',(-95.9999999999999,30.1128745079041,8.00000011920929));
#14069=CARTESIAN_POINT('',(-95.0000014156103,30.1128745079041,8.00000011920929));
#14070=CARTESIAN_POINT('Origin',(-94.1448035840563,30.1128745079041,34.6709495554412));
#14071=CARTESIAN_POINT('',(-104.891287392485,30.1128745079041,16.9392512715339));
#14072=CARTESIAN_POINT('',(-99.952228117251,30.1128745079041,25.0886990756699));
#14073=CARTESIAN_POINT('',(-104.891287392485,-29.8871254920959,16.9392512715339));
#14074=CARTESIAN_POINT('',(-104.891287392485,30.1128745079041,16.9392512715339));
#14075=CARTESIAN_POINT('',(-99.952228117251,-29.8871254920959,25.0886990756699));
#14076=CARTESIAN_POINT('Origin',(-104.411277065244,30.1128745079041,14.6892512715339));
#14077=CARTESIAN_POINT('',(-95.,30.1128745079041,-5.81074872846675));
#14078=CARTESIAN_POINT('',(-95.,30.1128745079041,3.43925127153417));
#14079=CARTESIAN_POINT('',(-112.338301196729,30.1128745079041,2.21305474372629));
#14080=CARTESIAN_POINT('Ctrl Pts',(-95.,30.1128745079041,-5.81074872846675));
#14081=CARTESIAN_POINT('Ctrl Pts',(-95.1183261416293,30.1128745079041,-5.45388016757188));
#14082=CARTESIAN_POINT('Ctrl Pts',(-95.3814271290783,30.1128745079041,-4.7586286730533));
#14083=CARTESIAN_POINT('Ctrl Pts',(-95.8554268085787,30.1128745079041,-3.77120977087289));
#14084=CARTESIAN_POINT('Ctrl Pts',(-96.6487157323318,30.1128745079041,-2.56738019123854));
#14085=CARTESIAN_POINT('Ctrl Pts',(-97.9253734422929,30.1128745079041,-1.26181902139713));
#14086=CARTESIAN_POINT('Ctrl Pts',(-99.5058584987563,30.1128745079041,-0.16860999712253));
#14087=CARTESIAN_POINT('Ctrl Pts',(-101.402950116756,30.1128745079041,0.70331518480575));
#14088=CARTESIAN_POINT('Ctrl Pts',(-103.605622449142,30.1128745079041,1.36166275071836));
#14089=CARTESIAN_POINT('Ctrl Pts',(-106.087566222984,30.1128745079041,1.82482087606171));
#14090=CARTESIAN_POINT('Ctrl Pts',(-108.363533828736,30.1128745079041,2.06463629164835));
#14091=CARTESIAN_POINT('Ctrl Pts',(-110.206242840864,30.1128745079041,2.16769691377369));
#14092=CARTESIAN_POINT('Ctrl Pts',(-111.516972714497,30.1128745079041,2.20300087496094));
#14093=CARTESIAN_POINT('Ctrl Pts',(-112.236436397282,30.1128745079041,2.21198530363074));
#14094=CARTESIAN_POINT('Ctrl Pts',(-112.338301196729,30.1128745079041,2.21305474372628));
#14095=CARTESIAN_POINT('Origin',(-112.322554130488,30.1128745079041,3.71297208475039));
#14096=CARTESIAN_POINT('',(-112.750153046265,30.1128745079041,3.97212294279706));
#14097=CARTESIAN_POINT('',(-99.952228117251,30.1128745079041,25.0886990756699));
#14098=CARTESIAN_POINT('',(-112.327803152568,30.1128745079041,3.21299963774235));
#14099=CARTESIAN_POINT('Origin',(-112.322554130488,30.1128745079041,3.71297208475039));
#14100=CARTESIAN_POINT('',(-96.0000000000011,30.1128745079041,-1.91785279724974));
#14101=CARTESIAN_POINT('Ctrl Pts',(-112.327803152568,30.1128745079041,3.21299963774235));
#14102=CARTESIAN_POINT('Ctrl Pts',(-107.522094762077,30.1128745079041,3.16254631855693));
#14103=CARTESIAN_POINT('Ctrl Pts',(-103.390745387918,30.1128745079041,2.62733507133795));
#14104=CARTESIAN_POINT('Ctrl Pts',(-100.243048621229,30.1128745079041,1.22466508759445));
#14105=CARTESIAN_POINT('Ctrl Pts',(-98.5005100156622,30.1128745079041,0.448158715249724));
#14106=CARTESIAN_POINT('Ctrl Pts',(-97.0851909309418,30.112874507904,-0.619655230542614));
#14107=CARTESIAN_POINT('Ctrl Pts',(-96.0060884038931,30.112874507904,-1.9214064192689));
#14108=CARTESIAN_POINT('',(-96.,30.1128745079041,4.43925127153355));
#14109=CARTESIAN_POINT('',(-95.9999999999999,30.1128745079041,16.9392512715339));
#14110=CARTESIAN_POINT('',(-96.,30.1128745079041,4.43925127153355));
#14111=CARTESIAN_POINT('',(-106.060607476217,30.1128745079041,16.9392512715339));
#14112=CARTESIAN_POINT('',(-95.9999999999999,30.1128745079041,18.9392512715339));
#14113=CARTESIAN_POINT('',(-103.679166180364,30.1128745079041,18.9392512715339));
#14114=CARTESIAN_POINT('',(-94.9999999999999,30.1128745079041,18.9392512715339));
#14115=CARTESIAN_POINT('',(-95.9999999999998,30.1128745079041,28.0000004470348));
#14116=CARTESIAN_POINT('',(-96.,30.1128745079041,4.43925127153355));
#14117=CARTESIAN_POINT('',(-98.1878030436965,30.1128745079041,28.0000004470348));
#14118=CARTESIAN_POINT('',(-99.3571231274284,30.1128745079041,28.0000004470348));
#14119=CARTESIAN_POINT('',(-99.952228117251,30.1128745079041,25.0886990756699));
#14120=CARTESIAN_POINT('',(-95.9999999999998,30.1128745079041,30.0000004470348));
#14121=CARTESIAN_POINT('',(-96.9756818315753,30.1128745079041,30.0000004470348));
#14122=CARTESIAN_POINT('',(-95.0000014156103,30.1128745079041,30.0000004470348));
#14123=CARTESIAN_POINT('',(-95.9999999999998,30.1128745079041,31.6098754691345));
#14124=CARTESIAN_POINT('',(-96.,30.1128745079041,4.43925127153355));
#14125=CARTESIAN_POINT('',(-99.952228117251,30.1128745079041,25.0886990756699));
#14126=CARTESIAN_POINT('Origin',(-96.,30.1128745079041,-5.81074872846674));
#14127=CARTESIAN_POINT('',(-95.9999999999999,-29.8871254920959,16.9392512715339));
#14128=CARTESIAN_POINT('',(-96.,-29.8871254920959,4.43925127153355));
#14129=CARTESIAN_POINT('',(-95.9999999999999,30.1128745079041,16.9392512715339));
#14130=CARTESIAN_POINT('Origin',(-106.060607476217,30.1128745079041,16.9392512715339));
#14131=CARTESIAN_POINT('',(-106.060607476217,-29.8871254920959,16.9392512715339));
#14132=CARTESIAN_POINT('Origin',(-94.9999999999999,30.1128745079041,18.9392512715339));
#14133=CARTESIAN_POINT('',(-103.679166180364,-29.8871254920959,18.9392512715339));
#14134=CARTESIAN_POINT('',(-103.679166180364,30.1128745079041,18.9392512715339));
#14135=CARTESIAN_POINT('',(-95.9999999999999,-29.8871254920959,18.9392512715339));
#14136=CARTESIAN_POINT('',(-94.9999999999999,-29.8871254920959,18.9392512715339));
#14137=CARTESIAN_POINT('',(-95.9999999999999,30.1128745079041,18.9392512715339));
#14138=CARTESIAN_POINT('Origin',(-94.1448035840563,30.1128745079041,34.6709495554412));
#14139=CARTESIAN_POINT('',(-112.750153046265,-29.8871254920959,3.97212294279706));
#14140=CARTESIAN_POINT('',(-99.952228117251,-29.8871254920959,25.0886990756699));
#14141=CARTESIAN_POINT('',(-112.750153046265,30.1128745079041,3.97212294279706));
#14142=CARTESIAN_POINT('Origin',(-94.1448035840563,30.1128745079041,34.6709495554412));
#14143=CARTESIAN_POINT('',(-98.1878030436965,-29.8871254920959,28.0000004470348));
#14144=CARTESIAN_POINT('',(-98.1878030436965,30.1128745079041,28.0000004470348));
#14145=CARTESIAN_POINT('',(-99.952228117251,-29.8871254920959,25.0886990756699));
#14146=CARTESIAN_POINT('Origin',(-104.411277065244,-29.8871254920959,14.6892512715339));
#14147=CARTESIAN_POINT('',(-112.338301196729,-29.8871254920959,2.21305474372629));
#14148=CARTESIAN_POINT('Origin',(-112.322554130488,-29.8871254920959,3.71297208475039));
#14149=CARTESIAN_POINT('',(-95.,-29.8871254920959,-5.81074872846675));
#14150=CARTESIAN_POINT('Ctrl Pts',(-112.338301196729,-29.8871254920959,
2.21305474372628));
#14151=CARTESIAN_POINT('Ctrl Pts',(-112.236436397282,-29.8871254920959,
2.21198530363074));
#14152=CARTESIAN_POINT('Ctrl Pts',(-111.516972714497,-29.8871254920959,
2.20300087496094));
#14153=CARTESIAN_POINT('Ctrl Pts',(-110.206242840864,-29.8871254920959,
2.16769691377369));
#14154=CARTESIAN_POINT('Ctrl Pts',(-108.363533828736,-29.8871254920959,
2.06463629164835));
#14155=CARTESIAN_POINT('Ctrl Pts',(-106.087566222984,-29.8871254920959,
1.82482087606171));
#14156=CARTESIAN_POINT('Ctrl Pts',(-103.605622449142,-29.8871254920959,
1.36166275071836));
#14157=CARTESIAN_POINT('Ctrl Pts',(-101.402950116756,-29.8871254920959,
0.70331518480575));
#14158=CARTESIAN_POINT('Ctrl Pts',(-99.5058584987563,-29.8871254920959,
-0.16860999712253));
#14159=CARTESIAN_POINT('Ctrl Pts',(-97.9253734422929,-29.8871254920959,
-1.26181902139713));
#14160=CARTESIAN_POINT('Ctrl Pts',(-96.6487157323318,-29.8871254920959,
-2.56738019123854));
#14161=CARTESIAN_POINT('Ctrl Pts',(-95.8554268085787,-29.8871254920959,
-3.77120977087289));
#14162=CARTESIAN_POINT('Ctrl Pts',(-95.3814271290783,-29.8871254920959,
-4.7586286730533));
#14163=CARTESIAN_POINT('Ctrl Pts',(-95.1183261416293,-29.8871254920959,
-5.45388016757188));
#14164=CARTESIAN_POINT('Ctrl Pts',(-95.,-29.8871254920959,-5.81074872846675));
#14165=CARTESIAN_POINT('',(-95.,-29.8871254920959,3.43925127153417));
#14166=CARTESIAN_POINT('',(-95.9999999999998,-29.8871254920959,28.0000004470348));
#14167=CARTESIAN_POINT('',(-99.3571231274284,-29.8871254920959,28.0000004470348));
#14168=CARTESIAN_POINT('',(-96.,-29.8871254920959,4.43925127153355));
#14169=CARTESIAN_POINT('',(-96.9756818315753,-29.8871254920959,30.0000004470348));
#14170=CARTESIAN_POINT('',(-95.9999999999998,-29.8871254920959,31.6098754691345));
#14171=CARTESIAN_POINT('',(-99.952228117251,-29.8871254920959,25.0886990756699));
#14172=CARTESIAN_POINT('',(-95.9999999999998,-29.8871254920959,30.0000004470348));
#14173=CARTESIAN_POINT('',(-96.,-29.8871254920959,4.43925127153355));
#14174=CARTESIAN_POINT('',(-95.0000014156103,-29.8871254920959,30.0000004470348));
#14175=CARTESIAN_POINT('',(-96.0000000000011,-29.8871254920959,-1.91785279724972));
#14176=CARTESIAN_POINT('',(-96.,-29.8871254920959,4.43925127153355));
#14177=CARTESIAN_POINT('',(-112.327803152568,-29.8871254920959,3.21299963774235));
#14178=CARTESIAN_POINT('Ctrl Pts',(-96.0060884038932,-29.8871254920959,
-1.92140641926889));
#14179=CARTESIAN_POINT('Ctrl Pts',(-97.0851909309418,-29.8871254920959,
-0.619655230542608));
#14180=CARTESIAN_POINT('Ctrl Pts',(-98.5005100156622,-29.8871254920959,
0.448158715249726));
#14181=CARTESIAN_POINT('Ctrl Pts',(-100.243048621229,-29.8871254920959,
1.22466508759445));
#14182=CARTESIAN_POINT('Ctrl Pts',(-103.390745387918,-29.8871254920959,
2.62733507133795));
#14183=CARTESIAN_POINT('Ctrl Pts',(-107.522094762077,-29.8871254920959,
3.16254631855693));
#14184=CARTESIAN_POINT('Ctrl Pts',(-112.327803152568,-29.8871254920959,
3.21299963774235));
#14185=CARTESIAN_POINT('Origin',(-112.322554130488,-29.8871254920959,3.71297208475039));
#14186=CARTESIAN_POINT('Origin',(-96.,30.1128745079041,-5.81074872846674));
#14187=CARTESIAN_POINT('',(-95.9999999999998,30.1128745079041,28.0000004470348));
#14188=CARTESIAN_POINT('Origin',(-96.,30.1128745079041,-5.81074872846674));
#14189=CARTESIAN_POINT('Ctrl Pts',(-96.,30.1128745079041,-1.91785279725503));
#14190=CARTESIAN_POINT('Ctrl Pts',(-96.,20.1128745079041,-1.91785279725503));
#14191=CARTESIAN_POINT('Ctrl Pts',(-96.,10.1128745079041,-1.917852797255));
#14192=CARTESIAN_POINT('Ctrl Pts',(-96.,-9.88712549209595,-1.917852797255));
#14193=CARTESIAN_POINT('Ctrl Pts',(-96.,-19.8871254920959,-1.91785279725503));
#14194=CARTESIAN_POINT('Ctrl Pts',(-96.,-29.8871254920959,-1.91785279725503));
#14195=CARTESIAN_POINT('Origin',(-99.3571231274284,30.1128745079041,28.0000004470348));
#14196=CARTESIAN_POINT('Origin',(-95.0000014156103,30.1128745079041,30.0000004470348));
#14197=CARTESIAN_POINT('',(-96.9756818315753,30.1128745079041,30.0000004470348));
#14198=CARTESIAN_POINT('',(-95.9999999999998,30.1128745079041,30.0000004470348));
#14199=CARTESIAN_POINT('Origin',(-94.1448035840563,30.1128745079041,34.6709495554412));
#14200=CARTESIAN_POINT('',(-95.9999999999998,30.1128745079041,31.6098754691345));
#14201=CARTESIAN_POINT('Origin',(-96.,30.1128745079041,-5.81074872846674));
#14202=CARTESIAN_POINT('Ctrl Pts',(-112.327803152568,30.1128745079041,3.21299963774235));
#14203=CARTESIAN_POINT('Ctrl Pts',(-112.327803152568,-29.8871254920959,
3.21299963774235));
#14204=CARTESIAN_POINT('Ctrl Pts',(-107.522094762077,30.1128745079041,3.16254631855693));
#14205=CARTESIAN_POINT('Ctrl Pts',(-107.522094762077,-29.8871254920959,
3.16254631855693));
#14206=CARTESIAN_POINT('Ctrl Pts',(-103.390745387918,30.1128745079041,2.62733507133795));
#14207=CARTESIAN_POINT('Ctrl Pts',(-103.390745387918,-29.8871254920959,
2.62733507133795));
#14208=CARTESIAN_POINT('Ctrl Pts',(-100.243048621229,30.1128745079041,1.22466508759445));
#14209=CARTESIAN_POINT('Ctrl Pts',(-100.243048621229,-29.8871254920959,
1.22466508759445));
#14210=CARTESIAN_POINT('Ctrl Pts',(-97.6183948121033,30.1128745079041,0.0550724016855095));
#14211=CARTESIAN_POINT('Ctrl Pts',(-97.6183948121033,-29.8871254920959,
0.0550724016855095));
#14212=CARTESIAN_POINT('Ctrl Pts',(-95.7361076362763,30.112874507904,-1.77541307569026));
#14213=CARTESIAN_POINT('Ctrl Pts',(-95.7361076362763,-29.887125492096,-1.77541307569026));
#14214=CARTESIAN_POINT('Ctrl Pts',(-94.626931659058,30.112874507904,-4.07074614569413));
#14215=CARTESIAN_POINT('Ctrl Pts',(-94.626931659058,-29.887125492096,-4.07074614569413));
#14216=CARTESIAN_POINT('Ctrl Pts',(-94.4058942477372,30.112874507904,-4.52816182213625));
#14217=CARTESIAN_POINT('Ctrl Pts',(-94.4058942477372,-29.887125492096,-4.52816182213625));
#14218=CARTESIAN_POINT('Ctrl Pts',(-94.214112145392,30.1128745079041,-5.00353013035861));
#14219=CARTESIAN_POINT('Ctrl Pts',(-94.214112145392,-29.8871254920959,-5.00353013035861));
#14220=CARTESIAN_POINT('Ctrl Pts',(-94.0508151699224,30.1128745079041,-5.49602955467761));
#14221=CARTESIAN_POINT('Ctrl Pts',(-94.0508151699224,-29.8871254920959,
-5.49602955467761));
#14222=CARTESIAN_POINT('',(-112.327803152568,30.1128745079041,3.21299963774235));
#14223=CARTESIAN_POINT('Origin',(-112.322554130488,30.1128745079041,3.71297208475039));
#14224=CARTESIAN_POINT('Ctrl Pts',(-112.338301196729,30.1128745079041,2.21305474372628));
#14225=CARTESIAN_POINT('Ctrl Pts',(-112.338301196729,-29.8871254920959,
2.21305474372628));
#14226=CARTESIAN_POINT('Ctrl Pts',(-112.236436397282,30.1128745079041,2.21198530363074));
#14227=CARTESIAN_POINT('Ctrl Pts',(-112.236436397282,-29.8871254920959,
2.21198530363074));
#14228=CARTESIAN_POINT('Ctrl Pts',(-111.516972714497,30.1128745079041,2.20300087496094));
#14229=CARTESIAN_POINT('Ctrl Pts',(-111.516972714497,-29.8871254920959,
2.20300087496094));
#14230=CARTESIAN_POINT('Ctrl Pts',(-110.206242840864,30.1128745079041,2.16769691377369));
#14231=CARTESIAN_POINT('Ctrl Pts',(-110.206242840864,-29.8871254920959,
2.16769691377369));
#14232=CARTESIAN_POINT('Ctrl Pts',(-108.363533828736,30.1128745079041,2.06463629164835));
#14233=CARTESIAN_POINT('Ctrl Pts',(-108.363533828736,-29.8871254920959,
2.06463629164835));
#14234=CARTESIAN_POINT('Ctrl Pts',(-106.087566222984,30.1128745079041,1.82482087606171));
#14235=CARTESIAN_POINT('Ctrl Pts',(-106.087566222984,-29.8871254920959,
1.82482087606171));
#14236=CARTESIAN_POINT('Ctrl Pts',(-103.605622449142,30.1128745079041,1.36166275071836));
#14237=CARTESIAN_POINT('Ctrl Pts',(-103.605622449142,-29.8871254920959,
1.36166275071836));
#14238=CARTESIAN_POINT('Ctrl Pts',(-101.402950116756,30.1128745079041,0.70331518480575));
#14239=CARTESIAN_POINT('Ctrl Pts',(-101.402950116756,-29.8871254920959,
0.70331518480575));
#14240=CARTESIAN_POINT('Ctrl Pts',(-99.5058584987563,30.1128745079041,-0.16860999712253));
#14241=CARTESIAN_POINT('Ctrl Pts',(-99.5058584987563,-29.8871254920959,
-0.16860999712253));
#14242=CARTESIAN_POINT('Ctrl Pts',(-97.9253734422929,30.1128745079041,-1.26181902139713));
#14243=CARTESIAN_POINT('Ctrl Pts',(-97.9253734422929,-29.8871254920959,
-1.26181902139713));
#14244=CARTESIAN_POINT('Ctrl Pts',(-96.6487157323318,30.1128745079041,-2.56738019123854));
#14245=CARTESIAN_POINT('Ctrl Pts',(-96.6487157323318,-29.8871254920959,
-2.56738019123854));
#14246=CARTESIAN_POINT('Ctrl Pts',(-95.8554268085787,30.1128745079041,-3.77120977087289));
#14247=CARTESIAN_POINT('Ctrl Pts',(-95.8554268085787,-29.8871254920959,
-3.77120977087289));
#14248=CARTESIAN_POINT('Ctrl Pts',(-95.3814271290783,30.1128745079041,-4.7586286730533));
#14249=CARTESIAN_POINT('Ctrl Pts',(-95.3814271290783,-29.8871254920959,
-4.7586286730533));
#14250=CARTESIAN_POINT('Ctrl Pts',(-95.1183261416293,30.1128745079041,-5.45388016757188));
#14251=CARTESIAN_POINT('Ctrl Pts',(-95.1183261416293,-29.8871254920959,
-5.45388016757188));
#14252=CARTESIAN_POINT('Ctrl Pts',(-95.,30.1128745079041,-5.81074872846675));
#14253=CARTESIAN_POINT('Ctrl Pts',(-95.,-29.8871254920959,-5.81074872846675));
#14254=CARTESIAN_POINT('',(-95.,47.5,-5.81074872846674));
#14255=CARTESIAN_POINT('',(-112.338301196729,30.1128745079041,2.21305474372629));
#14256=CARTESIAN_POINT('Origin',(-112.322554130488,30.1128745079041,3.71297208475039));
#14257=CARTESIAN_POINT('Origin',(59.5000000000001,-110.000000931323,-2.50000005960464));
#14258=CARTESIAN_POINT('',(60.0000000000001,-153.414215872053,-3.00000005960464));
#14259=CARTESIAN_POINT('',(60.0000000000001,-126.585788300272,-3.00000005960465));
#14260=CARTESIAN_POINT('',(60.0000000000001,-110.000000931323,-3.00000005960464));
#14261=CARTESIAN_POINT('',(59.0000000000001,-127.000001862645,-2.00000005960464));
#14262=CARTESIAN_POINT('',(60.0000000000001,-126.585788300272,-3.00000005960465));
#14263=CARTESIAN_POINT('',(59.0000000000001,-153.00000230968,-2.00000005960464));
#14264=CARTESIAN_POINT('',(59.0000000000001,-110.000000931323,-2.00000005960464));
#14265=CARTESIAN_POINT('',(60.0000000000001,-153.414215872053,-3.00000005960464));
#14266=CARTESIAN_POINT('Origin',(59.5000000000001,-120.349135173606,3.94375984824809));
#14267=CARTESIAN_POINT('',(60.0000000000001,-124.000001862645,-0.414213621977744));
#14268=CARTESIAN_POINT('',(60.0000000000001,-119.995581783013,3.59020645765482));
#14269=CARTESIAN_POINT('',(59.0000000000001,-125.000001862645,-5.9604644553346E-8));
#14270=CARTESIAN_POINT('',(60.0000000000001,-124.000001862645,-0.414213621977744));
#14271=CARTESIAN_POINT('',(59.0000000000001,-120.702688564199,4.29731323884137));
#14272=CARTESIAN_POINT('Origin',(59.5000000000001,-124.500001862645,-1.90537432697996));
#14273=CARTESIAN_POINT('',(60.0000000000001,-124.000001862645,5.41421363687892));
#14274=CARTESIAN_POINT('',(60.0000000000001,-124.000001862645,-1.90537432697996));
#14275=CARTESIAN_POINT('',(59.0000000000001,-125.000001862645,5.00000007450581));
#14276=CARTESIAN_POINT('',(60.0000000000001,-124.000001862645,5.41421363687891));
#14277=CARTESIAN_POINT('',(59.0000000000001,-125.000001862645,-1.90537432697996));
#14278=CARTESIAN_POINT('Origin',(59.5000000000001,-113.693760805648,-5.59913420130511));
#14279=CARTESIAN_POINT('',(60.0000000000001,-126.585788300272,8.0000000745058));
#14280=CARTESIAN_POINT('',(60.0000000000001,-113.340207415054,-5.24558081071183));
#14281=CARTESIAN_POINT('',(59.0000000000001,-127.000001862645,7.00000007450581));
#14282=CARTESIAN_POINT('',(60.0000000000001,-126.585788300272,8.0000000745058));
#14283=CARTESIAN_POINT('',(59.0000000000001,-114.047314196241,-5.95268759189838));
#14284=CARTESIAN_POINT('Origin',(59.5000000000001,-125.00000115484,7.50000007450581));
#14285=CARTESIAN_POINT('',(60.0000000000001,-153.414215872053,8.0000000745058));
#14286=CARTESIAN_POINT('',(60.0000000000001,-125.00000115484,8.0000000745058));
#14287=CARTESIAN_POINT('',(59.0000000000001,-153.00000230968,7.00000007450581));
#14288=CARTESIAN_POINT('',(60.0000000000001,-153.414215872053,8.0000000745058));
#14289=CARTESIAN_POINT('',(59.0000000000001,-125.00000115484,7.00000007450581));
#14290=CARTESIAN_POINT('Origin',(59.5000000000001,-143.806242323596,16.9008668417762));
#14291=CARTESIAN_POINT('',(59.0000000000001,-155.00000230968,5.00000007450581));
#14292=CARTESIAN_POINT('',(59.0000000000001,-143.452688933003,16.5473134511829));
#14293=CARTESIAN_POINT('',(60.0000000000001,-156.00000230968,5.41421363687892));
#14294=CARTESIAN_POINT('',(60.0000000000001,-144.159795714189,17.2544202323695));
#14295=CARTESIAN_POINT('',(60.0000000000001,-156.00000230968,5.41421363687892));
#14296=CARTESIAN_POINT('Origin',(59.5000000000001,-155.50000230968,-6.40537439403519));
#14297=CARTESIAN_POINT('',(59.0000000000001,-155.00000230968,-5.9604644553346E-8));
#14298=CARTESIAN_POINT('',(59.0000000000001,-155.00000230968,-6.40537439403519));
#14299=CARTESIAN_POINT('',(60.0000000000001,-156.00000230968,-0.414213621977755));
#14300=CARTESIAN_POINT('',(60.0000000000001,-156.00000230968,-6.40537439403519));
#14301=CARTESIAN_POINT('',(60.0000000000001,-156.00000230968,-0.414213621977755));
#14302=CARTESIAN_POINT('Origin',(59.5000000000001,-137.150867955638,-18.5562411948332));
#14303=CARTESIAN_POINT('',(59.0000000000001,-136.797314565045,-18.2026878042399));
#14304=CARTESIAN_POINT('',(60.0000000000001,-137.504421346231,-18.9097945854265));
#14305=CARTESIAN_POINT('Origin',(60.0000000000001,-154.00000230968,6.00000007450581));
#14306=CARTESIAN_POINT('',(53.9999976903201,-155.00000230968,5.00000007450581));
#14307=CARTESIAN_POINT('',(60.0000000000001,-155.00000230968,5.00000007450581));
#14308=CARTESIAN_POINT('',(55.9999976903201,-153.00000230968,7.00000007450581));
#14309=CARTESIAN_POINT('',(53.6982073779981,-155.301792622002,4.69820976218388));
#14310=CARTESIAN_POINT('',(60.0000000000001,-153.00000230968,7.00000007450581));
#14311=CARTESIAN_POINT('Origin',(60.0000000000001,-155.00000230968,-2.00000005960464));
#14312=CARTESIAN_POINT('',(53.9999976903201,-155.00000230968,-5.9604644553346E-8));
#14313=CARTESIAN_POINT('',(60.0000000000001,-155.00000230968,-5.9604644553346E-8));
#14314=CARTESIAN_POINT('',(53.9999976903201,-155.00000230968,-1.40537439403519));
#14315=CARTESIAN_POINT('Origin',(60.0000000000001,-154.00000230968,-1.00000005960464));
#14316=CARTESIAN_POINT('',(55.9999976903201,-153.00000230968,-2.00000005960464));
#14317=CARTESIAN_POINT('',(60.0000000000001,-153.00000230968,-2.00000005960464));
#14318=CARTESIAN_POINT('',(54.8017902899702,-154.19820971003,-0.801792659254823));
#14319=CARTESIAN_POINT('Origin',(60.0000000000001,-125.000001862645,-2.00000005960464));
#14320=CARTESIAN_POINT('',(57.0000000000001,-127.000001862645,-2.00000005960465));
#14321=CARTESIAN_POINT('',(60.0000000000001,-127.000001862645,-2.00000005960464));
#14322=CARTESIAN_POINT('',(57.0000000000001,-152.,-2.00000005960464));
#14323=CARTESIAN_POINT('',(57.0000000000001,-110.000000931323,-2.00000005960465));
#14324=CARTESIAN_POINT('',(61.9999995343388,-147.000000465661,-2.00000005960464));
#14325=CARTESIAN_POINT('Origin',(60.0000000000001,-95.,-10.8107487284657));
#14326=CARTESIAN_POINT('',(60.0000000000001,-115.,-5.81074872846677));
#14327=CARTESIAN_POINT('',(60.0000000000001,-165.,-5.81074872846677));
#14328=CARTESIAN_POINT('',(60.0000000000001,-47.5,-5.81074872846677));
#14329=CARTESIAN_POINT('',(60.0000000000001,-115.,29.1892512715343));
#14330=CARTESIAN_POINT('',(60.0000000000001,-115.,-9.31074872846561));
#14331=CARTESIAN_POINT('',(60.0000000000001,-165.,29.1892512715343));
#14332=CARTESIAN_POINT('',(60.0000000000001,-95.,29.1892512715343));
#14333=CARTESIAN_POINT('',(60.0000000000001,-165.,-10.8107487284657));
#14334=CARTESIAN_POINT('Origin',(60.0000000000001,-126.000001862645,6.00000007450581));
#14335=CARTESIAN_POINT('',(57.0000000000001,-127.000001862645,7.00000007450581));
#14336=CARTESIAN_POINT('',(60.0000000000001,-127.000001862645,7.00000007450581));
#14337=CARTESIAN_POINT('',(57.0000000000001,-125.000001862645,5.00000007450581));
#14338=CARTESIAN_POINT('',(57.0000000000001,-114.047314196241,-5.95268759189838));
#14339=CARTESIAN_POINT('',(60.0000000000001,-125.000001862645,5.00000007450581));
#14340=CARTESIAN_POINT('Origin',(60.0000000000001,-155.00000230968,7.00000007450581));
#14341=CARTESIAN_POINT('',(57.0000000000001,-152.,7.00000007450581));
#14342=CARTESIAN_POINT('',(54.4999994225801,-154.50000057742,7.00000007450581));
#14343=CARTESIAN_POINT('',(57.0000000000001,-125.00000115484,7.00000007450581));
#14344=CARTESIAN_POINT('Origin',(60.0000000000001,-126.000001862645,-1.00000005960464));
#14345=CARTESIAN_POINT('',(57.0000000000001,-125.000001862645,-5.9604644553346E-8));
#14346=CARTESIAN_POINT('',(60.0000000000001,-125.000001862645,-5.9604644553346E-8));
#14347=CARTESIAN_POINT('',(57.0000000000001,-120.702688564199,4.29731323884136));
#14348=CARTESIAN_POINT('Origin',(60.0000000000001,-125.000001862645,7.00000007450581));
#14349=CARTESIAN_POINT('',(57.0000000000001,-125.000001862645,-1.90537432697996));
#14350=CARTESIAN_POINT('Origin',(52.0000000000001,-157.,-0.810748728465726));
#14351=CARTESIAN_POINT('',(57.0000000000001,-152.,-2.81074872846572));
#14352=CARTESIAN_POINT('',(57.0000000000001,-152.,-0.810748728465726));
#14353=CARTESIAN_POINT('',(47.0000000000001,-162.,-2.81074872846572));
#14354=CARTESIAN_POINT('',(39.5000000000001,-169.5,-2.81074872846572));
#14355=CARTESIAN_POINT('',(47.0000000000001,-162.,29.1892512715343));
#14356=CARTESIAN_POINT('',(47.0000000000001,-162.,-0.810748728465726));
#14357=CARTESIAN_POINT('',(57.0000000000001,-152.,29.1892512715343));
#14358=CARTESIAN_POINT('',(69.5000000000001,-139.5,29.1892512715343));
#14359=CARTESIAN_POINT('',(57.0000000000001,-152.,-0.810748728465726));
#14360=CARTESIAN_POINT('Origin',(-54.9999999999999,-47.5,-5.81074872846677));
#14361=CARTESIAN_POINT('',(-59.9999999999999,-165.,-5.81074872846677));
#14362=CARTESIAN_POINT('',(-59.9999999999999,-115.,-5.81074872846677));
#14363=CARTESIAN_POINT('',(-59.9999999999999,-47.5,-5.81074872846677));
#14364=CARTESIAN_POINT('',(-54.9999999999999,-115.,-10.8107487284668));
#14365=CARTESIAN_POINT('Origin',(-54.9999999999999,-115.,-5.81074872846677));
#14366=CARTESIAN_POINT('',(-54.9999999999999,-160.,-10.8107487284668));
#14367=CARTESIAN_POINT('',(-54.9999999999999,-47.5,-10.8107487284668));
#14368=CARTESIAN_POINT('Origin',(-54.9999999999999,-160.,-5.81074872846677));
#14369=CARTESIAN_POINT('Origin',(-47.5000000000001,-90.,-5.81074872846677));
#14370=CARTESIAN_POINT('',(90.,-95.,-5.81074872846677));
#14371=CARTESIAN_POINT('',(80.0000000000001,-95.,-5.81074872846677));
#14372=CARTESIAN_POINT('',(-47.5000000000001,-95.,-5.81074872846677));
#14373=CARTESIAN_POINT('',(80.0000000000001,-90.,-10.8107487284668));
#14374=CARTESIAN_POINT('Origin',(80.0000000000001,-90.,-5.81074872846677));
#14375=CARTESIAN_POINT('',(87.9289321881345,-90.,-10.8107487284668));
#14376=CARTESIAN_POINT('',(-47.5000000000001,-90.,-10.8107487284668));
#14377=CARTESIAN_POINT('Origin',(87.9289321881345,-90.,-5.81074872846677));
#14378=CARTESIAN_POINT('Origin',(88.9644660940672,-88.9644660940673,-5.81074872846677));
#14379=CARTESIAN_POINT('',(90.,-87.9289321881345,-10.8107487284668));
#14380=CARTESIAN_POINT('',(88.9644660940672,-88.9644660940673,-10.8107487284668));
#14381=CARTESIAN_POINT('',(95.,-90.,-5.81074872846679));
#14382=CARTESIAN_POINT('Origin',(90.,-87.9289321881345,-5.81074872846677));
#14383=CARTESIAN_POINT('',(92.4999999999999,-92.5,-5.81074872846679));
#14384=CARTESIAN_POINT('Origin',(90.,-47.5,-5.81074872846677));
#14385=CARTESIAN_POINT('',(89.9999999999999,87.9289321881345,-10.8107487284668));
#14386=CARTESIAN_POINT('',(90.,-47.5,-10.8107487284668));
#14387=CARTESIAN_POINT('',(95.,90.,-5.8107487284668));
#14388=CARTESIAN_POINT('Origin',(90.,87.9289321881345,-5.81074872846677));
#14389=CARTESIAN_POINT('',(95.,-47.5,-5.8107487284668));
#14390=CARTESIAN_POINT('Origin',(88.9644660940665,88.9644660940679,-5.81074872846677));
#14391=CARTESIAN_POINT('',(89.9999999999998,95.,-5.81074872846679));
#14392=CARTESIAN_POINT('',(92.4999999999991,92.5000000000007,-5.81074872846679));
#14393=CARTESIAN_POINT('',(87.9289321881344,90.,-10.8107487284668));
#14394=CARTESIAN_POINT('',(88.9644660940665,88.9644660940679,-10.8107487284668));
#14395=CARTESIAN_POINT('Origin',(87.9289321881344,90.,-5.81074872846677));
#14396=CARTESIAN_POINT('Origin',(47.4999999999999,90.,-5.81074872846677));
#14397=CARTESIAN_POINT('',(-90.0000000000002,95.,-5.81074872846677));
#14398=CARTESIAN_POINT('',(47.4999999999999,95.,-5.81074872846677));
#14399=CARTESIAN_POINT('',(-87.9289321881347,90.,-10.8107487284668));
#14400=CARTESIAN_POINT('',(47.4999999999999,90.,-10.8107487284668));
#14401=CARTESIAN_POINT('Origin',(-87.9289321881347,90.,-5.81074872846677));
#14402=CARTESIAN_POINT('Origin',(80.0000000000001,-115.,-5.81074872846677));
#14403=CARTESIAN_POINT('',(55.0000000000001,-115.,-10.8107487284668));
#14404=CARTESIAN_POINT('Origin',(55.0000000000001,-115.,-5.81074872846677));
#14405=CARTESIAN_POINT('Origin',(80.0000000000001,-115.,-10.8107487284668));
#14406=CARTESIAN_POINT('Origin',(80.0000000000001,-115.,-5.81074872846677));
#14407=CARTESIAN_POINT('Origin',(55.0000000000001,-47.5,-5.81074872846677));
#14408=CARTESIAN_POINT('',(55.0000000000001,-160.,-10.8107487284668));
#14409=CARTESIAN_POINT('',(55.0000000000001,-47.5,-10.8107487284668));
#14410=CARTESIAN_POINT('Origin',(55.0000000000001,-160.,-5.81074872846677));
#14411=CARTESIAN_POINT('Origin',(-88.9644660940681,88.9644660940666,-5.81074872846677));
#14412=CARTESIAN_POINT('',(-95.,90.,-5.81074872846675));
#14413=CARTESIAN_POINT('',(-92.5000000000009,92.4999999999993,-5.81074872846675));
#14414=CARTESIAN_POINT('',(-90.,87.9289321881346,-10.8107487284668));
#14415=CARTESIAN_POINT('',(-88.9644660940681,88.9644660940666,-10.8107487284668));
#14416=CARTESIAN_POINT('Origin',(-90.,87.9289321881346,-5.81074872846677));
#14417=CARTESIAN_POINT('Origin',(8.88178419700125E-15,-160.,-5.81074872846677));
#14418=CARTESIAN_POINT('',(8.88178419700125E-15,-160.,-10.8107487284668));
#14419=CARTESIAN_POINT('',(8.88178419700125E-15,-165.,-5.81074872846677));
#14420=CARTESIAN_POINT('Origin',(-90.,47.5,-5.81074872846677));
#14421=CARTESIAN_POINT('',(-95.,-90.,-5.81074872846674));
#14422=CARTESIAN_POINT('',(-95.,47.5,-5.81074872846674));
#14423=CARTESIAN_POINT('',(-95.,47.5,-5.81074872846674));
#14424=CARTESIAN_POINT('',(-90.,-87.9289321881346,-10.8107487284668));
#14425=CARTESIAN_POINT('',(-90.,47.5,-10.8107487284668));
#14426=CARTESIAN_POINT('Origin',(-90.,-87.9289321881346,-5.81074872846677));
#14427=CARTESIAN_POINT('Origin',(-79.9999999999999,-115.,-5.81074872846677));
#14428=CARTESIAN_POINT('',(-79.9999999999999,-95.,-5.81074872846677));
#14429=CARTESIAN_POINT('',(-79.9999999999999,-90.,-10.8107487284668));
#14430=CARTESIAN_POINT('Origin',(-79.9999999999999,-90.,-5.81074872846677));
#14431=CARTESIAN_POINT('Origin',(-79.9999999999999,-115.,-10.8107487284668));
#14432=CARTESIAN_POINT('Origin',(-79.9999999999999,-115.,-5.81074872846677));
#14433=CARTESIAN_POINT('Origin',(-47.5000000000001,-90.,-5.81074872846677));
#14434=CARTESIAN_POINT('',(-87.9289321881347,-90.,-10.8107487284668));
#14435=CARTESIAN_POINT('',(-47.5000000000001,-90.,-10.8107487284668));
#14436=CARTESIAN_POINT('',(-90.0000000000002,-95.,-5.81074872846675));
#14437=CARTESIAN_POINT('',(-47.5000000000001,-95.,-5.81074872846677));
#14438=CARTESIAN_POINT('Origin',(-87.9289321881347,-90.,-5.81074872846677));
#14439=CARTESIAN_POINT('Origin',(-88.9644660940681,-88.9644660940666,-5.81074872846677));
#14440=CARTESIAN_POINT('',(-92.5000000000009,-92.4999999999993,-5.81074872846675));
#14441=CARTESIAN_POINT('',(-88.9644660940681,-88.9644660940666,-10.8107487284668));
#14442=CARTESIAN_POINT('Origin',(-79.9999999999999,-115.,10.6892512715344));
#14443=CARTESIAN_POINT('',(-59.9999999999999,-115.,29.1892512715343));
#14444=CARTESIAN_POINT('',(-59.9999999999999,-115.,10.6892512715344));
#14445=CARTESIAN_POINT('',(-79.9999999999999,-95.,29.1892512715343));
#14446=CARTESIAN_POINT('Origin',(-79.9999999999999,-115.,29.1892512715343));
#14447=CARTESIAN_POINT('',(-79.9999999999999,-95.,10.6892512715344));
#14448=CARTESIAN_POINT('Origin',(-59.9999999999999,-95.,29.1892512715343));
#14449=CARTESIAN_POINT('',(-59.9999999999999,-165.,29.1892512715343));
#14450=CARTESIAN_POINT('',(-59.9999999999999,-165.,29.1892512715343));
#14451=CARTESIAN_POINT('',(-59.9999999999999,-95.,29.1892512715343));
#14452=CARTESIAN_POINT('',(-59.9999999999999,-146.763675879898,9.65441891031513));
#14453=CARTESIAN_POINT('Origin',(-59.9999999999999,-152.763675879898,9.65441891031513));
#14454=CARTESIAN_POINT('Origin',(7.105427357601E-14,-165.,9.18925127153427));
#14455=CARTESIAN_POINT('',(60.0000000000001,-165.,29.1892512715343));
#14456=CARTESIAN_POINT('',(16.5000000000001,-165.,-0.810999999999999));
#14457=CARTESIAN_POINT('',(16.5000000000001,-165.,19.189));
#14458=CARTESIAN_POINT('',(16.5000000000001,-165.,4.18912563576714));
#14459=CARTESIAN_POINT('',(23.4999993294478,-165.,19.189));
#14460=CARTESIAN_POINT('Origin',(19.9999993294477,-165.,19.189));
#14461=CARTESIAN_POINT('',(23.4999986588954,-165.,-0.811));
#14462=CARTESIAN_POINT('',(23.4999993294478,-165.,14.1891256357671));
#14463=CARTESIAN_POINT('Origin',(19.9999993294477,-165.,-0.810999999999999));
#14464=CARTESIAN_POINT('',(-16.5000006705522,-165.,19.189));
#14465=CARTESIAN_POINT('',(-16.5000006705522,-165.,-0.810999999999999));
#14466=CARTESIAN_POINT('',(-16.5000006705522,-165.,14.1891256357671));
#14467=CARTESIAN_POINT('',(-23.4999999999999,-165.,-0.810999999999999));
#14468=CARTESIAN_POINT('Origin',(-20.0000006705523,-165.,-0.810999999999999));
#14469=CARTESIAN_POINT('',(-23.5000006705523,-165.,19.189));
#14470=CARTESIAN_POINT('',(-23.4999999999999,-165.,4.18912563576714));
#14471=CARTESIAN_POINT('Origin',(-20.0000006705523,-165.,19.189));
#14472=CARTESIAN_POINT('',(-26.5000006705522,-165.,19.189));
#14473=CARTESIAN_POINT('',(-26.5000006705522,-165.,-0.810999999999999));
#14474=CARTESIAN_POINT('',(-26.5000006705522,-165.,14.1891256357671));
#14475=CARTESIAN_POINT('',(-33.4999999999999,-165.,-0.810999999999999));
#14476=CARTESIAN_POINT('Origin',(-30.0000006705523,-165.,-0.810999999999999));
#14477=CARTESIAN_POINT('',(-33.5000006705523,-165.,19.189));
#14478=CARTESIAN_POINT('',(-33.4999999999999,-165.,4.18912563576714));
#14479=CARTESIAN_POINT('Origin',(-30.0000006705523,-165.,19.189));
#14480=CARTESIAN_POINT('',(6.50000000000007,-165.,-0.810999999999999));
#14481=CARTESIAN_POINT('',(6.50000000000007,-165.,19.189));
#14482=CARTESIAN_POINT('',(6.50000000000007,-165.,4.18912563576714));
#14483=CARTESIAN_POINT('',(13.4999993294478,-165.,19.189));
#14484=CARTESIAN_POINT('Origin',(9.99999932944775,-165.,19.189));
#14485=CARTESIAN_POINT('',(13.4999986588954,-165.,-0.811));
#14486=CARTESIAN_POINT('',(13.4999993294478,-165.,14.1891256357671));
#14487=CARTESIAN_POINT('Origin',(9.99999932944774,-165.,-0.810999999999999));
#14488=CARTESIAN_POINT('',(26.5000000000001,-165.,-0.810999999999999));
#14489=CARTESIAN_POINT('',(26.5000000000001,-165.,19.189));
#14490=CARTESIAN_POINT('',(26.5000000000001,-165.,4.18912563576714));
#14491=CARTESIAN_POINT('',(33.4999993294478,-165.,19.189));
#14492=CARTESIAN_POINT('Origin',(29.9999993294477,-165.,19.189));
#14493=CARTESIAN_POINT('',(33.4999986588954,-165.,-0.811));
#14494=CARTESIAN_POINT('',(33.4999993294478,-165.,14.1891256357671));
#14495=CARTESIAN_POINT('Origin',(29.9999993294477,-165.,-0.810999999999999));
#14496=CARTESIAN_POINT('',(-13.4999999999999,-165.,-0.810999999999999));
#14497=CARTESIAN_POINT('',(-13.4999999999999,-165.,19.189));
#14498=CARTESIAN_POINT('',(-13.4999999999999,-165.,4.18912563576714));
#14499=CARTESIAN_POINT('',(-6.50000067055225,-165.,19.189));
#14500=CARTESIAN_POINT('Origin',(-10.0000006705523,-165.,19.189));
#14501=CARTESIAN_POINT('',(-6.5000013411046,-165.,-0.811));
#14502=CARTESIAN_POINT('',(-6.50000067055225,-165.,14.1891256357671));
#14503=CARTESIAN_POINT('Origin',(-10.0000006705523,-165.,-0.810999999999999));
#14504=CARTESIAN_POINT('',(-43.4999999999999,-165.,-0.810999999999999));
#14505=CARTESIAN_POINT('',(-43.5000006705523,-165.,19.189));
#14506=CARTESIAN_POINT('',(-43.4999999999999,-165.,4.18912563576714));
#14507=CARTESIAN_POINT('',(-36.5000006705522,-165.,19.189));
#14508=CARTESIAN_POINT('Origin',(-40.0000006705523,-165.,19.189));
#14509=CARTESIAN_POINT('',(-36.5000013411046,-165.,-0.811));
#14510=CARTESIAN_POINT('',(-36.5000006705522,-165.,14.1891256357671));
#14511=CARTESIAN_POINT('Origin',(-40.0000006705523,-165.,-0.810999999999999));
#14512=CARTESIAN_POINT('',(-3.49999999999993,-165.,-0.810999999999999));
#14513=CARTESIAN_POINT('',(-3.49999999999993,-165.,19.189));
#14514=CARTESIAN_POINT('',(-3.49999999999993,-165.,4.18912563576714));
#14515=CARTESIAN_POINT('',(3.49999932944775,-165.,19.189));
#14516=CARTESIAN_POINT('Origin',(-6.70552253723145E-7,-165.,19.189));
#14517=CARTESIAN_POINT('',(3.4999986588954,-165.,-0.811));
#14518=CARTESIAN_POINT('',(3.49999932944775,-165.,14.1891256357671));
#14519=CARTESIAN_POINT('Origin',(-6.70552262604929E-7,-165.,-0.810999999999999));
#14520=CARTESIAN_POINT('',(36.5000000000001,-165.,-0.810999999999999));
#14521=CARTESIAN_POINT('',(36.5000000000001,-165.,19.189));
#14522=CARTESIAN_POINT('',(36.5000000000001,-165.,4.18912563576714));
#14523=CARTESIAN_POINT('',(43.4999993294478,-165.,19.189));
#14524=CARTESIAN_POINT('Origin',(39.9999993294477,-165.,19.189));
#14525=CARTESIAN_POINT('',(43.4999986588954,-165.,-0.811));
#14526=CARTESIAN_POINT('',(43.4999993294478,-165.,14.1891256357671));
#14527=CARTESIAN_POINT('Origin',(39.9999993294477,-165.,-0.810999999999999));
#14528=CARTESIAN_POINT('Origin',(80.0000000000001,-115.,-9.31074872846561));
#14529=CARTESIAN_POINT('',(80.0000000000001,-95.,29.1892512715343));
#14530=CARTESIAN_POINT('',(80.0000000000001,-95.,-9.31074872846561));
#14531=CARTESIAN_POINT('Origin',(80.0000000000001,-115.,29.1892512715343));
#14532=CARTESIAN_POINT('Origin',(-95.0000000000001,-95.,-7.81074872846549));
#14533=CARTESIAN_POINT('',(-46.9999999999999,-95.,29.1892512715343));
#14534=CARTESIAN_POINT('',(-17.5,-95.,29.1892512715343));
#14535=CARTESIAN_POINT('',(-46.9999999999999,-95.,-2.81074872846572));
#14536=CARTESIAN_POINT('',(-46.9999999999999,-95.,10.6892512715344));
#14537=CARTESIAN_POINT('',(-8.41761912333302,-95.,-2.81074872846572));
#14538=CARTESIAN_POINT('',(-77.5,-95.,-2.81074872846572));
#14539=CARTESIAN_POINT('',(-11.5,-95.,1.082575705035));
#14540=CARTESIAN_POINT('Origin',(-7.5,-95.,1.082575705035));
#14541=CARTESIAN_POINT('',(-11.5,-95.,3.));
#14542=CARTESIAN_POINT('',(-11.5,-95.,-3.36408651171525));
#14543=CARTESIAN_POINT('',(-7.5,-95.,7.));
#14544=CARTESIAN_POINT('Origin',(-7.5,-95.,3.));
#14545=CARTESIAN_POINT('',(7.5,-95.,7.));
#14546=CARTESIAN_POINT('',(-51.25,-95.,7.));
#14547=CARTESIAN_POINT('',(11.5,-95.,3.));
#14548=CARTESIAN_POINT('Origin',(7.5,-95.,3.));
#14549=CARTESIAN_POINT('',(11.5,-95.,1.082575705035));
#14550=CARTESIAN_POINT('',(11.5,-95.,-2.40537436423275));
#14551=CARTESIAN_POINT('',(8.41761912333302,-95.,-2.81074872846572));
#14552=CARTESIAN_POINT('Origin',(7.5,-95.,1.082575705035));
#14553=CARTESIAN_POINT('',(47.0000000000001,-95.,-2.81074872846572));
#14554=CARTESIAN_POINT('',(-77.5,-95.,-2.81074872846572));
#14555=CARTESIAN_POINT('',(47.0000000000001,-95.,29.1892512715343));
#14556=CARTESIAN_POINT('',(47.0000000000001,-95.,-9.31074872846561));
#14557=CARTESIAN_POINT('',(-17.5,-95.,29.1892512715343));
#14558=CARTESIAN_POINT('',(90.0000000000003,-95.,43.6892512715333));
#14559=CARTESIAN_POINT('',(89.9999999999999,-95.,-7.81074872846675));
#14560=CARTESIAN_POINT('',(-89.9999999999999,-95.,43.6892512715345));
#14561=CARTESIAN_POINT('',(-94.9999999999997,-95.,43.6892512715345));
#14562=CARTESIAN_POINT('',(-90.0000000000002,-95.,-7.81074872846553));
#14563=CARTESIAN_POINT('Origin',(-5.32907051820075E-14,0.,-10.8107487284668));
#14564=CARTESIAN_POINT('Origin',(-92.5000000000001,-92.5,-7.81074872846551));
#14565=CARTESIAN_POINT('',(-94.9999999999997,-90.,43.6892512715345));
#14566=CARTESIAN_POINT('',(-92.5000000000005,-92.4999999999993,43.6892512715345));
#14567=CARTESIAN_POINT('',(-95.0000000000001,-90.,-7.81074872846549));
#14568=CARTESIAN_POINT('Origin',(-95.0000000000001,95.,-7.81074872846549));
#14569=CARTESIAN_POINT('',(-94.9999999999997,90.,43.6892512715345));
#14570=CARTESIAN_POINT('',(-94.9999999999997,95.,43.6892512715345));
#14571=CARTESIAN_POINT('',(-95.0000000000001,90.,-7.81074872846547));
#14572=CARTESIAN_POINT('Origin',(-92.5000000000001,92.5,-7.81074872846549));
#14573=CARTESIAN_POINT('',(-89.9999999999998,95.,43.6892512715345));
#14574=CARTESIAN_POINT('',(-92.5000000000005,92.4999999999993,43.6892512715345));
#14575=CARTESIAN_POINT('',(-90.0000000000002,95.,-7.81074872846551));
#14576=CARTESIAN_POINT('Origin',(92.4999999999999,92.5,-7.81074872846675));
#14577=CARTESIAN_POINT('',(90.0000000000001,95.,43.6892512715333));
#14578=CARTESIAN_POINT('',(89.9999999999998,95.,-7.81074872846673));
#14579=CARTESIAN_POINT('',(95.0000000000003,90.,43.6892512715332));
#14580=CARTESIAN_POINT('',(92.4999999999995,92.5000000000007,43.6892512715333));
#14581=CARTESIAN_POINT('',(94.9999999999999,90.,-7.81074872846677));
#14582=CARTESIAN_POINT('Origin',(94.9999999999999,-95.,-7.81074872846677));
#14583=CARTESIAN_POINT('',(95.0000000000003,-90.,43.6892512715332));
#14584=CARTESIAN_POINT('',(95.0000000000003,-95.,43.6892512715332));
#14585=CARTESIAN_POINT('',(94.9999999999999,-90.,-7.81074872846679));
#14586=CARTESIAN_POINT('Origin',(3.02699349845252E-13,0.,43.6892512715339));
#14587=CARTESIAN_POINT('',(92.5000000000003,-92.5,43.6892512715333));
#14588=CARTESIAN_POINT('',(95.0000000000003,95.,43.6892512715332));
#14589=CARTESIAN_POINT('',(-93.9999999999997,-1.15116799119851E-14,43.6892512715339));
#14590=CARTESIAN_POINT('Origin',(2.94060426934888E-13,0.,43.6892512715339));
#14591=CARTESIAN_POINT('',(-89.9999999999997,37.5,43.6892512715345));
#14592=CARTESIAN_POINT('',(-89.9999999999997,90.,43.6892512715345));
#14593=CARTESIAN_POINT('',(-89.9999999999997,47.5,43.6892512715345));
#14594=CARTESIAN_POINT('',(-37.4999999999997,90.,43.6892512715341));
#14595=CARTESIAN_POINT('',(47.5000000000003,90.,43.6892512715335));
#14596=CARTESIAN_POINT('Origin',(3.02699349845252E-13,0.,43.6892512715339));
#14597=CARTESIAN_POINT('',(37.5000000000003,90.,43.6892512715336));
#14598=CARTESIAN_POINT('',(90.0000000000003,90.,43.6892512715333));
#14599=CARTESIAN_POINT('',(47.5000000000003,90.,43.6892512715335));
#14600=CARTESIAN_POINT('',(90.0000000000003,37.5,43.6892512715333));
#14601=CARTESIAN_POINT('',(90.0000000000003,-47.5,43.6892512715333));
#14602=CARTESIAN_POINT('Origin',(3.02699349845252E-13,0.,43.6892512715339));
#14603=CARTESIAN_POINT('',(-89.9999999999997,-90.,43.6892512715345));
#14604=CARTESIAN_POINT('',(-89.9999999999997,-37.5,43.6892512715345));
#14605=CARTESIAN_POINT('',(-89.9999999999997,47.5,43.6892512715345));
#14606=CARTESIAN_POINT('',(-37.4999999999997,-90.,43.6892512715341));
#14607=CARTESIAN_POINT('Origin',(3.02699349845252E-13,0.,43.6892512715339));
#14608=CARTESIAN_POINT('',(-47.4999999999997,-90.,43.6892512715342));
#14609=CARTESIAN_POINT('',(90.0000000000003,-37.5,43.6892512715333));
#14610=CARTESIAN_POINT('',(90.0000000000003,-90.,43.6892512715333));
#14611=CARTESIAN_POINT('',(90.0000000000003,-47.5,43.6892512715333));
#14612=CARTESIAN_POINT('',(37.5000000000003,-90.,43.6892512715336));
#14613=CARTESIAN_POINT('',(-47.4999999999997,-90.,43.6892512715342));
#14614=CARTESIAN_POINT('Origin',(3.02699349845252E-13,0.,43.6892512715339));
#14615=CARTESIAN_POINT('Origin',(92.4999999999999,-92.5,-7.81074872846677));
#14616=CARTESIAN_POINT('Origin',(-51.9999999999999,-152.763675879898,9.65441891031513));
#14617=CARTESIAN_POINT('',(-51.9999999999999,-157.,5.4054710464978));
#14618=CARTESIAN_POINT('',(-51.9999999999999,-157.,13.9033667741325));
#14619=CARTESIAN_POINT('',(-51.9999999999999,-157.,14.4218350909247));
#14620=CARTESIAN_POINT('Origin',(-51.9999999999999,-152.763675879898,9.65441891031513));
#14621=CARTESIAN_POINT('Origin',(-55.9999999999999,-152.763675879898,9.65441891031513));
#14622=CARTESIAN_POINT('',(-56.9999999999999,-146.763675879898,9.65441891031513));
#14623=CARTESIAN_POINT('',(-55.9999999999999,-146.763675879898,9.65441891031513));
#14624=CARTESIAN_POINT('',(-56.9999999999999,-152.,15.605620398289));
#14625=CARTESIAN_POINT('Origin',(-56.9999999999999,-152.763675879898,9.65441891031513));
#14626=CARTESIAN_POINT('Origin',(-56.2363241201024,-152.763675879898,9.65441891031513));
#14627=CARTESIAN_POINT('',(-56.9999999999999,-152.,3.70321742234123));
#14628=CARTESIAN_POINT('Origin',(-56.2363241201024,-152.763675879898,9.65441891031513));
#14629=CARTESIAN_POINT('Origin',(-56.9999999999999,-152.763675879898,9.65441891031513));
#14630=CARTESIAN_POINT('Origin',(-51.9999999999999,-157.,19.1892512715343));
#14631=CARTESIAN_POINT('',(-56.9999999999999,-152.,29.1892512715343));
#14632=CARTESIAN_POINT('',(-56.9999999999999,-152.,19.1892512715343));
#14633=CARTESIAN_POINT('',(-46.9999999999999,-162.,29.1892512715343));
#14634=CARTESIAN_POINT('',(-39.4999999999999,-169.5,29.1892512715343));
#14635=CARTESIAN_POINT('',(-46.9999999999999,-162.,-2.81074872846572));
#14636=CARTESIAN_POINT('',(-46.9999999999999,-162.,19.1892512715343));
#14637=CARTESIAN_POINT('',(-56.9999999999999,-152.,-2.81074872846572));
#14638=CARTESIAN_POINT('',(-69.4999999999999,-139.5,-2.81074872846572));
#14639=CARTESIAN_POINT('',(-56.9999999999999,-152.,19.1892512715343));
#14640=CARTESIAN_POINT('Origin',(-55.9844734669147,-161.427036407245,29.1892512715342));
#14641=CARTESIAN_POINT('',(-58.4844734669147,-161.427036407245,29.1892512715342));
#14642=CARTESIAN_POINT('Origin',(-55.9844734669147,-161.427036407245,29.1892512715343));
#14643=CARTESIAN_POINT('',(-58.4844734669147,-161.427036407245,22.1892512715342));
#14644=CARTESIAN_POINT('',(-58.4844734669147,-161.427036407245,29.1892512715342));
#14645=CARTESIAN_POINT('Origin',(-55.9844734669147,-161.427036407245,22.1892512715342));
#14646=CARTESIAN_POINT('Origin',(-55.9844734669147,-161.427036407245,22.1892512715342));
#14647=CARTESIAN_POINT('Origin',(56.0155265330853,-98.4513576048302,29.1892512715342));
#14648=CARTESIAN_POINT('',(53.5155265330853,-98.4513576048302,29.1892512715342));
#14649=CARTESIAN_POINT('Origin',(56.0155265330853,-98.4513576048302,29.1892512715343));
#14650=CARTESIAN_POINT('',(53.5155265330853,-98.4513576048302,22.1892512715342));
#14651=CARTESIAN_POINT('',(53.5155265330853,-98.4513576048302,29.1892512715342));
#14652=CARTESIAN_POINT('Origin',(56.0155265330853,-98.4513576048302,22.1892512715342));
#14653=CARTESIAN_POINT('Origin',(56.0155265330853,-98.4513576048302,22.1892512715342));
#14654=CARTESIAN_POINT('Origin',(-55.9844734669147,-98.4513576048301,29.1892512715342));
#14655=CARTESIAN_POINT('',(-58.4844734669147,-98.4513576048301,29.1892512715342));
#14656=CARTESIAN_POINT('Origin',(-55.9844734669147,-98.4513576048301,29.1892512715343));
#14657=CARTESIAN_POINT('',(-58.4844734669147,-98.4513576048301,22.1892512715342));
#14658=CARTESIAN_POINT('',(-58.4844734669147,-98.4513576048301,29.1892512715342));
#14659=CARTESIAN_POINT('Origin',(-55.9844734669147,-98.4513576048301,22.1892512715342));
#14660=CARTESIAN_POINT('Origin',(-55.9844734669147,-98.4513576048301,22.1892512715342));
#14661=CARTESIAN_POINT('Origin',(56.0155265330853,-161.427036407245,29.1892512715342));
#14662=CARTESIAN_POINT('',(53.5155265330854,-161.427036407245,29.1892512715342));
#14663=CARTESIAN_POINT('Origin',(56.0155265330853,-161.427036407245,29.1892512715343));
#14664=CARTESIAN_POINT('',(53.5155265330854,-161.427036407245,22.1892512715342));
#14665=CARTESIAN_POINT('',(53.5155265330854,-161.427036407245,29.1892512715342));
#14666=CARTESIAN_POINT('Origin',(56.0155265330853,-161.427036407245,22.1892512715342));
#14667=CARTESIAN_POINT('Origin',(56.0155265330853,-161.427036407245,22.1892512715342));
#14668=CARTESIAN_POINT('Origin',(16.5000000000001,-165.,-0.810999999999999));
#14669=CARTESIAN_POINT('',(16.5000000000001,-162.,19.189));
#14670=CARTESIAN_POINT('',(16.5000000000001,-162.,-0.810999999999999));
#14671=CARTESIAN_POINT('',(16.5000000000001,-162.,4.18912563576714));
#14672=CARTESIAN_POINT('',(16.5000000000001,-165.,19.189));
#14673=CARTESIAN_POINT('',(16.5000000000001,-165.,-0.810999999999999));
#14674=CARTESIAN_POINT('Origin',(19.9999993294477,-165.,-0.810999999999999));
#14675=CARTESIAN_POINT('',(17.1275438765062,-162.,-2.81074872846572));
#14676=CARTESIAN_POINT('Origin',(19.9999993294477,-162.,-0.810999999999999));
#14677=CARTESIAN_POINT('',(23.4999986588954,-162.,-0.811));
#14678=CARTESIAN_POINT('',(23.4999986588954,-165.,-0.811));
#14679=CARTESIAN_POINT('',(22.8724547823893,-162.,-2.81074872846572));
#14680=CARTESIAN_POINT('Origin',(19.9999993294477,-162.,-0.810999999999999));
#14681=CARTESIAN_POINT('',(22.8724547823893,-160.,-2.81074872846572));
#14682=CARTESIAN_POINT('',(22.8724547823893,-165.,-2.81074872846572));
#14683=CARTESIAN_POINT('',(17.1275438765062,-160.,-2.81074872846572));
#14684=CARTESIAN_POINT('Origin',(19.9999993294477,-160.,-0.810999999999999));
#14685=CARTESIAN_POINT('',(17.1275438765062,-165.,-2.81074872846572));
#14686=CARTESIAN_POINT('Origin',(19.9999993294477,-160.,9.18900033527617));
#14687=CARTESIAN_POINT('',(-20.0000003352761,-160.,-2.81074872846572));
#14688=CARTESIAN_POINT('Origin',(23.4999993294478,-165.,19.189));
#14689=CARTESIAN_POINT('',(23.4999993294478,-162.,19.189));
#14690=CARTESIAN_POINT('',(23.4999993294478,-162.,14.1891256357671));
#14691=CARTESIAN_POINT('',(23.4999993294478,-165.,19.189));
#14692=CARTESIAN_POINT('Origin',(19.9999993294477,-165.,19.189));
#14693=CARTESIAN_POINT('Origin',(19.9999993294477,-162.,19.189));
#14694=CARTESIAN_POINT('Origin',(-23.4999999999999,-165.,-0.810999999999999));
#14695=CARTESIAN_POINT('',(-23.5000006705523,-162.,19.189));
#14696=CARTESIAN_POINT('',(-23.4999999999999,-162.,-0.810999999999999));
#14697=CARTESIAN_POINT('',(-23.4999999999999,-162.,4.18912563576714));
#14698=CARTESIAN_POINT('',(-23.5000006705523,-165.,19.189));
#14699=CARTESIAN_POINT('',(-23.4999999999999,-165.,-0.810999999999999));
#14700=CARTESIAN_POINT('Origin',(-20.0000006705523,-165.,-0.810999999999999));
#14701=CARTESIAN_POINT('',(-22.8724561234938,-162.,-2.81074872846572));
#14702=CARTESIAN_POINT('Origin',(-20.0000006705523,-162.,-0.810999999999999));
#14703=CARTESIAN_POINT('',(-16.5000006705522,-162.,-0.810999999999999));
#14704=CARTESIAN_POINT('',(-16.5000006705522,-165.,-0.810999999999999));
#14705=CARTESIAN_POINT('',(-17.1275452176107,-162.,-2.81074872846572));
#14706=CARTESIAN_POINT('Origin',(-20.0000006705523,-162.,-0.810999999999999));
#14707=CARTESIAN_POINT('',(-17.1275452176107,-160.,-2.81074872846572));
#14708=CARTESIAN_POINT('',(-17.1275452176107,-165.,-2.81074872846572));
#14709=CARTESIAN_POINT('',(-22.8724561234938,-160.,-2.81074872846572));
#14710=CARTESIAN_POINT('Origin',(-20.0000006705523,-160.,-0.810999999999999));
#14711=CARTESIAN_POINT('',(-22.8724561234938,-165.,-2.81074872846572));
#14712=CARTESIAN_POINT('Origin',(-20.0000006705523,-160.,9.18900033527617));
#14713=CARTESIAN_POINT('',(-40.0000003352761,-160.,-2.81074872846572));
#14714=CARTESIAN_POINT('Origin',(-16.5000006705522,-165.,19.189));
#14715=CARTESIAN_POINT('',(-16.5000006705522,-162.,19.189));
#14716=CARTESIAN_POINT('',(-16.5000006705522,-162.,14.1891256357671));
#14717=CARTESIAN_POINT('',(-16.5000006705522,-165.,19.189));
#14718=CARTESIAN_POINT('Origin',(-20.0000006705523,-165.,19.189));
#14719=CARTESIAN_POINT('Origin',(-20.0000006705523,-162.,19.189));
#14720=CARTESIAN_POINT('Origin',(-33.4999999999999,-165.,-0.810999999999999));
#14721=CARTESIAN_POINT('',(-33.5000006705523,-162.,19.189));
#14722=CARTESIAN_POINT('',(-33.4999999999999,-162.,-0.810999999999999));
#14723=CARTESIAN_POINT('',(-33.4999999999999,-162.,4.18912563576714));
#14724=CARTESIAN_POINT('',(-33.5000006705523,-165.,19.189));
#14725=CARTESIAN_POINT('',(-33.4999999999999,-165.,-0.810999999999999));
#14726=CARTESIAN_POINT('Origin',(-30.0000006705523,-165.,-0.810999999999999));
#14727=CARTESIAN_POINT('',(-32.8724561234938,-162.,-2.81074872846572));
#14728=CARTESIAN_POINT('Origin',(-30.0000006705523,-162.,-0.810999999999999));
#14729=CARTESIAN_POINT('',(-26.5000006705522,-162.,-0.810999999999999));
#14730=CARTESIAN_POINT('',(-26.5000006705522,-165.,-0.810999999999999));
#14731=CARTESIAN_POINT('',(-27.1275452176107,-162.,-2.81074872846572));
#14732=CARTESIAN_POINT('Origin',(-30.0000006705523,-162.,-0.810999999999999));
#14733=CARTESIAN_POINT('',(-27.1275452176107,-160.,-2.81074872846572));
#14734=CARTESIAN_POINT('',(-27.1275452176107,-165.,-2.81074872846572));
#14735=CARTESIAN_POINT('',(-32.8724561234938,-160.,-2.81074872846572));
#14736=CARTESIAN_POINT('Origin',(-30.0000006705523,-160.,-0.810999999999999));
#14737=CARTESIAN_POINT('',(-32.8724561234938,-165.,-2.81074872846572));
#14738=CARTESIAN_POINT('Origin',(-30.0000006705523,-160.,9.18900033527617));
#14739=CARTESIAN_POINT('',(-45.0000003352761,-160.,-2.81074872846572));
#14740=CARTESIAN_POINT('Origin',(-26.5000006705522,-165.,19.189));
#14741=CARTESIAN_POINT('',(-26.5000006705522,-162.,19.189));
#14742=CARTESIAN_POINT('',(-26.5000006705522,-162.,14.1891256357671));
#14743=CARTESIAN_POINT('',(-26.5000006705522,-165.,19.189));
#14744=CARTESIAN_POINT('Origin',(-30.0000006705523,-165.,19.189));
#14745=CARTESIAN_POINT('Origin',(-30.0000006705523,-162.,19.189));
#14746=CARTESIAN_POINT('Origin',(6.50000000000007,-165.,-0.810999999999999));
#14747=CARTESIAN_POINT('',(6.50000000000007,-162.,19.189));
#14748=CARTESIAN_POINT('',(6.50000000000007,-162.,-0.810999999999999));
#14749=CARTESIAN_POINT('',(6.50000000000007,-162.,4.18912563576714));
#14750=CARTESIAN_POINT('',(6.50000000000007,-165.,19.189));
#14751=CARTESIAN_POINT('',(6.50000000000007,-165.,-0.810999999999999));
#14752=CARTESIAN_POINT('Origin',(9.99999932944774,-165.,-0.810999999999999));
#14753=CARTESIAN_POINT('',(7.12754387650616,-162.,-2.81074872846572));
#14754=CARTESIAN_POINT('Origin',(9.99999932944774,-162.,-0.810999999999999));
#14755=CARTESIAN_POINT('',(13.4999986588954,-162.,-0.811));
#14756=CARTESIAN_POINT('',(13.4999986588954,-165.,-0.811));
#14757=CARTESIAN_POINT('',(12.8724547823893,-162.,-2.81074872846572));
#14758=CARTESIAN_POINT('Origin',(9.99999932944774,-162.,-0.810999999999999));
#14759=CARTESIAN_POINT('',(12.8724547823893,-160.,-2.81074872846572));
#14760=CARTESIAN_POINT('',(12.8724547823893,-165.,-2.81074872846572));
#14761=CARTESIAN_POINT('',(7.12754387650616,-160.,-2.81074872846572));
#14762=CARTESIAN_POINT('Origin',(9.99999932944774,-160.,-0.810999999999999));
#14763=CARTESIAN_POINT('',(7.12754387650616,-165.,-2.81074872846572));
#14764=CARTESIAN_POINT('Origin',(9.99999932944775,-160.,9.18900033527617));
#14765=CARTESIAN_POINT('',(-25.0000003352761,-160.,-2.81074872846572));
#14766=CARTESIAN_POINT('Origin',(13.4999993294478,-165.,19.189));
#14767=CARTESIAN_POINT('',(13.4999993294478,-162.,19.189));
#14768=CARTESIAN_POINT('',(13.4999993294478,-162.,14.1891256357671));
#14769=CARTESIAN_POINT('',(13.4999993294478,-165.,19.189));
#14770=CARTESIAN_POINT('Origin',(9.99999932944775,-165.,19.189));
#14771=CARTESIAN_POINT('Origin',(9.99999932944775,-162.,19.189));
#14772=CARTESIAN_POINT('Origin',(26.5000000000001,-165.,-0.810999999999999));
#14773=CARTESIAN_POINT('',(26.5000000000001,-162.,19.189));
#14774=CARTESIAN_POINT('',(26.5000000000001,-162.,-0.810999999999999));
#14775=CARTESIAN_POINT('',(26.5000000000001,-162.,4.18912563576714));
#14776=CARTESIAN_POINT('',(26.5000000000001,-165.,19.189));
#14777=CARTESIAN_POINT('',(26.5000000000001,-165.,-0.810999999999999));
#14778=CARTESIAN_POINT('Origin',(29.9999993294477,-165.,-0.810999999999999));
#14779=CARTESIAN_POINT('',(27.1275438765062,-162.,-2.81074872846572));
#14780=CARTESIAN_POINT('Origin',(29.9999993294477,-162.,-0.810999999999999));
#14781=CARTESIAN_POINT('',(33.4999986588954,-162.,-0.811));
#14782=CARTESIAN_POINT('',(33.4999986588954,-165.,-0.811));
#14783=CARTESIAN_POINT('',(32.8724547823893,-162.,-2.81074872846572));
#14784=CARTESIAN_POINT('Origin',(29.9999993294477,-162.,-0.810999999999999));
#14785=CARTESIAN_POINT('',(32.8724547823893,-160.,-2.81074872846572));
#14786=CARTESIAN_POINT('',(32.8724547823893,-165.,-2.81074872846572));
#14787=CARTESIAN_POINT('',(27.1275438765062,-160.,-2.81074872846572));
#14788=CARTESIAN_POINT('Origin',(29.9999993294477,-160.,-0.810999999999999));
#14789=CARTESIAN_POINT('',(27.1275438765062,-165.,-2.81074872846572));
#14790=CARTESIAN_POINT('Origin',(29.9999993294477,-160.,9.18900033527617));
#14791=CARTESIAN_POINT('',(-15.0000003352761,-160.,-2.81074872846572));
#14792=CARTESIAN_POINT('Origin',(33.4999993294478,-165.,19.189));
#14793=CARTESIAN_POINT('',(33.4999993294478,-162.,19.189));
#14794=CARTESIAN_POINT('',(33.4999993294478,-162.,14.1891256357671));
#14795=CARTESIAN_POINT('',(33.4999993294478,-165.,19.189));
#14796=CARTESIAN_POINT('Origin',(29.9999993294477,-165.,19.189));
#14797=CARTESIAN_POINT('Origin',(29.9999993294477,-162.,19.189));
#14798=CARTESIAN_POINT('Origin',(-13.4999999999999,-165.,-0.810999999999999));
#14799=CARTESIAN_POINT('',(-13.4999999999999,-162.,19.189));
#14800=CARTESIAN_POINT('',(-13.4999999999999,-162.,-0.810999999999999));
#14801=CARTESIAN_POINT('',(-13.4999999999999,-162.,4.18912563576714));
#14802=CARTESIAN_POINT('',(-13.4999999999999,-165.,19.189));
#14803=CARTESIAN_POINT('',(-13.4999999999999,-165.,-0.810999999999999));
#14804=CARTESIAN_POINT('Origin',(-10.0000006705523,-165.,-0.810999999999999));
#14805=CARTESIAN_POINT('',(-12.8724561234938,-162.,-2.81074872846572));
#14806=CARTESIAN_POINT('Origin',(-10.0000006705523,-162.,-0.810999999999999));
#14807=CARTESIAN_POINT('',(-6.5000013411046,-162.,-0.811));
#14808=CARTESIAN_POINT('',(-6.5000013411046,-165.,-0.811));
#14809=CARTESIAN_POINT('',(-7.12754521761068,-162.,-2.81074872846572));
#14810=CARTESIAN_POINT('Origin',(-10.0000006705523,-162.,-0.810999999999999));
#14811=CARTESIAN_POINT('',(-7.12754521761068,-160.,-2.81074872846572));
#14812=CARTESIAN_POINT('',(-7.12754521761068,-165.,-2.81074872846572));
#14813=CARTESIAN_POINT('',(-12.8724561234938,-160.,-2.81074872846572));
#14814=CARTESIAN_POINT('Origin',(-10.0000006705523,-160.,-0.810999999999999));
#14815=CARTESIAN_POINT('',(-12.8724561234938,-165.,-2.81074872846572));
#14816=CARTESIAN_POINT('Origin',(-10.0000006705523,-160.,9.18900033527617));
#14817=CARTESIAN_POINT('',(-35.0000003352761,-160.,-2.81074872846572));
#14818=CARTESIAN_POINT('Origin',(-6.50000067055225,-165.,19.189));
#14819=CARTESIAN_POINT('',(-6.50000067055225,-162.,19.189));
#14820=CARTESIAN_POINT('',(-6.50000067055225,-162.,14.1891256357671));
#14821=CARTESIAN_POINT('',(-6.50000067055225,-165.,19.189));
#14822=CARTESIAN_POINT('Origin',(-10.0000006705523,-165.,19.189));
#14823=CARTESIAN_POINT('Origin',(-10.0000006705523,-162.,19.189));
#14824=CARTESIAN_POINT('Origin',(-43.4999999999999,-165.,-0.810999999999999));
#14825=CARTESIAN_POINT('',(-43.5000006705523,-162.,19.189));
#14826=CARTESIAN_POINT('',(-43.4999999999999,-162.,-0.810999999999999));
#14827=CARTESIAN_POINT('',(-43.4999999999999,-162.,4.18912563576714));
#14828=CARTESIAN_POINT('',(-43.5000006705523,-165.,19.189));
#14829=CARTESIAN_POINT('',(-43.4999999999999,-165.,-0.810999999999999));
#14830=CARTESIAN_POINT('Origin',(-40.0000006705523,-165.,-0.810999999999999));
#14831=CARTESIAN_POINT('',(-42.8724561234938,-162.,-2.81074872846572));
#14832=CARTESIAN_POINT('Origin',(-40.0000006705523,-162.,-0.810999999999999));
#14833=CARTESIAN_POINT('',(-36.5000013411046,-162.,-0.811));
#14834=CARTESIAN_POINT('',(-36.5000013411046,-165.,-0.811));
#14835=CARTESIAN_POINT('',(-37.1275452176107,-162.,-2.81074872846572));
#14836=CARTESIAN_POINT('Origin',(-40.0000006705523,-162.,-0.810999999999999));
#14837=CARTESIAN_POINT('',(-37.1275452176107,-160.,-2.81074872846572));
#14838=CARTESIAN_POINT('',(-37.1275452176107,-165.,-2.81074872846572));
#14839=CARTESIAN_POINT('',(-42.8724561234938,-160.,-2.81074872846572));
#14840=CARTESIAN_POINT('Origin',(-40.0000006705523,-160.,-0.810999999999999));
#14841=CARTESIAN_POINT('',(-42.8724561234938,-165.,-2.81074872846572));
#14842=CARTESIAN_POINT('Origin',(-40.0000006705523,-160.,9.18900033527617));
#14843=CARTESIAN_POINT('',(-50.0000003352761,-160.,-2.81074872846572));
#14844=CARTESIAN_POINT('Origin',(-36.5000006705522,-165.,19.189));
#14845=CARTESIAN_POINT('',(-36.5000006705522,-162.,19.189));
#14846=CARTESIAN_POINT('',(-36.5000006705522,-162.,14.1891256357671));
#14847=CARTESIAN_POINT('',(-36.5000006705522,-165.,19.189));
#14848=CARTESIAN_POINT('Origin',(-40.0000006705523,-165.,19.189));
#14849=CARTESIAN_POINT('Origin',(-40.0000006705523,-162.,19.189));
#14850=CARTESIAN_POINT('Origin',(-3.49999999999993,-165.,-0.810999999999999));
#14851=CARTESIAN_POINT('',(-3.49999999999993,-162.,19.189));
#14852=CARTESIAN_POINT('',(-3.49999999999993,-162.,-0.810999999999999));
#14853=CARTESIAN_POINT('',(-3.49999999999993,-162.,4.18912563576714));
#14854=CARTESIAN_POINT('',(-3.49999999999993,-165.,19.189));
#14855=CARTESIAN_POINT('',(-3.49999999999993,-165.,-0.810999999999999));
#14856=CARTESIAN_POINT('Origin',(-6.70552262604929E-7,-165.,-0.810999999999999));
#14857=CARTESIAN_POINT('',(-2.87245612349384,-162.,-2.81074872846572));
#14858=CARTESIAN_POINT('Origin',(-6.70552262604929E-7,-162.,-0.810999999999999));
#14859=CARTESIAN_POINT('',(3.4999986588954,-162.,-0.811));
#14860=CARTESIAN_POINT('',(3.4999986588954,-165.,-0.811));
#14861=CARTESIAN_POINT('',(2.87245478238932,-162.,-2.81074872846572));
#14862=CARTESIAN_POINT('Origin',(-6.70552262604929E-7,-162.,-0.810999999999999));
#14863=CARTESIAN_POINT('',(2.87245478238932,-160.,-2.81074872846572));
#14864=CARTESIAN_POINT('',(2.87245478238932,-165.,-2.81074872846572));
#14865=CARTESIAN_POINT('',(-2.87245612349384,-160.,-2.81074872846572));
#14866=CARTESIAN_POINT('Origin',(-6.70552262604929E-7,-160.,-0.810999999999999));
#14867=CARTESIAN_POINT('',(-2.87245612349384,-165.,-2.81074872846572));
#14868=CARTESIAN_POINT('Origin',(-6.70552253723145E-7,-160.,9.18900033527617));
#14869=CARTESIAN_POINT('',(-30.0000003352761,-160.,-2.81074872846572));
#14870=CARTESIAN_POINT('Origin',(3.49999932944775,-165.,19.189));
#14871=CARTESIAN_POINT('',(3.49999932944775,-162.,19.189));
#14872=CARTESIAN_POINT('',(3.49999932944775,-162.,14.1891256357671));
#14873=CARTESIAN_POINT('',(3.49999932944775,-165.,19.189));
#14874=CARTESIAN_POINT('Origin',(-6.70552253723145E-7,-165.,19.189));
#14875=CARTESIAN_POINT('Origin',(-6.70552253723145E-7,-162.,19.189));
#14876=CARTESIAN_POINT('Origin',(36.5000000000001,-165.,-0.810999999999999));
#14877=CARTESIAN_POINT('',(36.5000000000001,-162.,19.189));
#14878=CARTESIAN_POINT('',(36.5000000000001,-162.,-0.810999999999999));
#14879=CARTESIAN_POINT('',(36.5000000000001,-162.,4.18912563576714));
#14880=CARTESIAN_POINT('',(36.5000000000001,-165.,19.189));
#14881=CARTESIAN_POINT('',(36.5000000000001,-165.,-0.810999999999999));
#14882=CARTESIAN_POINT('Origin',(39.9999993294477,-165.,-0.810999999999999));
#14883=CARTESIAN_POINT('',(37.1275438765062,-162.,-2.81074872846572));
#14884=CARTESIAN_POINT('Origin',(39.9999993294477,-162.,-0.810999999999999));
#14885=CARTESIAN_POINT('',(43.4999986588954,-162.,-0.811));
#14886=CARTESIAN_POINT('',(43.4999986588954,-165.,-0.811));
#14887=CARTESIAN_POINT('',(42.8724547823893,-162.,-2.81074872846572));
#14888=CARTESIAN_POINT('Origin',(39.9999993294477,-162.,-0.810999999999999));
#14889=CARTESIAN_POINT('',(42.8724547823893,-160.,-2.81074872846572));
#14890=CARTESIAN_POINT('',(42.8724547823893,-165.,-2.81074872846572));
#14891=CARTESIAN_POINT('',(37.1275438765062,-160.,-2.81074872846572));
#14892=CARTESIAN_POINT('Origin',(39.9999993294477,-160.,-0.810999999999999));
#14893=CARTESIAN_POINT('',(37.1275438765062,-165.,-2.81074872846572));
#14894=CARTESIAN_POINT('Origin',(39.9999993294477,-160.,9.18900033527617));
#14895=CARTESIAN_POINT('',(-10.0000003352761,-160.,-2.81074872846572));
#14896=CARTESIAN_POINT('Origin',(43.4999993294478,-165.,19.189));
#14897=CARTESIAN_POINT('',(43.4999993294478,-162.,19.189));
#14898=CARTESIAN_POINT('',(43.4999993294478,-162.,14.1891256357671));
#14899=CARTESIAN_POINT('',(43.4999993294478,-165.,19.189));
#14900=CARTESIAN_POINT('Origin',(39.9999993294477,-165.,19.189));
#14901=CARTESIAN_POINT('Origin',(39.9999993294477,-162.,19.189));
#14902=CARTESIAN_POINT('Origin',(-59.9999999999999,-95.,-2.81074872846572));
#14903=CARTESIAN_POINT('',(-29.9999999999999,-162.,-2.81074872846572));
#14904=CARTESIAN_POINT('',(-29.9999999999999,-162.,-2.81074872846572));
#14905=CARTESIAN_POINT('',(-29.9999999999999,-162.,-2.81074872846572));
#14906=CARTESIAN_POINT('',(57.0000000000001,-105.,-2.81074872846572));
#14907=CARTESIAN_POINT('',(57.0000000000001,-95.,-2.81074872846572));
#14908=CARTESIAN_POINT('',(22.7500000000001,-70.75,-2.81074872846572));
#14909=CARTESIAN_POINT('',(-77.5,-95.,-2.81074872846572));
#14910=CARTESIAN_POINT('',(-56.9999999999999,-105.,-2.81074872846572));
#14911=CARTESIAN_POINT('',(-52.7499999999999,-100.75,-2.81074872846572));
#14912=CARTESIAN_POINT('',(-56.9999999999999,-95.,-2.81074872846572));
#14913=CARTESIAN_POINT('',(-29.9999999999999,-162.,-2.81074872846572));
#14914=CARTESIAN_POINT('',(-29.9999999999999,-162.,-2.81074872846572));
#14915=CARTESIAN_POINT('',(-29.9999999999999,-162.,-2.81074872846572));
#14916=CARTESIAN_POINT('',(-29.9999999999999,-162.,-2.81074872846572));
#14917=CARTESIAN_POINT('',(-29.9999999999999,-162.,-2.81074872846572));
#14918=CARTESIAN_POINT('',(-29.9999999999999,-162.,-2.81074872846572));
#14919=CARTESIAN_POINT('',(-29.9999999999999,-162.,-2.81074872846572));
#14920=CARTESIAN_POINT('Origin',(47.0000000000001,-95.,-7.81074872846572));
#14921=CARTESIAN_POINT('',(-7.5,-95.,-2.917424294965));
#14922=CARTESIAN_POINT('Origin',(-7.5,-95.,1.082575705035));
#14923=CARTESIAN_POINT('',(7.5,-95.,-2.917424294965));
#14924=CARTESIAN_POINT('Origin',(7.5,-95.,1.082575705035));
#14925=CARTESIAN_POINT('',(-43.75,-95.,-2.917424294965));
#14926=CARTESIAN_POINT('Origin',(52.0000000000001,-100.,-9.31074872846561));
#14927=CARTESIAN_POINT('',(57.0000000000001,-105.,29.1892512715343));
#14928=CARTESIAN_POINT('',(57.0000000000001,-105.,-9.31074872846561));
#14929=CARTESIAN_POINT('',(52.7500000000001,-100.75,29.1892512715343));
#14930=CARTESIAN_POINT('Origin',(57.0000000000001,-95.,-10.8107487284657));
#14931=CARTESIAN_POINT('',(57.0000000000001,-95.,29.1892512715343));
#14932=CARTESIAN_POINT('Origin',(7.105427357601E-14,-162.,9.18925127153427));
#14933=CARTESIAN_POINT('',(30.0000000000001,-162.,29.1892512715343));
#14934=CARTESIAN_POINT('Origin',(-51.9999999999999,-100.,10.6892512715344));
#14935=CARTESIAN_POINT('',(-56.9999999999999,-105.,29.1892512715343));
#14936=CARTESIAN_POINT('',(-22.75,-70.75,29.1892512715343));
#14937=CARTESIAN_POINT('',(-56.9999999999999,-105.,10.6892512715344));
#14938=CARTESIAN_POINT('Origin',(-56.9999999999999,-95.,29.1892512715343));
#14939=CARTESIAN_POINT('',(-56.9999999999999,-95.,29.1892512715343));
#14940=CARTESIAN_POINT('Origin',(60.0000000000001,-95.,29.1892512715343));
#14941=CARTESIAN_POINT('Origin',(-5.25720180347976E-14,0.,-7.81074872846613));
#14942=CARTESIAN_POINT('',(84.5000000000003,-1.03482654527951E-14,43.6892512715333));
#14943=CARTESIAN_POINT('Origin',(2.99283279000252E-13,0.,43.6892512715339));
#14944=CARTESIAN_POINT('',(84.5,-1.03482654527951E-14,-7.8107487284667));
#14945=CARTESIAN_POINT('',(84.5,1.03482654527951E-14,-7.81074872846671));
#14946=CARTESIAN_POINT('Origin',(-5.25720180347976E-14,0.,-7.81074872846613));
#14947=CARTESIAN_POINT('',(7.5,-84.1665016500033,5.));
#14948=CARTESIAN_POINT('',(-7.5,-84.1665016500033,5.));
#14949=CARTESIAN_POINT('Origin',(3.49528324330823E-14,0.,4.99999999999995));
#14950=CARTESIAN_POINT('',(-9.5,-83.9642781187333,3.));
#14951=CARTESIAN_POINT('Ctrl Pts',(-7.49999999999998,-84.1665016500033,
5.));
#14952=CARTESIAN_POINT('Ctrl Pts',(-7.75139385593977,-84.1441001733756,
5.));
#14953=CARTESIAN_POINT('Ctrl Pts',(-8.01948257196508,-84.1189592190345,
4.94971997924444));
#14954=CARTESIAN_POINT('Ctrl Pts',(-8.51268940379798,-84.0704794796062,
4.74520208173145));
#14955=CARTESIAN_POINT('Ctrl Pts',(-8.73781327351612,-84.0472045049687,
4.5909629600005));
#14956=CARTESIAN_POINT('Ctrl Pts',(-9.09249148881312,-84.0095723084424,
4.2355855708944));
#14957=CARTESIAN_POINT('Ctrl Pts',(-9.24605467839013,-83.9926840917669,
4.01106227330563));
#14958=CARTESIAN_POINT('Ctrl Pts',(-9.44981396482964,-83.9700037161968,
3.51882496831215));
#14959=CARTESIAN_POINT('Ctrl Pts',(-9.5,-83.9642781187333,3.25110373135485));
#14960=CARTESIAN_POINT('Ctrl Pts',(-9.5,-83.9642781187333,3.00000000000001));
#14961=CARTESIAN_POINT('',(-9.5,-83.9642781187333,1.082575705035));
#14962=CARTESIAN_POINT('',(-9.5,-83.9642781187333,-7.81074872846607));
#14963=CARTESIAN_POINT('',(-7.5,-84.1665016500033,-0.917424294965001));
#14964=CARTESIAN_POINT('Ctrl Pts',(-9.5,-83.9642781187333,1.08257570503501));
#14965=CARTESIAN_POINT('Ctrl Pts',(-9.5,-83.9642781187333,0.831471973680175));
#14966=CARTESIAN_POINT('Ctrl Pts',(-9.44981396482965,-83.9700037161968,
0.563750736722875));
#14967=CARTESIAN_POINT('Ctrl Pts',(-9.24605467839014,-83.9926840917668,
0.0715134317293936));
#14968=CARTESIAN_POINT('Ctrl Pts',(-9.09249148881313,-84.0095723084424,
-0.153009865859377));
#14969=CARTESIAN_POINT('Ctrl Pts',(-8.73781327351614,-84.0472045049687,
-0.508387254965484));
#14970=CARTESIAN_POINT('Ctrl Pts',(-8.512689403798,-84.0704794796062,-0.662626376696439));
#14971=CARTESIAN_POINT('Ctrl Pts',(-8.01948257196511,-84.1189592190345,
-0.867144274209428));
#14972=CARTESIAN_POINT('Ctrl Pts',(-7.7513938559398,-84.1441001733756,-0.917424294964999));
#14973=CARTESIAN_POINT('Ctrl Pts',(-7.50000000000001,-84.1665016500033,
-0.917424294965));
#14974=CARTESIAN_POINT('',(7.5,-84.1665016500033,-0.917424294965001));
#14975=CARTESIAN_POINT('Origin',(-5.47584878997192E-15,0.,-0.91742429496495));
#14976=CARTESIAN_POINT('',(9.5,-83.9642781187333,1.082575705035));
#14977=CARTESIAN_POINT('Ctrl Pts',(7.49999999999999,-84.1665016500033,-0.917424294965002));
#14978=CARTESIAN_POINT('Ctrl Pts',(7.75139385593977,-84.1441001733756,-0.917424294965004));
#14979=CARTESIAN_POINT('Ctrl Pts',(8.01948257196509,-84.1189592190345,-0.867144274209437));
#14980=CARTESIAN_POINT('Ctrl Pts',(8.51268940379799,-84.0704794796062,-0.662626376696452));
#14981=CARTESIAN_POINT('Ctrl Pts',(8.73781327351613,-84.0472045049687,-0.508387254965501));
#14982=CARTESIAN_POINT('Ctrl Pts',(9.09249148881312,-84.0095723084424,-0.153009865859398));
#14983=CARTESIAN_POINT('Ctrl Pts',(9.24605467839013,-83.9926840917669,0.0715134317293705));
#14984=CARTESIAN_POINT('Ctrl Pts',(9.44981396482964,-83.9700037161968,0.56375073672285));
#14985=CARTESIAN_POINT('Ctrl Pts',(9.5,-83.9642781187333,0.831471973680149));
#14986=CARTESIAN_POINT('Ctrl Pts',(9.5,-83.9642781187333,1.08257570503498));
#14987=CARTESIAN_POINT('',(9.5,-83.9642781187333,3.));
#14988=CARTESIAN_POINT('',(9.5,-83.9642781187333,-7.81074872846619));
#14989=CARTESIAN_POINT('Ctrl Pts',(9.5,-83.9642781187333,2.99999999999998));
#14990=CARTESIAN_POINT('Ctrl Pts',(9.5,-83.9642781187333,3.25110373135482));
#14991=CARTESIAN_POINT('Ctrl Pts',(9.44981396482965,-83.9700037161968,3.51882496831212));
#14992=CARTESIAN_POINT('Ctrl Pts',(9.24605467839014,-83.9926840917669,4.0110622733056));
#14993=CARTESIAN_POINT('Ctrl Pts',(9.09249148881314,-84.0095723084424,4.23558557089437));
#14994=CARTESIAN_POINT('Ctrl Pts',(8.73781327351615,-84.0472045049687,4.59096296000048));
#14995=CARTESIAN_POINT('Ctrl Pts',(8.51268940379801,-84.0704794796062,4.74520208173144));
#14996=CARTESIAN_POINT('Ctrl Pts',(8.01948257196511,-84.1189592190345,4.94971997924443));
#14997=CARTESIAN_POINT('Ctrl Pts',(7.7513938559398,-84.1441001733755,5.));
#14998=CARTESIAN_POINT('Ctrl Pts',(7.50000000000001,-84.1665016500033,5.));
#14999=CARTESIAN_POINT('Origin',(94.9999999999999,95.,-7.81074872846677));
#15000=CARTESIAN_POINT('Origin',(-5.25720180347976E-14,0.,-7.81074872846613));
#15001=CARTESIAN_POINT('',(89.9999999999999,-37.5,-7.81074872846674));
#15002=CARTESIAN_POINT('',(89.9999999999999,-37.5,-7.81074872846675));
#15003=CARTESIAN_POINT('',(37.4999999999999,-90.,-7.81074872846638));
#15004=CARTESIAN_POINT('',(37.4999999999999,-90.,-7.81074872846639));
#15005=CARTESIAN_POINT('Origin',(-5.25720180347976E-14,0.,-7.81074872846613));
#15006=CARTESIAN_POINT('Origin',(-95.0000000000001,-90.,-7.81074872846549));
#15007=CARTESIAN_POINT('',(89.9999999999999,-90.,-7.81074872846674));
#15008=CARTESIAN_POINT('',(89.9999999999999,-90.,-7.81074872846675));
#15009=CARTESIAN_POINT('',(-47.5000000000001,-90.,-7.81074872846581));
#15010=CARTESIAN_POINT('Origin',(89.9999999999999,-95.,-7.81074872846674));
#15011=CARTESIAN_POINT('',(89.9999999999999,-47.5,-7.81074872846674));
#15012=CARTESIAN_POINT('Origin',(-5.25720180347976E-14,0.,-7.81074872846613));
#15013=CARTESIAN_POINT('',(-90.0000000000001,-37.5,-7.81074872846552));
#15014=CARTESIAN_POINT('',(-90.0000000000001,-37.5,-7.81074872846551));
#15015=CARTESIAN_POINT('',(-37.5,-90.,-7.81074872846588));
#15016=CARTESIAN_POINT('Origin',(-5.25720180347976E-14,0.,-7.81074872846613));
#15017=CARTESIAN_POINT('',(-37.5,-90.,-7.81074872846587));
#15018=CARTESIAN_POINT('Origin',(-95.0000000000001,-90.,-7.81074872846549));
#15019=CARTESIAN_POINT('',(-90.,-90.,-7.81074872846552));
#15020=CARTESIAN_POINT('',(-47.5000000000001,-90.,-7.81074872846581));
#15021=CARTESIAN_POINT('',(-90.0000000000001,-90.,-7.81074872846553));
#15022=CARTESIAN_POINT('Origin',(-90.0000000000001,95.,-7.81074872846553));
#15023=CARTESIAN_POINT('',(-90.0000000000001,47.5,-7.81074872846552));
#15024=CARTESIAN_POINT('Origin',(-5.25720180347976E-14,0.,-7.81074872846613));
#15025=CARTESIAN_POINT('',(37.4999999999999,90.,-7.81074872846638));
#15026=CARTESIAN_POINT('',(37.4999999999999,90.,-7.81074872846639));
#15027=CARTESIAN_POINT('',(89.9999999999999,37.5,-7.81074872846674));
#15028=CARTESIAN_POINT('',(89.9999999999999,37.5,-7.81074872846675));
#15029=CARTESIAN_POINT('Origin',(-5.25720180347976E-14,0.,-7.81074872846613));
#15030=CARTESIAN_POINT('Origin',(89.9999999999999,-95.,-7.81074872846674));
#15031=CARTESIAN_POINT('',(89.9999999999999,90.,-7.81074872846674));
#15032=CARTESIAN_POINT('',(89.9999999999999,90.,-7.81074872846673));
#15033=CARTESIAN_POINT('',(89.9999999999999,-47.5,-7.81074872846674));
#15034=CARTESIAN_POINT('Origin',(94.9999999999999,90.,-7.81074872846677));
#15035=CARTESIAN_POINT('',(47.4999999999999,90.,-7.81074872846645));
#15036=CARTESIAN_POINT('Origin',(94.9999999999999,90.,-7.81074872846677));
#15037=CARTESIAN_POINT('',(-37.5,90.,-7.81074872846588));
#15038=CARTESIAN_POINT('',(-37.5,90.,-7.81074872846587));
#15039=CARTESIAN_POINT('',(-90.,90.,-7.81074872846552));
#15040=CARTESIAN_POINT('',(-90.0000000000001,90.,-7.81074872846551));
#15041=CARTESIAN_POINT('',(47.4999999999999,90.,-7.81074872846645));
#15042=CARTESIAN_POINT('Origin',(-5.25720180347976E-14,0.,-7.81074872846613));
#15043=CARTESIAN_POINT('',(-90.0000000000001,37.5,-7.81074872846552));
#15044=CARTESIAN_POINT('',(-90.0000000000001,37.5,-7.81074872846551));
#15045=CARTESIAN_POINT('Origin',(-5.25720180347976E-14,0.,-7.81074872846613));
#15046=CARTESIAN_POINT('Origin',(-90.0000000000001,95.,-7.81074872846553));
#15047=CARTESIAN_POINT('',(-90.0000000000001,47.5,-7.81074872846552));
#15048=CARTESIAN_POINT('Origin',(-5.25720180347976E-14,0.,-7.81074872846613));
#15049=CARTESIAN_POINT('Origin',(-5.25720180347976E-14,0.,-7.81074872846613));
#15050=CARTESIAN_POINT('Origin',(-5.25720180347976E-14,0.,-7.81074872846613));
#15051=CARTESIAN_POINT('Origin',(-5.25720180347976E-14,0.,-7.81074872846613));
#15052=CARTESIAN_POINT('Origin',(-5.25720180347976E-14,0.,-7.81074872846613));
#15053=CARTESIAN_POINT('Origin',(63.,-63.,13.6892512715339));
#15054=CARTESIAN_POINT('',(60.5,-63.,13.6892512715339));
#15055=CARTESIAN_POINT('Origin',(63.,-63.,13.6892512715339));
#15056=CARTESIAN_POINT('Origin',(63.,-63.,43.6892512715339));
#15057=CARTESIAN_POINT('',(60.5,-63.,43.6892512715339));
#15058=CARTESIAN_POINT('Origin',(63.,-63.,43.6892512715339));
#15059=CARTESIAN_POINT('',(60.5,-63.,43.6892512715339));
#15060=CARTESIAN_POINT('Origin',(-63.,63.,13.6892512715339));
#15061=CARTESIAN_POINT('',(-65.5,63.,13.6892512715339));
#15062=CARTESIAN_POINT('Origin',(-63.,63.,13.6892512715339));
#15063=CARTESIAN_POINT('Origin',(-63.,63.,43.6892512715339));
#15064=CARTESIAN_POINT('',(-65.5,63.,43.6892512715339));
#15065=CARTESIAN_POINT('Origin',(-63.,63.,43.6892512715339));
#15066=CARTESIAN_POINT('',(-65.5,63.,43.6892512715339));
#15067=CARTESIAN_POINT('Origin',(63.,63.,13.6892512715339));
#15068=CARTESIAN_POINT('',(60.5,63.,13.6892512715339));
#15069=CARTESIAN_POINT('Origin',(63.,63.,13.6892512715339));
#15070=CARTESIAN_POINT('Origin',(63.,63.,43.6892512715339));
#15071=CARTESIAN_POINT('',(60.5,63.,43.6892512715339));
#15072=CARTESIAN_POINT('Origin',(63.,63.,43.6892512715339));
#15073=CARTESIAN_POINT('',(60.5,63.,43.6892512715339));
#15074=CARTESIAN_POINT('Origin',(-63.,-63.,13.6892512715339));
#15075=CARTESIAN_POINT('',(-65.5,-63.,13.6892512715339));
#15076=CARTESIAN_POINT('Origin',(-63.,-63.,13.6892512715339));
#15077=CARTESIAN_POINT('Origin',(-63.,-63.,43.6892512715339));
#15078=CARTESIAN_POINT('',(-65.5,-63.,43.6892512715339));
#15079=CARTESIAN_POINT('Origin',(-63.,-63.,43.6892512715339));
#15080=CARTESIAN_POINT('',(-65.5,-63.,43.6892512715339));
#15081=CARTESIAN_POINT('Origin',(7.5,-95.,-0.917424294965002));
#15082=CARTESIAN_POINT('',(7.5,-93.,-0.917424294965002));
#15083=CARTESIAN_POINT('',(-7.5,-93.,-0.917424294965));
#15084=CARTESIAN_POINT('',(-43.75,-93.,-0.917424294965002));
#15085=CARTESIAN_POINT('',(7.5,-95.,-0.917424294965002));
#15086=CARTESIAN_POINT('',(-7.5,-95.,-0.917424294965));
#15087=CARTESIAN_POINT('Origin',(-7.5,-95.,1.082575705035));
#15088=CARTESIAN_POINT('',(-9.5,-93.,1.082575705035));
#15089=CARTESIAN_POINT('Origin',(-7.5,-93.,1.082575705035));
#15090=CARTESIAN_POINT('',(-9.5,-95.,1.082575705035));
#15091=CARTESIAN_POINT('Origin',(-9.5,-95.,1.082575705035));
#15092=CARTESIAN_POINT('',(-9.5,-93.,3.));
#15093=CARTESIAN_POINT('',(-9.5,-93.,-3.36408651171525));
#15094=CARTESIAN_POINT('',(-9.5,-95.,3.));
#15095=CARTESIAN_POINT('Origin',(-7.5,-95.,3.));
#15096=CARTESIAN_POINT('',(-7.5,-93.,5.));
#15097=CARTESIAN_POINT('Origin',(-7.5,-93.,3.));
#15098=CARTESIAN_POINT('',(-7.5,-95.,5.));
#15099=CARTESIAN_POINT('Origin',(-7.5,-95.,5.));
#15100=CARTESIAN_POINT('',(7.5,-93.,5.));
#15101=CARTESIAN_POINT('',(-51.25,-93.,5.));
#15102=CARTESIAN_POINT('',(7.5,-95.,5.));
#15103=CARTESIAN_POINT('Origin',(7.5,-95.,3.));
#15104=CARTESIAN_POINT('',(9.5,-93.,3.));
#15105=CARTESIAN_POINT('Origin',(7.5,-93.,3.));
#15106=CARTESIAN_POINT('',(9.5,-95.,3.));
#15107=CARTESIAN_POINT('Origin',(9.5,-95.,3.));
#15108=CARTESIAN_POINT('',(9.5,-93.,1.082575705035));
#15109=CARTESIAN_POINT('',(9.5,-93.,-2.40537436423275));
#15110=CARTESIAN_POINT('',(9.5,-95.,1.082575705035));
#15111=CARTESIAN_POINT('Origin',(7.5,-95.,1.082575705035));
#15112=CARTESIAN_POINT('Origin',(7.5,-93.,1.082575705035));
#15113=CARTESIAN_POINT('Origin',(-7.5,-94.,3.));
#15114=CARTESIAN_POINT('',(-7.5,-95.,7.));
#15115=CARTESIAN_POINT('',(-9.5,-93.,3.));
#15116=CARTESIAN_POINT('Origin',(-10.5,-94.,-3.36408651171525));
#15117=CARTESIAN_POINT('',(-9.5,-93.,1.082575705035));
#15118=CARTESIAN_POINT('Origin',(-7.5,-94.,1.082575705035));
#15119=CARTESIAN_POINT('',(-7.5,-93.,-0.917424294965));
#15120=CARTESIAN_POINT('Origin',(-43.75,-94.,-1.917424294965));
#15121=CARTESIAN_POINT('',(7.5,-93.,-0.917424294965002));
#15122=CARTESIAN_POINT('Origin',(7.5,-94.,1.082575705035));
#15123=CARTESIAN_POINT('',(9.5,-93.,1.082575705035));
#15124=CARTESIAN_POINT('Origin',(10.5,-94.,-2.40537436423275));
#15125=CARTESIAN_POINT('',(9.5,-93.,3.));
#15126=CARTESIAN_POINT('Origin',(7.5,-94.,3.));
#15127=CARTESIAN_POINT('',(7.5,-93.,5.));
#15128=CARTESIAN_POINT('Origin',(-51.25,-94.,6.));
#15129=CARTESIAN_POINT('Origin',(3.02699349845252E-13,0.,43.6892512715339));
#15130=CARTESIAN_POINT('',(-91.9999999999997,-1.12667505521556E-14,43.6892512715339));
#15131=CARTESIAN_POINT('Origin',(2.94060426934888E-13,0.,43.6892512715339));
#15132=CARTESIAN_POINT('Origin',(2.94060426934888E-13,0.,43.6892512715339));
#15133=CARTESIAN_POINT('',(-93.9999999999997,-1.15116799119851E-14,48.1892512715339));
#15134=CARTESIAN_POINT('Origin',(2.94060426934888E-13,0.,48.1892512715339));
#15135=CARTESIAN_POINT('',(-93.9999999999997,-1.15116799119851E-14,43.6892512715339));
#15136=CARTESIAN_POINT('Origin',(2.94060426934888E-13,0.,43.6892512715339));
#15137=CARTESIAN_POINT('',(-91.9999999999997,1.12667505521556E-14,48.1892512715339));
#15138=CARTESIAN_POINT('Origin',(2.94060426934888E-13,0.,48.1892512715339));
#15139=CARTESIAN_POINT('',(-91.9999999999997,-1.12667505521556E-14,43.6892512715339));
#15140=CARTESIAN_POINT('Origin',(1.24344978758018E-13,0.,48.1892512715339));
#15141=CARTESIAN_POINT('Origin',(1.24344978758018E-13,0.,48.1892512715339));
#15142=CARTESIAN_POINT('',(-93.9999999999997,-1.15116799119851E-14,48.1892512715339));
#15143=CARTESIAN_POINT('Origin',(2.94060426934888E-13,0.,48.1892512715339));
#15144=CARTESIAN_POINT('',(-90.7999999999997,-1.1119792936258E-14,48.1892512715339));
#15145=CARTESIAN_POINT('Origin',(2.94060426934888E-13,0.,48.1892512715339));
#15146=CARTESIAN_POINT('Origin',(2.94060426934888E-13,0.,43.6892512715339));
#15147=CARTESIAN_POINT('',(-90.7999999999997,-1.1119792936258E-14,50.6892512715339));
#15148=CARTESIAN_POINT('Origin',(2.94060426934888E-13,0.,50.6892512715339));
#15149=CARTESIAN_POINT('',(-90.7999999999997,-1.1119792936258E-14,43.6892512715339));
#15150=CARTESIAN_POINT('Origin',(2.94060426934888E-13,0.,43.6892512715339));
#15151=CARTESIAN_POINT('',(-93.9999999999997,-1.15116799119851E-14,50.6892512715339));
#15152=CARTESIAN_POINT('Origin',(2.94060426934888E-13,0.,50.6892512715339));
#15153=CARTESIAN_POINT('',(-93.9999999999997,-1.15116799119851E-14,43.6892512715339));
#15154=CARTESIAN_POINT('Origin',(2.94060426934888E-13,0.,50.6892512715339));
#15155=UNCERTAINTY_MEASURE_WITH_UNIT(LENGTH_MEASURE(0.01),#15159,
'DISTANCE_ACCURACY_VALUE',
'Maximum model space distance between geometric entities at asserted c
onnectivities');
#15156=UNCERTAINTY_MEASURE_WITH_UNIT(LENGTH_MEASURE(0.01),#15159,
'DISTANCE_ACCURACY_VALUE',
'Maximum model space distance between geometric entities at asserted c
onnectivities');
#15157=(
GEOMETRIC_REPRESENTATION_CONTEXT(3)
GLOBAL_UNCERTAINTY_ASSIGNED_CONTEXT((#15155))
GLOBAL_UNIT_ASSIGNED_CONTEXT((#15159,#15161,#15162))
REPRESENTATION_CONTEXT('','3D')
);
#15158=(
GEOMETRIC_REPRESENTATION_CONTEXT(3)
GLOBAL_UNCERTAINTY_ASSIGNED_CONTEXT((#15156))
GLOBAL_UNIT_ASSIGNED_CONTEXT((#15159,#15161,#15162))
REPRESENTATION_CONTEXT('','3D')
);
#15159=(
LENGTH_UNIT()
NAMED_UNIT(*)
SI_UNIT(.MILLI.,.METRE.)
);
#15160=(
LENGTH_UNIT()
NAMED_UNIT(*)
SI_UNIT($,.METRE.)
);
#15161=(
NAMED_UNIT(*)
PLANE_ANGLE_UNIT()
SI_UNIT($,.RADIAN.)
);
#15162=(
NAMED_UNIT(*)
SI_UNIT($,.STERADIAN.)
SOLID_ANGLE_UNIT()
);
#15163=SHAPE_DEFINITION_REPRESENTATION(#15164,#15165);
#15164=PRODUCT_DEFINITION_SHAPE('',$,#15167);
#15165=SHAPE_REPRESENTATION('',(#8043),#15157);
#15166=PRODUCT_DEFINITION_CONTEXT('part definition',#15171,'design');
#15167=PRODUCT_DEFINITION('Enclosure','Enclosure',#15168,#15166);
#15168=PRODUCT_DEFINITION_FORMATION('',$,#15173);
#15169=PRODUCT_RELATED_PRODUCT_CATEGORY('Enclosure','Enclosure',(#15173));
#15170=APPLICATION_PROTOCOL_DEFINITION('international standard',
'automotive_design',2009,#15171);
#15171=APPLICATION_CONTEXT(
'Core Data for Automotive Mechanical Design Process');
#15172=PRODUCT_CONTEXT('part definition',#15171,'mechanical');
#15173=PRODUCT('Enclosure','Enclosure',$,(#15172));
#15174=PRESENTATION_STYLE_ASSIGNMENT((#15176));
#15175=PRESENTATION_STYLE_ASSIGNMENT((#15177));
#15176=SURFACE_STYLE_USAGE(.BOTH.,#15178);
#15177=SURFACE_STYLE_USAGE(.BOTH.,#15179);
#15178=SURFACE_SIDE_STYLE('',(#15180));
#15179=SURFACE_SIDE_STYLE('',(#15181));
#15180=SURFACE_STYLE_FILL_AREA(#15182);
#15181=SURFACE_STYLE_FILL_AREA(#15183);
#15182=FILL_AREA_STYLE('Steel - Satin',(#15184));
#15183=FILL_AREA_STYLE('Plastic - Matte (Black)',(#15185));
#15184=FILL_AREA_STYLE_COLOUR('Steel - Satin',#15186);
#15185=FILL_AREA_STYLE_COLOUR('Plastic - Matte (Black)',#15187);
#15186=COLOUR_RGB('Steel - Satin',0.627450980392157,0.627450980392157,0.627450980392157);
#15187=COLOUR_RGB('Plastic - Matte (Black)',0.0980392156862745,0.0980392156862745,
0.0980392156862745);
ENDSEC;
END-ISO-10303-21;
