ISO-10303-21;
HEADER;
/* Generated by software containing ST-Developer
 * from STEP Tools, Inc. (www.steptools.com) 
 */

FILE_DESCRIPTION(
/* description */ (''),
/* implementation_level */ '2;1');

FILE_NAME(
/* name */ 'Subwoofer.step',
/* time_stamp */ '2026-08-08T12:11:39-04:00',
/* author */ (''),
/* organization */ (''),
/* preprocessor_version */ 'ST-DEVELOPER v20.1',
/* originating_system */ 'Autodesk Translation Framework v15.8.0.0',
/* authorisation */ '');

FILE_SCHEMA (('AUTOMOTIVE_DESIGN { 1 0 10303 214 3 1 1 }'));
ENDSEC;

DATA;
#10=MECHANICAL_DESIGN_GEOMETRIC_PRESENTATION_REPRESENTATION('',(#56,#57,
#58,#59,#60,#61,#62,#63,#64),#1834);
#11=SHAPE_REPRESENTATION_RELATIONSHIP('SRR','None',#1841,#12);
#12=ADVANCED_BREP_SHAPE_REPRESENTATION('',(#65,#66,#67,#68,#69,#70,#71,
#72),#1833);
#13=B_SPLINE_CURVE_WITH_KNOTS('',3,(#1290,#1291,#1292,#1293,#1294,#1295,
#1296,#1297,#1298,#1299,#1300,#1301,#1302,#1303,#1304,#1305,#1306,#1307,
#1308,#1309,#1310,#1311,#1312,#1313,#1314,#1315,#1316,#1317,#1318,#1319,
#1320,#1321,#1322,#1323,#1324,#1325,#1326,#1327,#1328,#1329,#1330,#1331,
#1332,#1333,#1334,#1335,#1336,#1337,#1338,#1339,#1340,#1341,#1342,#1343,
#1344,#1345,#1346,#1347,#1348,#1349,#1350,#1351,#1352,#1353,#1354,#1355,
#1356),.UNSPECIFIED.,.T.,.F.,(4,3,3,3,3,3,3,3,3,3,3,3,3,3,3,3,3,3,3,3,3,
3,4),(-3.14159265358979,-2.74889357189107,-2.35619449019234,-2.0943951023932,
-1.83259571459405,-1.70169602069447,-1.5707963267949,-1.30899693899575,
-0.785398163397448,-0.392699081698724,-0.196349540849362,0.,0.392699081698724,
0.785398163397448,1.0471975511966,1.30899693899575,1.5707963267949,1.70169602069447,
1.83259571459405,2.0943951023932,2.35619449019234,2.74889357189107,3.14159265358979),
 .UNSPECIFIED.);
#14=B_SPLINE_CURVE_WITH_KNOTS('',3,(#1358,#1359,#1360,#1361,#1362,#1363,
#1364,#1365),.UNSPECIFIED.,.F.,.F.,(4,1,1,1,1,4),(0.,0.142857142857143,
0.285714285714286,0.571428571428571,0.857142857142857,1.),.UNSPECIFIED.);
#15=B_SPLINE_CURVE_WITH_KNOTS('',3,(#1366,#1367,#1368,#1369,#1370,#1371,
#1372,#1373,#1374,#1375,#1376,#1377,#1378,#1379,#1380,#1381,#1382,#1383,
#1384,#1385,#1386,#1387,#1388,#1389,#1390,#1391,#1392,#1393,#1394,#1395,
#1396,#1397,#1398,#1399,#1400,#1401,#1402,#1403,#1404,#1405,#1406,#1407,
#1408,#1409,#1410,#1411,#1412,#1413,#1414,#1415,#1416,#1417,#1418,#1419,
#1420,#1421,#1422,#1423,#1424,#1425,#1426,#1427,#1428,#1429,#1430,#1431,
#1432),.UNSPECIFIED.,.T.,.F.,(4,3,3,3,3,3,3,3,3,3,3,3,3,3,3,3,3,3,3,3,3,
3,4),(-3.14159265358979,-2.74889357189107,-2.35619449019234,-2.0943951023932,
-1.83259571459405,-1.70169602069447,-1.5707963267949,-1.30899693899575,
-0.785398163397448,-0.392699081698724,-0.196349540849362,0.,0.392699081698724,
0.785398163397448,1.0471975511966,1.30899693899575,1.5707963267949,1.70169602069447,
1.83259571459405,2.0943951023932,2.35619449019234,2.74889357189107,3.14159265358979),
 .UNSPECIFIED.);
#16=B_SPLINE_CURVE_WITH_KNOTS('',3,(#1611,#1612,#1613,#1614,#1615,#1616,
#1617,#1618,#1619,#1620,#1621,#1622,#1623),.UNSPECIFIED.,.F.,.F.,(4,3,3,
3,4),(-1.,-0.571428571428571,-0.428571428571429,-0.142857142857143,0.),
 .UNSPECIFIED.);
#17=B_SPLINE_SURFACE_WITH_KNOTS('',3,3,((#1089,#1090,#1091,#1092,#1093,
#1094,#1095,#1096),(#1097,#1098,#1099,#1100,#1101,#1102,#1103,#1104),(#1105,
#1106,#1107,#1108,#1109,#1110,#1111,#1112),(#1113,#1114,#1115,#1116,#1117,
#1118,#1119,#1120),(#1121,#1122,#1123,#1124,#1125,#1126,#1127,#1128),(#1129,
#1130,#1131,#1132,#1133,#1134,#1135,#1136),(#1137,#1138,#1139,#1140,#1141,
#1142,#1143,#1144),(#1145,#1146,#1147,#1148,#1149,#1150,#1151,#1152),(#1153,
#1154,#1155,#1156,#1157,#1158,#1159,#1160),(#1161,#1162,#1163,#1164,#1165,
#1166,#1167,#1168),(#1169,#1170,#1171,#1172,#1173,#1174,#1175,#1176),(#1177,
#1178,#1179,#1180,#1181,#1182,#1183,#1184),(#1185,#1186,#1187,#1188,#1189,
#1190,#1191,#1192),(#1193,#1194,#1195,#1196,#1197,#1198,#1199,#1200),(#1201,
#1202,#1203,#1204,#1205,#1206,#1207,#1208),(#1209,#1210,#1211,#1212,#1213,
#1214,#1215,#1216),(#1217,#1218,#1219,#1220,#1221,#1222,#1223,#1224),(#1225,
#1226,#1227,#1228,#1229,#1230,#1231,#1232),(#1233,#1234,#1235,#1236,#1237,
#1238,#1239,#1240),(#1241,#1242,#1243,#1244,#1245,#1246,#1247,#1248),(#1249,
#1250,#1251,#1252,#1253,#1254,#1255,#1256),(#1257,#1258,#1259,#1260,#1261,
#1262,#1263,#1264),(#1265,#1266,#1267,#1268,#1269,#1270,#1271,#1272),(#1273,
#1274,#1275,#1276,#1277,#1278,#1279,#1280),(#1281,#1282,#1283,#1284,#1285,
#1286,#1287,#1288)),.UNSPECIFIED.,.T.,.F.,.F.,(4,1,1,1,1,1,1,1,1,1,1,1,
1,1,1,1,1,1,1,1,1,1,4),(4,1,1,1,1,4),(0.,0.0625,0.125,0.166666666666667,
0.208333333333333,0.229166666666667,0.25,0.291666666666667,0.375,0.4375,
0.46875,0.5,0.5625,0.625,0.666666666666667,0.708333333333333,0.75,0.770833333333333,
0.791666666666667,0.833333333333333,0.875,0.9375,1.),(0.,0.142857142857143,
0.285714285714286,0.571428571428571,0.857142857142857,1.),.UNSPECIFIED.);
#18=B_SPLINE_SURFACE_WITH_KNOTS('',3,3,((#1433,#1434,#1435,#1436,#1437,
#1438,#1439),(#1440,#1441,#1442,#1443,#1444,#1445,#1446),(#1447,#1448,#1449,
#1450,#1451,#1452,#1453),(#1454,#1455,#1456,#1457,#1458,#1459,#1460),(#1461,
#1462,#1463,#1464,#1465,#1466,#1467),(#1468,#1469,#1470,#1471,#1472,#1473,
#1474),(#1475,#1476,#1477,#1478,#1479,#1480,#1481),(#1482,#1483,#1484,#1485,
#1486,#1487,#1488),(#1489,#1490,#1491,#1492,#1493,#1494,#1495),(#1496,#1497,
#1498,#1499,#1500,#1501,#1502),(#1503,#1504,#1505,#1506,#1507,#1508,#1509),
(#1510,#1511,#1512,#1513,#1514,#1515,#1516),(#1517,#1518,#1519,#1520,#1521,
#1522,#1523),(#1524,#1525,#1526,#1527,#1528,#1529,#1530),(#1531,#1532,#1533,
#1534,#1535,#1536,#1537),(#1538,#1539,#1540,#1541,#1542,#1543,#1544),(#1545,
#1546,#1547,#1548,#1549,#1550,#1551),(#1552,#1553,#1554,#1555,#1556,#1557,
#1558),(#1559,#1560,#1561,#1562,#1563,#1564,#1565),(#1566,#1567,#1568,#1569,
#1570,#1571,#1572),(#1573,#1574,#1575,#1576,#1577,#1578,#1579),(#1580,#1581,
#1582,#1583,#1584,#1585,#1586),(#1587,#1588,#1589,#1590,#1591,#1592,#1593),
(#1594,#1595,#1596,#1597,#1598,#1599,#1600),(#1601,#1602,#1603,#1604,#1605,
#1606,#1607)),.UNSPECIFIED.,.T.,.F.,.F.,(4,1,1,1,1,1,1,1,1,1,1,2,1,1,1,
1,1,1,1,1,1,4),(4,1,1,1,4),(0.,0.05,0.1,0.133333333333333,0.2,0.233333333333333,
0.283333333333333,0.3,0.35,0.4,0.45,0.5,0.55,0.6,0.65,0.7,0.75,0.8,0.85,
0.9,0.95,1.),(0.,0.428571428571429,0.571428571428571,0.857142857142857,
1.),.UNSPECIFIED.);
#19=B_SPLINE_SURFACE_WITH_KNOTS('',3,3,((#1625,#1626,#1627,#1628),(#1629,
#1630,#1631,#1632),(#1633,#1634,#1635,#1636),(#1637,#1638,#1639,#1640),
(#1641,#1642,#1643,#1644),(#1645,#1646,#1647,#1648),(#1649,#1650,#1651,
#1652),(#1653,#1654,#1655,#1656),(#1657,#1658,#1659,#1660),(#1661,#1662,
#1663,#1664),(#1665,#1666,#1667,#1668),(#1669,#1670,#1671,#1672),(#1673,
#1674,#1675,#1676),(#1677,#1678,#1679,#1680),(#1681,#1682,#1683,#1684),
(#1685,#1686,#1687,#1688),(#1689,#1690,#1691,#1692),(#1693,#1694,#1695,
#1696),(#1697,#1698,#1699,#1700),(#1701,#1702,#1703,#1704),(#1705,#1706,
#1707,#1708),(#1709,#1710,#1711,#1712)),.UNSPECIFIED.,.T.,.F.,.F.,(4,1,
1,1,1,1,1,1,1,1,1,1,1,1,1,1,1,1,1,4),(4,4),(-3.14159265358979,-2.69279370307697,
-2.24399475256414,-1.94479545222225,-1.64559615188037,-1.34639685153848,
-1.0471975511966,-0.747998250854713,-0.448798950512828,-0.149599650170943,
0.149599650170943,0.448798950512828,0.747998250854713,1.0471975511966,1.34639685153848,
1.64559615188037,1.94479545222225,2.24399475256414,2.69279370307697,3.14159265358979),
(0.,0.3),.UNSPECIFIED.);
#20=B_SPLINE_SURFACE_WITH_KNOTS('',3,3,((#1714,#1715,#1716,#1717),(#1718,
#1719,#1720,#1721),(#1722,#1723,#1724,#1725),(#1726,#1727,#1728,#1729),
(#1730,#1731,#1732,#1733),(#1734,#1735,#1736,#1737),(#1738,#1739,#1740,
#1741),(#1742,#1743,#1744,#1745),(#1746,#1747,#1748,#1749),(#1750,#1751,
#1752,#1753),(#1754,#1755,#1756,#1757),(#1758,#1759,#1760,#1761),(#1762,
#1763,#1764,#1765),(#1766,#1767,#1768,#1769),(#1770,#1771,#1772,#1773),
(#1774,#1775,#1776,#1777),(#1778,#1779,#1780,#1781),(#1782,#1783,#1784,
#1785),(#1786,#1787,#1788,#1789),(#1790,#1791,#1792,#1793),(#1794,#1795,
#1796,#1797),(#1798,#1799,#1800,#1801)),.UNSPECIFIED.,.T.,.F.,.F.,(4,1,
1,1,1,1,1,1,1,1,1,1,1,1,1,1,1,1,1,4),(4,4),(-3.14159265358979,-2.69279370307697,
-2.24399475256414,-1.94479545222225,-1.64559615188037,-1.34639685153848,
-1.0471975511966,-0.747998250854713,-0.448798950512828,-0.149599650170943,
0.149599650170943,0.448798950512828,0.747998250854713,1.0471975511966,1.34639685153848,
1.64559615188037,1.94479545222225,2.24399475256414,2.69279370307697,3.14159265358979),
(0.,0.3),.UNSPECIFIED.);
#21=FACE_BOUND('',#184,.T.);
#22=FACE_BOUND('',#186,.T.);
#23=FACE_BOUND('',#196,.T.);
#24=FACE_BOUND('',#200,.T.);
#25=FACE_BOUND('',#203,.T.);
#26=FACE_BOUND('',#207,.T.);
#27=FACE_BOUND('',#210,.T.);
#28=FACE_BOUND('',#213,.T.);
#29=CYLINDRICAL_SURFACE('',#668,55.);
#30=CYLINDRICAL_SURFACE('',#689,90.);
#31=CYLINDRICAL_SURFACE('',#690,5.);
#32=CYLINDRICAL_SURFACE('',#691,90.);
#33=CYLINDRICAL_SURFACE('',#692,5.);
#34=CYLINDRICAL_SURFACE('',#693,90.);
#35=CYLINDRICAL_SURFACE('',#694,5.);
#36=CYLINDRICAL_SURFACE('',#695,90.);
#37=CYLINDRICAL_SURFACE('',#696,5.);
#38=CYLINDRICAL_SURFACE('',#702,82.5);
#39=CYLINDRICAL_SURFACE('',#711,15.);
#40=CYLINDRICAL_SURFACE('',#713,25.);
#41=CYLINDRICAL_SURFACE('',#716,1.5);
#42=CYLINDRICAL_SURFACE('',#721,3.5);
#43=CYLINDRICAL_SURFACE('',#730,42.5);
#44=PLANE('',#664);
#45=PLANE('',#666);
#46=PLANE('',#669);
#47=PLANE('',#679);
#48=PLANE('',#697);
#49=PLANE('',#704);
#50=PLANE('',#708);
#51=PLANE('',#715);
#52=PLANE('',#719);
#53=PLANE('',#723);
#54=PLANE('',#726);
#55=PLANE('',#728);
#56=STYLED_ITEM('',(#1850),#65);
#57=STYLED_ITEM('',(#1850),#66);
#58=STYLED_ITEM('',(#1851),#606);
#59=STYLED_ITEM('',(#1850),#67);
#60=STYLED_ITEM('',(#1850),#68);
#61=STYLED_ITEM('',(#1850),#69);
#62=STYLED_ITEM('',(#1850),#70);
#63=STYLED_ITEM('',(#1850),#71);
#64=STYLED_ITEM('',(#1852),#72);
#65=MANIFOLD_SOLID_BREP('Body1',#627);
#66=MANIFOLD_SOLID_BREP('Body1',#628);
#67=MANIFOLD_SOLID_BREP('Body1',#629);
#68=MANIFOLD_SOLID_BREP('Body2',#630);
#69=MANIFOLD_SOLID_BREP('Body3',#631);
#70=MANIFOLD_SOLID_BREP('Body9',#632);
#71=MANIFOLD_SOLID_BREP('Body10',#633);
#72=MANIFOLD_SOLID_BREP('Body12',#634);
#73=LINE('',#967,#98);
#74=LINE('',#971,#99);
#75=LINE('',#979,#100);
#76=LINE('',#982,#101);
#77=LINE('',#990,#102);
#78=LINE('',#1030,#103);
#79=LINE('',#1031,#104);
#80=LINE('',#1033,#105);
#81=LINE('',#1035,#106);
#82=LINE('',#1037,#107);
#83=LINE('',#1039,#108);
#84=LINE('',#1041,#109);
#85=LINE('',#1043,#110);
#86=LINE('',#1054,#111);
#87=LINE('',#1069,#112);
#88=LINE('',#1073,#113);
#89=LINE('',#1079,#114);
#90=LINE('',#1087,#115);
#91=LINE('',#1713,#116);
#92=LINE('',#1802,#117);
#93=LINE('',#1810,#118);
#94=LINE('',#1816,#119);
#95=LINE('',#1823,#120);
#96=LINE('',#1828,#121);
#97=LINE('',#1830,#122);
#98=VECTOR('',#757,82.5);
#99=VECTOR('',#762,55.);
#100=VECTOR('',#773,82.5);
#101=VECTOR('',#778,82.5);
#102=VECTOR('',#789,55.);
#103=VECTOR('',#832,10.);
#104=VECTOR('',#833,10.);
#105=VECTOR('',#836,10.);
#106=VECTOR('',#839,10.);
#107=VECTOR('',#842,10.);
#108=VECTOR('',#845,10.);
#109=VECTOR('',#848,10.);
#110=VECTOR('',#851,10.);
#111=VECTOR('',#866,82.5);
#112=VECTOR('',#887,15.);
#113=VECTOR('',#892,25.);
#114=VECTOR('',#899,1.5);
#115=VECTOR('',#910,3.5);
#116=VECTOR('',#917,10.);
#117=VECTOR('',#918,10.);
#118=VECTOR('',#929,42.5);
#119=VECTOR('',#934,65.);
#120=VECTOR('',#943,65.);
#121=VECTOR('',#950,65.);
#122=VECTOR('',#953,5.);
#123=CONICAL_SURFACE('',#654,85.1286477260299,0.502843210927861);
#124=CONICAL_SURFACE('',#656,55.,1.06795311586704);
#125=CONICAL_SURFACE('',#661,82.5,1.06795311586704);
#126=CONICAL_SURFACE('',#663,82.5,0.502843210927861);
#127=CONICAL_SURFACE('',#731,65.2425356250363,1.32581766366803);
#128=CONICAL_SURFACE('',#735,65.,1.32581766366803);
#129=CONICAL_SURFACE('',#739,65.,0.244978663126864);
#130=CONICAL_SURFACE('',#740,5.,0.244978663126864);
#131=FACE_OUTER_BOUND('',#174,.T.);
#132=FACE_OUTER_BOUND('',#175,.T.);
#133=FACE_OUTER_BOUND('',#176,.T.);
#134=FACE_OUTER_BOUND('',#177,.T.);
#135=FACE_OUTER_BOUND('',#178,.T.);
#136=FACE_OUTER_BOUND('',#179,.T.);
#137=FACE_OUTER_BOUND('',#180,.T.);
#138=FACE_OUTER_BOUND('',#181,.T.);
#139=FACE_OUTER_BOUND('',#182,.T.);
#140=FACE_OUTER_BOUND('',#183,.T.);
#141=FACE_OUTER_BOUND('',#185,.T.);
#142=FACE_OUTER_BOUND('',#187,.T.);
#143=FACE_OUTER_BOUND('',#188,.T.);
#144=FACE_OUTER_BOUND('',#189,.T.);
#145=FACE_OUTER_BOUND('',#190,.T.);
#146=FACE_OUTER_BOUND('',#191,.T.);
#147=FACE_OUTER_BOUND('',#192,.T.);
#148=FACE_OUTER_BOUND('',#193,.T.);
#149=FACE_OUTER_BOUND('',#194,.T.);
#150=FACE_OUTER_BOUND('',#195,.T.);
#151=FACE_OUTER_BOUND('',#197,.T.);
#152=FACE_OUTER_BOUND('',#198,.T.);
#153=FACE_OUTER_BOUND('',#199,.T.);
#154=FACE_OUTER_BOUND('',#201,.T.);
#155=FACE_OUTER_BOUND('',#202,.T.);
#156=FACE_OUTER_BOUND('',#204,.T.);
#157=FACE_OUTER_BOUND('',#205,.T.);
#158=FACE_OUTER_BOUND('',#206,.T.);
#159=FACE_OUTER_BOUND('',#208,.T.);
#160=FACE_OUTER_BOUND('',#209,.T.);
#161=FACE_OUTER_BOUND('',#211,.T.);
#162=FACE_OUTER_BOUND('',#212,.T.);
#163=FACE_OUTER_BOUND('',#214,.T.);
#164=FACE_OUTER_BOUND('',#215,.T.);
#165=FACE_OUTER_BOUND('',#216,.T.);
#166=FACE_OUTER_BOUND('',#217,.T.);
#167=FACE_OUTER_BOUND('',#218,.T.);
#168=FACE_OUTER_BOUND('',#219,.T.);
#169=FACE_OUTER_BOUND('',#220,.T.);
#170=FACE_OUTER_BOUND('',#221,.T.);
#171=FACE_OUTER_BOUND('',#222,.T.);
#172=FACE_OUTER_BOUND('',#223,.T.);
#173=FACE_OUTER_BOUND('',#224,.T.);
#174=EDGE_LOOP('',(#414,#415,#416,#417,#418,#419));
#175=EDGE_LOOP('',(#420,#421,#422,#423,#424));
#176=EDGE_LOOP('',(#425,#426,#427,#428,#429));
#177=EDGE_LOOP('',(#430,#431,#432,#433));
#178=EDGE_LOOP('',(#434,#435,#436,#437));
#179=EDGE_LOOP('',(#438,#439,#440,#441));
#180=EDGE_LOOP('',(#442));
#181=EDGE_LOOP('',(#443));
#182=EDGE_LOOP('',(#444,#445,#446,#447));
#183=EDGE_LOOP('',(#448,#449,#450,#451,#452,#453,#454,#455));
#184=EDGE_LOOP('',(#456));
#185=EDGE_LOOP('',(#457,#458,#459,#460,#461,#462,#463,#464));
#186=EDGE_LOOP('',(#465));
#187=EDGE_LOOP('',(#466,#467,#468,#469));
#188=EDGE_LOOP('',(#470,#471,#472,#473));
#189=EDGE_LOOP('',(#474,#475,#476,#477));
#190=EDGE_LOOP('',(#478,#479,#480,#481));
#191=EDGE_LOOP('',(#482,#483,#484,#485));
#192=EDGE_LOOP('',(#486,#487,#488,#489));
#193=EDGE_LOOP('',(#490,#491,#492,#493));
#194=EDGE_LOOP('',(#494,#495,#496,#497));
#195=EDGE_LOOP('',(#498));
#196=EDGE_LOOP('',(#499));
#197=EDGE_LOOP('',(#500,#501,#502,#503));
#198=EDGE_LOOP('',(#504,#505,#506,#507));
#199=EDGE_LOOP('',(#508));
#200=EDGE_LOOP('',(#509));
#201=EDGE_LOOP('',(#510,#511,#512,#513));
#202=EDGE_LOOP('',(#514));
#203=EDGE_LOOP('',(#515));
#204=EDGE_LOOP('',(#516,#517,#518,#519));
#205=EDGE_LOOP('',(#520,#521,#522,#523));
#206=EDGE_LOOP('',(#524));
#207=EDGE_LOOP('',(#525));
#208=EDGE_LOOP('',(#526,#527,#528,#529));
#209=EDGE_LOOP('',(#530));
#210=EDGE_LOOP('',(#531));
#211=EDGE_LOOP('',(#532,#533,#534,#535));
#212=EDGE_LOOP('',(#536));
#213=EDGE_LOOP('',(#537));
#214=EDGE_LOOP('',(#538,#539,#540,#541));
#215=EDGE_LOOP('',(#542,#543,#544,#545));
#216=EDGE_LOOP('',(#546,#547,#548,#549));
#217=EDGE_LOOP('',(#550,#551,#552,#553));
#218=EDGE_LOOP('',(#554));
#219=EDGE_LOOP('',(#555));
#220=EDGE_LOOP('',(#556,#557,#558,#559));
#221=EDGE_LOOP('',(#560,#561,#562,#563,#564));
#222=EDGE_LOOP('',(#565,#566,#567,#568,#569));
#223=EDGE_LOOP('',(#570,#571,#572,#573));
#224=EDGE_LOOP('',(#574,#575,#576,#577,#578,#579));
#225=CIRCLE('',#649,58.5924852255743);
#226=CIRCLE('',#650,2.);
#227=CIRCLE('',#651,55.8762159086766);
#228=CIRCLE('',#652,55.8762159086766);
#229=CIRCLE('',#653,58.5924852255743);
#230=CIRCLE('',#655,84.1648102264856);
#231=CIRCLE('',#657,55.);
#232=CIRCLE('',#659,2.);
#233=CIRCLE('',#660,83.3762159086766);
#234=CIRCLE('',#662,82.5);
#235=CIRCLE('',#665,55.);
#236=CIRCLE('',#667,55.);
#237=CIRCLE('',#670,90.);
#238=CIRCLE('',#671,5.);
#239=CIRCLE('',#672,90.);
#240=CIRCLE('',#673,5.);
#241=CIRCLE('',#674,90.);
#242=CIRCLE('',#675,5.);
#243=CIRCLE('',#676,90.);
#244=CIRCLE('',#677,5.);
#245=CIRCLE('',#678,82.5);
#246=CIRCLE('',#680,90.);
#247=CIRCLE('',#681,5.);
#248=CIRCLE('',#682,90.);
#249=CIRCLE('',#683,5.);
#250=CIRCLE('',#684,90.);
#251=CIRCLE('',#685,5.);
#252=CIRCLE('',#686,90.);
#253=CIRCLE('',#687,5.);
#254=CIRCLE('',#688,82.5);
#255=CIRCLE('',#698,65.);
#256=CIRCLE('',#700,66.);
#257=CIRCLE('',#701,1.);
#258=CIRCLE('',#703,82.5);
#259=CIRCLE('',#705,81.5);
#260=CIRCLE('',#707,1.);
#261=CIRCLE('',#709,25.);
#262=CIRCLE('',#710,15.);
#263=CIRCLE('',#712,15.);
#264=CIRCLE('',#714,25.);
#265=CIRCLE('',#717,1.5);
#266=CIRCLE('',#718,1.5);
#267=CIRCLE('',#720,3.5);
#268=CIRCLE('',#722,3.5);
#269=CIRCLE('',#724,65.);
#270=CIRCLE('',#725,42.5);
#271=CIRCLE('',#727,42.5);
#272=CIRCLE('',#729,42.5);
#273=CIRCLE('',#732,5.24253562503633);
#274=CIRCLE('',#733,65.2425356250363);
#275=CIRCLE('',#734,5.24253562503633);
#276=CIRCLE('',#736,65.);
#277=CIRCLE('',#737,5.);
#278=CIRCLE('',#738,5.);
#279=VERTEX_POINT('',#956);
#280=VERTEX_POINT('',#957);
#281=VERTEX_POINT('',#959);
#282=VERTEX_POINT('',#961);
#283=VERTEX_POINT('',#966);
#284=VERTEX_POINT('',#970);
#285=VERTEX_POINT('',#974);
#286=VERTEX_POINT('',#978);
#287=VERTEX_POINT('',#984);
#288=VERTEX_POINT('',#987);
#289=VERTEX_POINT('',#992);
#290=VERTEX_POINT('',#993);
#291=VERTEX_POINT('',#995);
#292=VERTEX_POINT('',#997);
#293=VERTEX_POINT('',#999);
#294=VERTEX_POINT('',#1001);
#295=VERTEX_POINT('',#1003);
#296=VERTEX_POINT('',#1005);
#297=VERTEX_POINT('',#1008);
#298=VERTEX_POINT('',#1011);
#299=VERTEX_POINT('',#1012);
#300=VERTEX_POINT('',#1014);
#301=VERTEX_POINT('',#1016);
#302=VERTEX_POINT('',#1018);
#303=VERTEX_POINT('',#1020);
#304=VERTEX_POINT('',#1022);
#305=VERTEX_POINT('',#1024);
#306=VERTEX_POINT('',#1027);
#307=VERTEX_POINT('',#1046);
#308=VERTEX_POINT('',#1049);
#309=VERTEX_POINT('',#1053);
#310=VERTEX_POINT('',#1057);
#311=VERTEX_POINT('',#1062);
#312=VERTEX_POINT('',#1064);
#313=VERTEX_POINT('',#1067);
#314=VERTEX_POINT('',#1071);
#315=VERTEX_POINT('',#1076);
#316=VERTEX_POINT('',#1078);
#317=VERTEX_POINT('',#1082);
#318=VERTEX_POINT('',#1085);
#319=VERTEX_POINT('',#1289);
#320=VERTEX_POINT('',#1357);
#321=VERTEX_POINT('',#1608);
#322=VERTEX_POINT('',#1610);
#323=VERTEX_POINT('',#1804);
#324=VERTEX_POINT('',#1807);
#325=VERTEX_POINT('',#1812);
#326=VERTEX_POINT('',#1813);
#327=VERTEX_POINT('',#1815);
#328=VERTEX_POINT('',#1820);
#329=VERTEX_POINT('',#1822);
#330=VERTEX_POINT('',#1824);
#331=EDGE_CURVE('',#279,#280,#225,.T.);
#332=EDGE_CURVE('',#280,#281,#226,.T.);
#333=EDGE_CURVE('',#281,#282,#227,.T.);
#334=EDGE_CURVE('',#282,#281,#228,.T.);
#335=EDGE_CURVE('',#280,#279,#229,.T.);
#336=EDGE_CURVE('',#279,#283,#73,.T.);
#337=EDGE_CURVE('',#283,#283,#230,.T.);
#338=EDGE_CURVE('',#282,#284,#74,.T.);
#339=EDGE_CURVE('',#284,#284,#231,.T.);
#340=EDGE_CURVE('',#283,#285,#232,.T.);
#341=EDGE_CURVE('',#285,#285,#233,.T.);
#342=EDGE_CURVE('',#285,#286,#75,.T.);
#343=EDGE_CURVE('',#286,#286,#234,.T.);
#344=EDGE_CURVE('',#286,#284,#76,.T.);
#345=EDGE_CURVE('',#287,#287,#235,.T.);
#346=EDGE_CURVE('',#288,#288,#236,.T.);
#347=EDGE_CURVE('',#288,#287,#77,.T.);
#348=EDGE_CURVE('',#289,#290,#237,.T.);
#349=EDGE_CURVE('',#290,#291,#238,.T.);
#350=EDGE_CURVE('',#291,#292,#239,.T.);
#351=EDGE_CURVE('',#292,#293,#240,.T.);
#352=EDGE_CURVE('',#293,#294,#241,.T.);
#353=EDGE_CURVE('',#294,#295,#242,.T.);
#354=EDGE_CURVE('',#295,#296,#243,.T.);
#355=EDGE_CURVE('',#296,#289,#244,.T.);
#356=EDGE_CURVE('',#297,#297,#245,.T.);
#357=EDGE_CURVE('',#298,#299,#246,.T.);
#358=EDGE_CURVE('',#300,#299,#247,.T.);
#359=EDGE_CURVE('',#300,#301,#248,.T.);
#360=EDGE_CURVE('',#302,#301,#249,.T.);
#361=EDGE_CURVE('',#302,#303,#250,.T.);
#362=EDGE_CURVE('',#304,#303,#251,.T.);
#363=EDGE_CURVE('',#304,#305,#252,.T.);
#364=EDGE_CURVE('',#298,#305,#253,.T.);
#365=EDGE_CURVE('',#306,#306,#254,.T.);
#366=EDGE_CURVE('',#298,#290,#78,.T.);
#367=EDGE_CURVE('',#299,#289,#79,.T.);
#368=EDGE_CURVE('',#305,#291,#80,.T.);
#369=EDGE_CURVE('',#304,#292,#81,.T.);
#370=EDGE_CURVE('',#303,#293,#82,.T.);
#371=EDGE_CURVE('',#302,#294,#83,.T.);
#372=EDGE_CURVE('',#301,#295,#84,.T.);
#373=EDGE_CURVE('',#300,#296,#85,.T.);
#374=EDGE_CURVE('',#307,#307,#255,.T.);
#375=EDGE_CURVE('',#308,#308,#256,.T.);
#376=EDGE_CURVE('',#308,#307,#257,.T.);
#377=EDGE_CURVE('',#297,#309,#86,.T.);
#378=EDGE_CURVE('',#309,#309,#258,.T.);
#379=EDGE_CURVE('',#310,#310,#259,.T.);
#380=EDGE_CURVE('',#310,#309,#260,.T.);
#381=EDGE_CURVE('',#311,#311,#261,.T.);
#382=EDGE_CURVE('',#312,#312,#262,.T.);
#383=EDGE_CURVE('',#313,#313,#263,.T.);
#384=EDGE_CURVE('',#313,#312,#87,.T.);
#385=EDGE_CURVE('',#314,#314,#264,.T.);
#386=EDGE_CURVE('',#314,#311,#88,.T.);
#387=EDGE_CURVE('',#315,#315,#265,.T.);
#388=EDGE_CURVE('',#315,#316,#89,.T.);
#389=EDGE_CURVE('',#316,#316,#266,.T.);
#390=EDGE_CURVE('',#317,#317,#267,.T.);
#391=EDGE_CURVE('',#318,#318,#268,.T.);
#392=EDGE_CURVE('',#318,#317,#90,.T.);
#393=EDGE_CURVE('',#319,#319,#13,.T.);
#394=EDGE_CURVE('',#319,#320,#14,.T.);
#395=EDGE_CURVE('',#320,#320,#15,.T.);
#396=EDGE_CURVE('',#321,#321,#269,.T.);
#397=EDGE_CURVE('',#321,#322,#16,.T.);
#398=EDGE_CURVE('',#322,#322,#270,.T.);
#399=EDGE_CURVE('',#321,#319,#91,.T.);
#400=EDGE_CURVE('',#322,#320,#92,.T.);
#401=EDGE_CURVE('',#323,#323,#271,.T.);
#402=EDGE_CURVE('',#324,#324,#272,.T.);
#403=EDGE_CURVE('',#324,#323,#93,.T.);
#404=EDGE_CURVE('',#325,#326,#273,.T.);
#405=EDGE_CURVE('',#326,#327,#94,.T.);
#406=EDGE_CURVE('',#327,#327,#274,.T.);
#407=EDGE_CURVE('',#326,#325,#275,.T.);
#408=EDGE_CURVE('',#328,#328,#276,.T.);
#409=EDGE_CURVE('',#328,#329,#95,.T.);
#410=EDGE_CURVE('',#330,#329,#277,.T.);
#411=EDGE_CURVE('',#329,#330,#278,.T.);
#412=EDGE_CURVE('',#327,#328,#96,.T.);
#413=EDGE_CURVE('',#325,#330,#97,.T.);
#414=ORIENTED_EDGE('',*,*,#331,.T.);
#415=ORIENTED_EDGE('',*,*,#332,.T.);
#416=ORIENTED_EDGE('',*,*,#333,.T.);
#417=ORIENTED_EDGE('',*,*,#334,.T.);
#418=ORIENTED_EDGE('',*,*,#332,.F.);
#419=ORIENTED_EDGE('',*,*,#335,.T.);
#420=ORIENTED_EDGE('',*,*,#331,.F.);
#421=ORIENTED_EDGE('',*,*,#336,.T.);
#422=ORIENTED_EDGE('',*,*,#337,.F.);
#423=ORIENTED_EDGE('',*,*,#336,.F.);
#424=ORIENTED_EDGE('',*,*,#335,.F.);
#425=ORIENTED_EDGE('',*,*,#334,.F.);
#426=ORIENTED_EDGE('',*,*,#338,.T.);
#427=ORIENTED_EDGE('',*,*,#339,.T.);
#428=ORIENTED_EDGE('',*,*,#338,.F.);
#429=ORIENTED_EDGE('',*,*,#333,.F.);
#430=ORIENTED_EDGE('',*,*,#337,.T.);
#431=ORIENTED_EDGE('',*,*,#340,.T.);
#432=ORIENTED_EDGE('',*,*,#341,.T.);
#433=ORIENTED_EDGE('',*,*,#340,.F.);
#434=ORIENTED_EDGE('',*,*,#341,.F.);
#435=ORIENTED_EDGE('',*,*,#342,.T.);
#436=ORIENTED_EDGE('',*,*,#343,.F.);
#437=ORIENTED_EDGE('',*,*,#342,.F.);
#438=ORIENTED_EDGE('',*,*,#343,.T.);
#439=ORIENTED_EDGE('',*,*,#344,.T.);
#440=ORIENTED_EDGE('',*,*,#339,.F.);
#441=ORIENTED_EDGE('',*,*,#344,.F.);
#442=ORIENTED_EDGE('',*,*,#345,.T.);
#443=ORIENTED_EDGE('',*,*,#346,.F.);
#444=ORIENTED_EDGE('',*,*,#346,.T.);
#445=ORIENTED_EDGE('',*,*,#347,.T.);
#446=ORIENTED_EDGE('',*,*,#345,.F.);
#447=ORIENTED_EDGE('',*,*,#347,.F.);
#448=ORIENTED_EDGE('',*,*,#348,.T.);
#449=ORIENTED_EDGE('',*,*,#349,.T.);
#450=ORIENTED_EDGE('',*,*,#350,.T.);
#451=ORIENTED_EDGE('',*,*,#351,.T.);
#452=ORIENTED_EDGE('',*,*,#352,.T.);
#453=ORIENTED_EDGE('',*,*,#353,.T.);
#454=ORIENTED_EDGE('',*,*,#354,.T.);
#455=ORIENTED_EDGE('',*,*,#355,.T.);
#456=ORIENTED_EDGE('',*,*,#356,.T.);
#457=ORIENTED_EDGE('',*,*,#357,.T.);
#458=ORIENTED_EDGE('',*,*,#358,.F.);
#459=ORIENTED_EDGE('',*,*,#359,.T.);
#460=ORIENTED_EDGE('',*,*,#360,.F.);
#461=ORIENTED_EDGE('',*,*,#361,.T.);
#462=ORIENTED_EDGE('',*,*,#362,.F.);
#463=ORIENTED_EDGE('',*,*,#363,.T.);
#464=ORIENTED_EDGE('',*,*,#364,.F.);
#465=ORIENTED_EDGE('',*,*,#365,.T.);
#466=ORIENTED_EDGE('',*,*,#357,.F.);
#467=ORIENTED_EDGE('',*,*,#366,.T.);
#468=ORIENTED_EDGE('',*,*,#348,.F.);
#469=ORIENTED_EDGE('',*,*,#367,.F.);
#470=ORIENTED_EDGE('',*,*,#364,.T.);
#471=ORIENTED_EDGE('',*,*,#368,.T.);
#472=ORIENTED_EDGE('',*,*,#349,.F.);
#473=ORIENTED_EDGE('',*,*,#366,.F.);
#474=ORIENTED_EDGE('',*,*,#363,.F.);
#475=ORIENTED_EDGE('',*,*,#369,.T.);
#476=ORIENTED_EDGE('',*,*,#350,.F.);
#477=ORIENTED_EDGE('',*,*,#368,.F.);
#478=ORIENTED_EDGE('',*,*,#362,.T.);
#479=ORIENTED_EDGE('',*,*,#370,.T.);
#480=ORIENTED_EDGE('',*,*,#351,.F.);
#481=ORIENTED_EDGE('',*,*,#369,.F.);
#482=ORIENTED_EDGE('',*,*,#361,.F.);
#483=ORIENTED_EDGE('',*,*,#371,.T.);
#484=ORIENTED_EDGE('',*,*,#352,.F.);
#485=ORIENTED_EDGE('',*,*,#370,.F.);
#486=ORIENTED_EDGE('',*,*,#360,.T.);
#487=ORIENTED_EDGE('',*,*,#372,.T.);
#488=ORIENTED_EDGE('',*,*,#353,.F.);
#489=ORIENTED_EDGE('',*,*,#371,.F.);
#490=ORIENTED_EDGE('',*,*,#359,.F.);
#491=ORIENTED_EDGE('',*,*,#373,.T.);
#492=ORIENTED_EDGE('',*,*,#354,.F.);
#493=ORIENTED_EDGE('',*,*,#372,.F.);
#494=ORIENTED_EDGE('',*,*,#358,.T.);
#495=ORIENTED_EDGE('',*,*,#367,.T.);
#496=ORIENTED_EDGE('',*,*,#355,.F.);
#497=ORIENTED_EDGE('',*,*,#373,.F.);
#498=ORIENTED_EDGE('',*,*,#365,.F.);
#499=ORIENTED_EDGE('',*,*,#374,.T.);
#500=ORIENTED_EDGE('',*,*,#375,.T.);
#501=ORIENTED_EDGE('',*,*,#376,.T.);
#502=ORIENTED_EDGE('',*,*,#374,.F.);
#503=ORIENTED_EDGE('',*,*,#376,.F.);
#504=ORIENTED_EDGE('',*,*,#356,.F.);
#505=ORIENTED_EDGE('',*,*,#377,.T.);
#506=ORIENTED_EDGE('',*,*,#378,.F.);
#507=ORIENTED_EDGE('',*,*,#377,.F.);
#508=ORIENTED_EDGE('',*,*,#379,.F.);
#509=ORIENTED_EDGE('',*,*,#375,.F.);
#510=ORIENTED_EDGE('',*,*,#379,.T.);
#511=ORIENTED_EDGE('',*,*,#380,.T.);
#512=ORIENTED_EDGE('',*,*,#378,.T.);
#513=ORIENTED_EDGE('',*,*,#380,.F.);
#514=ORIENTED_EDGE('',*,*,#381,.F.);
#515=ORIENTED_EDGE('',*,*,#382,.F.);
#516=ORIENTED_EDGE('',*,*,#383,.F.);
#517=ORIENTED_EDGE('',*,*,#384,.T.);
#518=ORIENTED_EDGE('',*,*,#382,.T.);
#519=ORIENTED_EDGE('',*,*,#384,.F.);
#520=ORIENTED_EDGE('',*,*,#385,.F.);
#521=ORIENTED_EDGE('',*,*,#386,.T.);
#522=ORIENTED_EDGE('',*,*,#381,.T.);
#523=ORIENTED_EDGE('',*,*,#386,.F.);
#524=ORIENTED_EDGE('',*,*,#385,.T.);
#525=ORIENTED_EDGE('',*,*,#383,.T.);
#526=ORIENTED_EDGE('',*,*,#387,.F.);
#527=ORIENTED_EDGE('',*,*,#388,.T.);
#528=ORIENTED_EDGE('',*,*,#389,.F.);
#529=ORIENTED_EDGE('',*,*,#388,.F.);
#530=ORIENTED_EDGE('',*,*,#390,.F.);
#531=ORIENTED_EDGE('',*,*,#387,.T.);
#532=ORIENTED_EDGE('',*,*,#391,.F.);
#533=ORIENTED_EDGE('',*,*,#392,.T.);
#534=ORIENTED_EDGE('',*,*,#390,.T.);
#535=ORIENTED_EDGE('',*,*,#392,.F.);
#536=ORIENTED_EDGE('',*,*,#391,.T.);
#537=ORIENTED_EDGE('',*,*,#389,.T.);
#538=ORIENTED_EDGE('',*,*,#393,.T.);
#539=ORIENTED_EDGE('',*,*,#394,.T.);
#540=ORIENTED_EDGE('',*,*,#395,.F.);
#541=ORIENTED_EDGE('',*,*,#394,.F.);
#542=ORIENTED_EDGE('',*,*,#396,.F.);
#543=ORIENTED_EDGE('',*,*,#397,.T.);
#544=ORIENTED_EDGE('',*,*,#398,.T.);
#545=ORIENTED_EDGE('',*,*,#397,.F.);
#546=ORIENTED_EDGE('',*,*,#396,.T.);
#547=ORIENTED_EDGE('',*,*,#399,.T.);
#548=ORIENTED_EDGE('',*,*,#393,.F.);
#549=ORIENTED_EDGE('',*,*,#399,.F.);
#550=ORIENTED_EDGE('',*,*,#398,.F.);
#551=ORIENTED_EDGE('',*,*,#400,.T.);
#552=ORIENTED_EDGE('',*,*,#395,.T.);
#553=ORIENTED_EDGE('',*,*,#400,.F.);
#554=ORIENTED_EDGE('',*,*,#401,.T.);
#555=ORIENTED_EDGE('',*,*,#402,.F.);
#556=ORIENTED_EDGE('',*,*,#402,.T.);
#557=ORIENTED_EDGE('',*,*,#403,.T.);
#558=ORIENTED_EDGE('',*,*,#401,.F.);
#559=ORIENTED_EDGE('',*,*,#403,.F.);
#560=ORIENTED_EDGE('',*,*,#404,.T.);
#561=ORIENTED_EDGE('',*,*,#405,.T.);
#562=ORIENTED_EDGE('',*,*,#406,.T.);
#563=ORIENTED_EDGE('',*,*,#405,.F.);
#564=ORIENTED_EDGE('',*,*,#407,.T.);
#565=ORIENTED_EDGE('',*,*,#408,.F.);
#566=ORIENTED_EDGE('',*,*,#409,.T.);
#567=ORIENTED_EDGE('',*,*,#410,.F.);
#568=ORIENTED_EDGE('',*,*,#411,.F.);
#569=ORIENTED_EDGE('',*,*,#409,.F.);
#570=ORIENTED_EDGE('',*,*,#406,.F.);
#571=ORIENTED_EDGE('',*,*,#412,.T.);
#572=ORIENTED_EDGE('',*,*,#408,.T.);
#573=ORIENTED_EDGE('',*,*,#412,.F.);
#574=ORIENTED_EDGE('',*,*,#404,.F.);
#575=ORIENTED_EDGE('',*,*,#413,.T.);
#576=ORIENTED_EDGE('',*,*,#410,.T.);
#577=ORIENTED_EDGE('',*,*,#411,.T.);
#578=ORIENTED_EDGE('',*,*,#413,.F.);
#579=ORIENTED_EDGE('',*,*,#407,.F.);
#580=TOROIDAL_SURFACE('',#648,56.840053408221,2.);
#581=TOROIDAL_SURFACE('',#658,82.4123784091323,2.);
#582=TOROIDAL_SURFACE('',#699,66.,1.);
#583=TOROIDAL_SURFACE('',#706,81.5,1.);
#584=ADVANCED_FACE('',(#131),#580,.T.);
#585=ADVANCED_FACE('',(#132),#123,.T.);
#586=ADVANCED_FACE('',(#133),#124,.F.);
#587=ADVANCED_FACE('',(#134),#581,.T.);
#588=ADVANCED_FACE('',(#135),#125,.T.);
#589=ADVANCED_FACE('',(#136),#126,.F.);
#590=ADVANCED_FACE('',(#137),#44,.T.);
#591=ADVANCED_FACE('',(#138),#45,.F.);
#592=ADVANCED_FACE('',(#139),#29,.T.);
#593=ADVANCED_FACE('',(#140,#21),#46,.F.);
#594=ADVANCED_FACE('',(#141,#22),#47,.T.);
#595=ADVANCED_FACE('',(#142),#30,.T.);
#596=ADVANCED_FACE('',(#143),#31,.F.);
#597=ADVANCED_FACE('',(#144),#32,.T.);
#598=ADVANCED_FACE('',(#145),#33,.F.);
#599=ADVANCED_FACE('',(#146),#34,.T.);
#600=ADVANCED_FACE('',(#147),#35,.F.);
#601=ADVANCED_FACE('',(#148),#36,.T.);
#602=ADVANCED_FACE('',(#149),#37,.F.);
#603=ADVANCED_FACE('',(#150,#23),#48,.T.);
#604=ADVANCED_FACE('',(#151),#582,.T.);
#605=ADVANCED_FACE('',(#152),#38,.F.);
#606=ADVANCED_FACE('',(#153,#24),#49,.F.);
#607=ADVANCED_FACE('',(#154),#583,.F.);
#608=ADVANCED_FACE('',(#155,#25),#50,.F.);
#609=ADVANCED_FACE('',(#156),#39,.F.);
#610=ADVANCED_FACE('',(#157),#40,.T.);
#611=ADVANCED_FACE('',(#158,#26),#51,.T.);
#612=ADVANCED_FACE('',(#159),#41,.F.);
#613=ADVANCED_FACE('',(#160,#27),#52,.F.);
#614=ADVANCED_FACE('',(#161),#42,.T.);
#615=ADVANCED_FACE('',(#162,#28),#53,.T.);
#616=ADVANCED_FACE('',(#163),#17,.T.);
#617=ADVANCED_FACE('',(#164),#18,.F.);
#618=ADVANCED_FACE('',(#165),#19,.T.);
#619=ADVANCED_FACE('',(#166),#20,.F.);
#620=ADVANCED_FACE('',(#167),#54,.T.);
#621=ADVANCED_FACE('',(#168),#55,.F.);
#622=ADVANCED_FACE('',(#169),#43,.T.);
#623=ADVANCED_FACE('',(#170),#127,.T.);
#624=ADVANCED_FACE('',(#171),#128,.F.);
#625=ADVANCED_FACE('',(#172),#129,.T.);
#626=ADVANCED_FACE('',(#173),#130,.F.);
#627=CLOSED_SHELL('',(#584,#585,#586,#587,#588,#589));
#628=CLOSED_SHELL('',(#590,#591,#592));
#629=CLOSED_SHELL('',(#593,#594,#595,#596,#597,#598,#599,#600,#601,#602,
#603,#604,#605,#606,#607));
#630=CLOSED_SHELL('',(#608,#609,#610,#611));
#631=CLOSED_SHELL('',(#612,#613,#614,#615));
#632=CLOSED_SHELL('',(#616,#617,#618,#619));
#633=CLOSED_SHELL('',(#620,#621,#622));
#634=CLOSED_SHELL('',(#623,#624,#625,#626));
#635=DERIVED_UNIT_ELEMENT(#637,1.);
#636=DERIVED_UNIT_ELEMENT(#1836,-3.);
#637=(
MASS_UNIT()
NAMED_UNIT(*)
SI_UNIT(.KILO.,.GRAM.)
);
#638=DERIVED_UNIT((#635,#636));
#639=MEASURE_REPRESENTATION_ITEM('density measure',
POSITIVE_RATIO_MEASURE(7850.),#638);
#640=PROPERTY_DEFINITION_REPRESENTATION(#645,#642);
#641=PROPERTY_DEFINITION_REPRESENTATION(#646,#643);
#642=REPRESENTATION('material name',(#644),#1833);
#643=REPRESENTATION('density',(#639),#1833);
#644=DESCRIPTIVE_REPRESENTATION_ITEM('Steel','Steel');
#645=PROPERTY_DEFINITION('material property','material name',#1843);
#646=PROPERTY_DEFINITION('material property','density of part',#1843);
#647=AXIS2_PLACEMENT_3D('',#954,#741,#742);
#648=AXIS2_PLACEMENT_3D('',#955,#743,#744);
#649=AXIS2_PLACEMENT_3D('',#958,#745,#746);
#650=AXIS2_PLACEMENT_3D('',#960,#747,#748);
#651=AXIS2_PLACEMENT_3D('',#962,#749,#750);
#652=AXIS2_PLACEMENT_3D('',#963,#751,#752);
#653=AXIS2_PLACEMENT_3D('',#964,#753,#754);
#654=AXIS2_PLACEMENT_3D('',#965,#755,#756);
#655=AXIS2_PLACEMENT_3D('',#968,#758,#759);
#656=AXIS2_PLACEMENT_3D('',#969,#760,#761);
#657=AXIS2_PLACEMENT_3D('',#972,#763,#764);
#658=AXIS2_PLACEMENT_3D('',#973,#765,#766);
#659=AXIS2_PLACEMENT_3D('',#975,#767,#768);
#660=AXIS2_PLACEMENT_3D('',#976,#769,#770);
#661=AXIS2_PLACEMENT_3D('',#977,#771,#772);
#662=AXIS2_PLACEMENT_3D('',#980,#774,#775);
#663=AXIS2_PLACEMENT_3D('',#981,#776,#777);
#664=AXIS2_PLACEMENT_3D('',#983,#779,#780);
#665=AXIS2_PLACEMENT_3D('',#985,#781,#782);
#666=AXIS2_PLACEMENT_3D('',#986,#783,#784);
#667=AXIS2_PLACEMENT_3D('',#988,#785,#786);
#668=AXIS2_PLACEMENT_3D('',#989,#787,#788);
#669=AXIS2_PLACEMENT_3D('',#991,#790,#791);
#670=AXIS2_PLACEMENT_3D('',#994,#792,#793);
#671=AXIS2_PLACEMENT_3D('',#996,#794,#795);
#672=AXIS2_PLACEMENT_3D('',#998,#796,#797);
#673=AXIS2_PLACEMENT_3D('',#1000,#798,#799);
#674=AXIS2_PLACEMENT_3D('',#1002,#800,#801);
#675=AXIS2_PLACEMENT_3D('',#1004,#802,#803);
#676=AXIS2_PLACEMENT_3D('',#1006,#804,#805);
#677=AXIS2_PLACEMENT_3D('',#1007,#806,#807);
#678=AXIS2_PLACEMENT_3D('',#1009,#808,#809);
#679=AXIS2_PLACEMENT_3D('',#1010,#810,#811);
#680=AXIS2_PLACEMENT_3D('',#1013,#812,#813);
#681=AXIS2_PLACEMENT_3D('',#1015,#814,#815);
#682=AXIS2_PLACEMENT_3D('',#1017,#816,#817);
#683=AXIS2_PLACEMENT_3D('',#1019,#818,#819);
#684=AXIS2_PLACEMENT_3D('',#1021,#820,#821);
#685=AXIS2_PLACEMENT_3D('',#1023,#822,#823);
#686=AXIS2_PLACEMENT_3D('',#1025,#824,#825);
#687=AXIS2_PLACEMENT_3D('',#1026,#826,#827);
#688=AXIS2_PLACEMENT_3D('',#1028,#828,#829);
#689=AXIS2_PLACEMENT_3D('',#1029,#830,#831);
#690=AXIS2_PLACEMENT_3D('',#1032,#834,#835);
#691=AXIS2_PLACEMENT_3D('',#1034,#837,#838);
#692=AXIS2_PLACEMENT_3D('',#1036,#840,#841);
#693=AXIS2_PLACEMENT_3D('',#1038,#843,#844);
#694=AXIS2_PLACEMENT_3D('',#1040,#846,#847);
#695=AXIS2_PLACEMENT_3D('',#1042,#849,#850);
#696=AXIS2_PLACEMENT_3D('',#1044,#852,#853);
#697=AXIS2_PLACEMENT_3D('',#1045,#854,#855);
#698=AXIS2_PLACEMENT_3D('',#1047,#856,#857);
#699=AXIS2_PLACEMENT_3D('',#1048,#858,#859);
#700=AXIS2_PLACEMENT_3D('',#1050,#860,#861);
#701=AXIS2_PLACEMENT_3D('',#1051,#862,#863);
#702=AXIS2_PLACEMENT_3D('',#1052,#864,#865);
#703=AXIS2_PLACEMENT_3D('',#1055,#867,#868);
#704=AXIS2_PLACEMENT_3D('',#1056,#869,#870);
#705=AXIS2_PLACEMENT_3D('',#1058,#871,#872);
#706=AXIS2_PLACEMENT_3D('',#1059,#873,#874);
#707=AXIS2_PLACEMENT_3D('',#1060,#875,#876);
#708=AXIS2_PLACEMENT_3D('',#1061,#877,#878);
#709=AXIS2_PLACEMENT_3D('',#1063,#879,#880);
#710=AXIS2_PLACEMENT_3D('',#1065,#881,#882);
#711=AXIS2_PLACEMENT_3D('',#1066,#883,#884);
#712=AXIS2_PLACEMENT_3D('',#1068,#885,#886);
#713=AXIS2_PLACEMENT_3D('',#1070,#888,#889);
#714=AXIS2_PLACEMENT_3D('',#1072,#890,#891);
#715=AXIS2_PLACEMENT_3D('',#1074,#893,#894);
#716=AXIS2_PLACEMENT_3D('',#1075,#895,#896);
#717=AXIS2_PLACEMENT_3D('',#1077,#897,#898);
#718=AXIS2_PLACEMENT_3D('',#1080,#900,#901);
#719=AXIS2_PLACEMENT_3D('',#1081,#902,#903);
#720=AXIS2_PLACEMENT_3D('',#1083,#904,#905);
#721=AXIS2_PLACEMENT_3D('',#1084,#906,#907);
#722=AXIS2_PLACEMENT_3D('',#1086,#908,#909);
#723=AXIS2_PLACEMENT_3D('',#1088,#911,#912);
#724=AXIS2_PLACEMENT_3D('',#1609,#913,#914);
#725=AXIS2_PLACEMENT_3D('',#1624,#915,#916);
#726=AXIS2_PLACEMENT_3D('',#1803,#919,#920);
#727=AXIS2_PLACEMENT_3D('',#1805,#921,#922);
#728=AXIS2_PLACEMENT_3D('',#1806,#923,#924);
#729=AXIS2_PLACEMENT_3D('',#1808,#925,#926);
#730=AXIS2_PLACEMENT_3D('',#1809,#927,#928);
#731=AXIS2_PLACEMENT_3D('',#1811,#930,#931);
#732=AXIS2_PLACEMENT_3D('',#1814,#932,#933);
#733=AXIS2_PLACEMENT_3D('',#1817,#935,#936);
#734=AXIS2_PLACEMENT_3D('',#1818,#937,#938);
#735=AXIS2_PLACEMENT_3D('',#1819,#939,#940);
#736=AXIS2_PLACEMENT_3D('',#1821,#941,#942);
#737=AXIS2_PLACEMENT_3D('',#1825,#944,#945);
#738=AXIS2_PLACEMENT_3D('',#1826,#946,#947);
#739=AXIS2_PLACEMENT_3D('',#1827,#948,#949);
#740=AXIS2_PLACEMENT_3D('',#1829,#951,#952);
#741=DIRECTION('axis',(0.,0.,1.));
#742=DIRECTION('refdir',(1.,0.,0.));
#743=DIRECTION('center_axis',(0.,0.,-1.));
#744=DIRECTION('ref_axis',(-1.,0.,0.));
#745=DIRECTION('center_axis',(0.,0.,1.));
#746=DIRECTION('ref_axis',(1.,6.12323399573676E-17,0.));
#747=DIRECTION('center_axis',(-1.22464679914735E-16,-1.,0.));
#748=DIRECTION('ref_axis',(1.,-1.22464679914735E-16,0.));
#749=DIRECTION('center_axis',(0.,0.,-1.));
#750=DIRECTION('ref_axis',(1.,-6.12323399573677E-17,0.));
#751=DIRECTION('center_axis',(0.,0.,-1.));
#752=DIRECTION('ref_axis',(1.,-6.12323399573677E-17,0.));
#753=DIRECTION('center_axis',(0.,0.,1.));
#754=DIRECTION('ref_axis',(1.,6.12323399573676E-17,0.));
#755=DIRECTION('center_axis',(0.,0.,-1.));
#756=DIRECTION('ref_axis',(1.,0.,0.));
#757=DIRECTION('',(-0.481918749772156,-5.90180254357565E-17,-0.876215908676647));
#758=DIRECTION('center_axis',(0.,0.,-1.));
#759=DIRECTION('ref_axis',(1.,6.12323399573677E-17,0.));
#760=DIRECTION('center_axis',(0.,0.,1.));
#761=DIRECTION('ref_axis',(1.,0.,0.));
#762=DIRECTION('',(0.876215908676647,-1.07305500792285E-16,-0.481918749772156));
#763=DIRECTION('center_axis',(0.,0.,-1.));
#764=DIRECTION('ref_axis',(1.,0.,0.));
#765=DIRECTION('center_axis',(0.,0.,1.));
#766=DIRECTION('ref_axis',(1.,0.,0.));
#767=DIRECTION('center_axis',(1.22464679914735E-16,-1.,0.));
#768=DIRECTION('ref_axis',(-1.,-1.22464679914735E-16,0.));
#769=DIRECTION('center_axis',(0.,0.,1.));
#770=DIRECTION('ref_axis',(1.,-6.12323399573676E-17,0.));
#771=DIRECTION('center_axis',(0.,0.,1.));
#772=DIRECTION('ref_axis',(1.,0.,0.));
#773=DIRECTION('',(0.876215908676647,-1.07305500792285E-16,-0.481918749772156));
#774=DIRECTION('center_axis',(0.,0.,-1.));
#775=DIRECTION('ref_axis',(1.,0.,0.));
#776=DIRECTION('center_axis',(0.,0.,-1.));
#777=DIRECTION('ref_axis',(1.,0.,0.));
#778=DIRECTION('',(0.481918749772156,5.90180254357565E-17,0.876215908676647));
#779=DIRECTION('center_axis',(0.,0.,-1.));
#780=DIRECTION('ref_axis',(-1.,0.,0.));
#781=DIRECTION('center_axis',(0.,0.,-1.));
#782=DIRECTION('ref_axis',(1.,0.,0.));
#783=DIRECTION('center_axis',(0.,0.,-1.));
#784=DIRECTION('ref_axis',(-1.,0.,0.));
#785=DIRECTION('center_axis',(0.,0.,-1.));
#786=DIRECTION('ref_axis',(1.,0.,0.));
#787=DIRECTION('center_axis',(0.,0.,-1.));
#788=DIRECTION('ref_axis',(1.,0.,0.));
#789=DIRECTION('',(0.,0.,-1.));
#790=DIRECTION('center_axis',(0.,0.,1.));
#791=DIRECTION('ref_axis',(1.,0.,0.));
#792=DIRECTION('center_axis',(0.,0.,-1.));
#793=DIRECTION('ref_axis',(-0.666747015629163,-0.745284118406937,0.));
#794=DIRECTION('center_axis',(0.,0.,1.));
#795=DIRECTION('ref_axis',(0.726475780032927,-0.687192069967014,0.));
#796=DIRECTION('center_axis',(0.,0.,-1.));
#797=DIRECTION('ref_axis',(-0.745284118406937,0.666747015629163,0.));
#798=DIRECTION('center_axis',(0.,0.,1.));
#799=DIRECTION('ref_axis',(-0.687192069967014,-0.726475780032927,0.));
#800=DIRECTION('center_axis',(0.,0.,-1.));
#801=DIRECTION('ref_axis',(0.666747015629163,0.745284118406937,0.));
#802=DIRECTION('center_axis',(0.,0.,1.));
#803=DIRECTION('ref_axis',(-0.726475780032927,0.687192069967014,0.));
#804=DIRECTION('center_axis',(0.,0.,-1.));
#805=DIRECTION('ref_axis',(0.745284118406937,-0.666747015629163,0.));
#806=DIRECTION('center_axis',(0.,0.,1.));
#807=DIRECTION('ref_axis',(0.687192069967014,0.726475780032927,0.));
#808=DIRECTION('center_axis',(0.,0.,1.));
#809=DIRECTION('ref_axis',(1.,0.,0.));
#810=DIRECTION('center_axis',(0.,0.,1.));
#811=DIRECTION('ref_axis',(1.,0.,0.));
#812=DIRECTION('center_axis',(0.,0.,1.));
#813=DIRECTION('ref_axis',(-0.666747015629163,-0.745284118406937,0.));
#814=DIRECTION('center_axis',(0.,0.,1.));
#815=DIRECTION('ref_axis',(0.687192069967014,0.726475780032927,0.));
#816=DIRECTION('center_axis',(0.,0.,1.));
#817=DIRECTION('ref_axis',(0.745284118406937,-0.666747015629163,0.));
#818=DIRECTION('center_axis',(0.,0.,1.));
#819=DIRECTION('ref_axis',(-0.726475780032927,0.687192069967014,0.));
#820=DIRECTION('center_axis',(0.,0.,1.));
#821=DIRECTION('ref_axis',(0.666747015629163,0.745284118406937,0.));
#822=DIRECTION('center_axis',(0.,0.,1.));
#823=DIRECTION('ref_axis',(-0.687192069967014,-0.726475780032927,0.));
#824=DIRECTION('center_axis',(0.,0.,1.));
#825=DIRECTION('ref_axis',(-0.745284118406937,0.666747015629163,0.));
#826=DIRECTION('center_axis',(0.,0.,1.));
#827=DIRECTION('ref_axis',(0.726475780032927,-0.687192069967014,0.));
#828=DIRECTION('center_axis',(0.,0.,-1.));
#829=DIRECTION('ref_axis',(1.,0.,0.));
#830=DIRECTION('center_axis',(0.,0.,-1.));
#831=DIRECTION('ref_axis',(-0.666747015629163,-0.745284118406937,0.));
#832=DIRECTION('',(0.,0.,-1.));
#833=DIRECTION('',(0.,0.,-1.));
#834=DIRECTION('center_axis',(0.,0.,-1.));
#835=DIRECTION('ref_axis',(0.726475780032927,-0.687192069967014,0.));
#836=DIRECTION('',(0.,0.,-1.));
#837=DIRECTION('center_axis',(0.,0.,-1.));
#838=DIRECTION('ref_axis',(-0.745284118406937,0.666747015629163,0.));
#839=DIRECTION('',(0.,0.,-1.));
#840=DIRECTION('center_axis',(0.,0.,-1.));
#841=DIRECTION('ref_axis',(-0.687192069967014,-0.726475780032927,0.));
#842=DIRECTION('',(0.,0.,-1.));
#843=DIRECTION('center_axis',(0.,0.,-1.));
#844=DIRECTION('ref_axis',(0.666747015629163,0.745284118406937,0.));
#845=DIRECTION('',(0.,0.,-1.));
#846=DIRECTION('center_axis',(0.,0.,-1.));
#847=DIRECTION('ref_axis',(-0.726475780032927,0.687192069967014,0.));
#848=DIRECTION('',(0.,0.,-1.));
#849=DIRECTION('center_axis',(0.,0.,-1.));
#850=DIRECTION('ref_axis',(0.745284118406937,-0.666747015629163,0.));
#851=DIRECTION('',(0.,0.,-1.));
#852=DIRECTION('center_axis',(0.,0.,-1.));
#853=DIRECTION('ref_axis',(0.687192069967014,0.726475780032927,0.));
#854=DIRECTION('center_axis',(0.,0.,1.));
#855=DIRECTION('ref_axis',(1.,0.,0.));
#856=DIRECTION('center_axis',(0.,0.,-1.));
#857=DIRECTION('ref_axis',(1.,0.,0.));
#858=DIRECTION('center_axis',(0.,0.,1.));
#859=DIRECTION('ref_axis',(1.,0.,0.));
#860=DIRECTION('center_axis',(0.,0.,-1.));
#861=DIRECTION('ref_axis',(1.,0.,0.));
#862=DIRECTION('center_axis',(1.22464679914735E-16,-1.,0.));
#863=DIRECTION('ref_axis',(-1.,-1.22464679914735E-16,0.));
#864=DIRECTION('center_axis',(0.,0.,-1.));
#865=DIRECTION('ref_axis',(1.,0.,0.));
#866=DIRECTION('',(0.,0.,1.));
#867=DIRECTION('center_axis',(0.,0.,-1.));
#868=DIRECTION('ref_axis',(1.,0.,0.));
#869=DIRECTION('center_axis',(0.,0.,1.));
#870=DIRECTION('ref_axis',(1.,0.,0.));
#871=DIRECTION('center_axis',(0.,0.,1.));
#872=DIRECTION('ref_axis',(1.,0.,0.));
#873=DIRECTION('center_axis',(0.,0.,1.));
#874=DIRECTION('ref_axis',(1.,0.,0.));
#875=DIRECTION('center_axis',(1.22464679914735E-16,-1.,0.));
#876=DIRECTION('ref_axis',(-1.,-1.22464679914735E-16,0.));
#877=DIRECTION('center_axis',(0.,0.,1.));
#878=DIRECTION('ref_axis',(1.,0.,0.));
#879=DIRECTION('center_axis',(0.,0.,1.));
#880=DIRECTION('ref_axis',(1.,0.,0.));
#881=DIRECTION('center_axis',(0.,0.,-1.));
#882=DIRECTION('ref_axis',(1.,0.,0.));
#883=DIRECTION('center_axis',(0.,0.,1.));
#884=DIRECTION('ref_axis',(1.,0.,0.));
#885=DIRECTION('center_axis',(0.,0.,-1.));
#886=DIRECTION('ref_axis',(1.,0.,0.));
#887=DIRECTION('',(0.,0.,-1.));
#888=DIRECTION('center_axis',(0.,0.,1.));
#889=DIRECTION('ref_axis',(1.,0.,0.));
#890=DIRECTION('center_axis',(0.,0.,1.));
#891=DIRECTION('ref_axis',(1.,0.,0.));
#892=DIRECTION('',(0.,0.,-1.));
#893=DIRECTION('center_axis',(0.,0.,1.));
#894=DIRECTION('ref_axis',(1.,0.,0.));
#895=DIRECTION('center_axis',(0.,0.,1.));
#896=DIRECTION('ref_axis',(-1.,0.,0.));
#897=DIRECTION('center_axis',(0.,0.,1.));
#898=DIRECTION('ref_axis',(-1.,0.,0.));
#899=DIRECTION('',(0.,0.,1.));
#900=DIRECTION('center_axis',(0.,0.,-1.));
#901=DIRECTION('ref_axis',(-1.,0.,0.));
#902=DIRECTION('center_axis',(0.,0.,1.));
#903=DIRECTION('ref_axis',(1.,0.,0.));
#904=DIRECTION('center_axis',(0.,0.,1.));
#905=DIRECTION('ref_axis',(1.,0.,0.));
#906=DIRECTION('center_axis',(0.,0.,1.));
#907=DIRECTION('ref_axis',(1.,0.,0.));
#908=DIRECTION('center_axis',(0.,0.,1.));
#909=DIRECTION('ref_axis',(1.,0.,0.));
#910=DIRECTION('',(0.,0.,-1.));
#911=DIRECTION('center_axis',(0.,0.,1.));
#912=DIRECTION('ref_axis',(1.,0.,0.));
#913=DIRECTION('center_axis',(0.,0.,1.));
#914=DIRECTION('ref_axis',(1.,0.,0.));
#915=DIRECTION('center_axis',(0.,0.,1.));
#916=DIRECTION('ref_axis',(1.,0.,0.));
#917=DIRECTION('',(-0.982892073509918,1.20369563173123E-16,0.184182441702169));
#918=DIRECTION('',(-0.567534278607823,6.95029037703472E-17,0.823349769299232));
#919=DIRECTION('center_axis',(0.,0.,1.));
#920=DIRECTION('ref_axis',(1.,0.,0.));
#921=DIRECTION('center_axis',(0.,0.,1.));
#922=DIRECTION('ref_axis',(1.,0.,0.));
#923=DIRECTION('center_axis',(0.,0.,1.));
#924=DIRECTION('ref_axis',(1.,0.,0.));
#925=DIRECTION('center_axis',(0.,0.,1.));
#926=DIRECTION('ref_axis',(1.,0.,0.));
#927=DIRECTION('center_axis',(0.,0.,1.));
#928=DIRECTION('ref_axis',(1.,0.,0.));
#929=DIRECTION('',(0.,0.,1.));
#930=DIRECTION('center_axis',(0.,0.,-1.));
#931=DIRECTION('ref_axis',(1.,0.,0.));
#932=DIRECTION('center_axis',(0.,0.,-1.));
#933=DIRECTION('ref_axis',(-1.,0.,0.));
#934=DIRECTION('',(-0.970142500145332,-1.18808190751979E-16,-0.242535625036333));
#935=DIRECTION('center_axis',(0.,0.,1.));
#936=DIRECTION('ref_axis',(1.,0.,0.));
#937=DIRECTION('center_axis',(0.,0.,-1.));
#938=DIRECTION('ref_axis',(-1.,0.,0.));
#939=DIRECTION('center_axis',(0.,0.,-1.));
#940=DIRECTION('ref_axis',(1.,0.,0.));
#941=DIRECTION('center_axis',(0.,0.,1.));
#942=DIRECTION('ref_axis',(1.,0.,0.));
#943=DIRECTION('',(0.970142500145332,1.18808190751979E-16,0.242535625036333));
#944=DIRECTION('center_axis',(0.,0.,-1.));
#945=DIRECTION('ref_axis',(-1.,0.,0.));
#946=DIRECTION('center_axis',(0.,0.,-1.));
#947=DIRECTION('ref_axis',(-1.,0.,0.));
#948=DIRECTION('center_axis',(0.,0.,1.));
#949=DIRECTION('ref_axis',(1.,0.,0.));
#950=DIRECTION('',(0.242535625036333,-2.97020476879948E-17,-0.970142500145332));
#951=DIRECTION('center_axis',(0.,0.,1.));
#952=DIRECTION('ref_axis',(-1.,0.,0.));
#953=DIRECTION('',(-0.242535625036333,2.97020476879948E-17,-0.970142500145332));
#954=CARTESIAN_POINT('',(0.,0.,0.));
#955=CARTESIAN_POINT('Origin',(0.,0.,48.7294869324189));
#956=CARTESIAN_POINT('',(-58.5924852255743,-1.43510198971176E-14,49.6933244319632));
#957=CARTESIAN_POINT('',(58.5924852255743,-7.17550994855881E-15,49.6933244319632));
#958=CARTESIAN_POINT('Origin',(0.,-3.5877549742794E-15,49.6933244319632));
#959=CARTESIAN_POINT('',(55.8762159086766,-6.84286289610273E-15,50.4819187497721));
#960=CARTESIAN_POINT('Origin',(56.840053408221,-6.96089894697424E-15,48.7294869324189));
#961=CARTESIAN_POINT('',(-55.8762159086766,1.36857257922055E-14,50.4819187497721));
#962=CARTESIAN_POINT('Origin',(0.,3.42143144805136E-15,50.4819187497721));
#963=CARTESIAN_POINT('Origin',(0.,3.42143144805136E-15,50.4819187497721));
#964=CARTESIAN_POINT('Origin',(0.,-3.5877549742794E-15,49.6933244319632));
#965=CARTESIAN_POINT('Origin',(0.,0.,1.44575624931647));
#966=CARTESIAN_POINT('',(-84.1648102264856,0.,3.19818806666976));
#967=CARTESIAN_POINT('',(-85.1286477260299,-1.04252525953425E-14,1.44575624931647));
#968=CARTESIAN_POINT('Origin',(0.,-5.1536082722355E-15,3.19818806666976));
#969=CARTESIAN_POINT('Origin',(0.,0.,50.));
#970=CARTESIAN_POINT('',(-55.,6.73555739531044E-15,50.));
#971=CARTESIAN_POINT('',(-55.,6.73555739531044E-15,50.));
#972=CARTESIAN_POINT('Origin',(0.,0.,50.));
#973=CARTESIAN_POINT('Origin',(0.,0.,2.23435056712545));
#974=CARTESIAN_POINT('',(-83.3762159086766,-1.97215226305253E-30,0.48191874977215));
#975=CARTESIAN_POINT('Origin',(-82.4123784091323,-1.00926055428864E-14,
2.23435056712545));
#976=CARTESIAN_POINT('Origin',(0.,5.10532079687897E-15,0.48191874977215));
#977=CARTESIAN_POINT('Origin',(0.,0.,0.));
#978=CARTESIAN_POINT('',(-82.5,-1.01033360929657E-14,0.));
#979=CARTESIAN_POINT('',(-82.5,1.01033360929657E-14,0.));
#980=CARTESIAN_POINT('Origin',(0.,0.,0.));
#981=CARTESIAN_POINT('Origin',(0.,0.,0.));
#982=CARTESIAN_POINT('',(-82.5,-1.01033360929657E-14,0.));
#983=CARTESIAN_POINT('Origin',(0.,0.,47.));
#984=CARTESIAN_POINT('',(-55.,6.73555739531044E-15,47.));
#985=CARTESIAN_POINT('Origin',(0.,0.,47.));
#986=CARTESIAN_POINT('Origin',(0.,0.,50.));
#987=CARTESIAN_POINT('',(-55.,6.73555739531044E-15,50.));
#988=CARTESIAN_POINT('Origin',(0.,0.,50.));
#989=CARTESIAN_POINT('Origin',(0.,0.,50.));
#990=CARTESIAN_POINT('',(-55.,6.73555739531044E-15,50.));
#991=CARTESIAN_POINT('Origin',(0.,0.,-3.));
#992=CARTESIAN_POINT('',(60.0072314066246,-67.0755706566244,-3.));
#993=CARTESIAN_POINT('',(-60.0072314066246,-67.0755706566243,-3.));
#994=CARTESIAN_POINT('Origin',(0.,0.,-3.));
#995=CARTESIAN_POINT('',(-67.0755706566244,-60.0072314066246,-3.));
#996=CARTESIAN_POINT('Origin',(-63.6396103067893,-63.6396103067893,-3.));
#997=CARTESIAN_POINT('',(-67.0755706566243,60.0072314066247,-3.));
#998=CARTESIAN_POINT('Origin',(0.,0.,-3.));
#999=CARTESIAN_POINT('',(-60.0072314066246,67.0755706566244,-3.));
#1000=CARTESIAN_POINT('Origin',(-63.6396103067892,63.6396103067893,-3.));
#1001=CARTESIAN_POINT('',(60.0072314066246,67.0755706566243,-3.));
#1002=CARTESIAN_POINT('Origin',(0.,0.,-3.));
#1003=CARTESIAN_POINT('',(67.0755706566244,60.0072314066246,-3.));
#1004=CARTESIAN_POINT('Origin',(63.6396103067893,63.6396103067893,-3.));
#1005=CARTESIAN_POINT('',(67.0755706566243,-60.0072314066247,-3.));
#1006=CARTESIAN_POINT('Origin',(0.,0.,-3.));
#1007=CARTESIAN_POINT('Origin',(63.6396103067892,-63.6396103067893,-3.));
#1008=CARTESIAN_POINT('',(-82.5,-1.01033360929657E-14,-3.));
#1009=CARTESIAN_POINT('Origin',(0.,0.,-3.));
#1010=CARTESIAN_POINT('Origin',(0.,0.,0.));
#1011=CARTESIAN_POINT('',(-60.0072314066246,-67.0755706566243,0.));
#1012=CARTESIAN_POINT('',(60.0072314066246,-67.0755706566244,0.));
#1013=CARTESIAN_POINT('Origin',(0.,0.,0.));
#1014=CARTESIAN_POINT('',(67.0755706566243,-60.0072314066247,0.));
#1015=CARTESIAN_POINT('Origin',(63.6396103067892,-63.6396103067893,0.));
#1016=CARTESIAN_POINT('',(67.0755706566244,60.0072314066246,0.));
#1017=CARTESIAN_POINT('Origin',(0.,0.,0.));
#1018=CARTESIAN_POINT('',(60.0072314066246,67.0755706566243,0.));
#1019=CARTESIAN_POINT('Origin',(63.6396103067893,63.6396103067893,0.));
#1020=CARTESIAN_POINT('',(-60.0072314066246,67.0755706566244,0.));
#1021=CARTESIAN_POINT('Origin',(0.,0.,0.));
#1022=CARTESIAN_POINT('',(-67.0755706566243,60.0072314066247,0.));
#1023=CARTESIAN_POINT('Origin',(-63.6396103067892,63.6396103067893,0.));
#1024=CARTESIAN_POINT('',(-67.0755706566244,-60.0072314066246,0.));
#1025=CARTESIAN_POINT('Origin',(0.,0.,0.));
#1026=CARTESIAN_POINT('Origin',(-63.6396103067893,-63.6396103067893,0.));
#1027=CARTESIAN_POINT('',(-82.5,-1.01033360929657E-14,0.));
#1028=CARTESIAN_POINT('Origin',(0.,0.,0.));
#1029=CARTESIAN_POINT('Origin',(0.,0.,0.));
#1030=CARTESIAN_POINT('',(-60.0072314066246,-67.0755706566243,0.));
#1031=CARTESIAN_POINT('',(60.0072314066246,-67.0755706566244,0.));
#1032=CARTESIAN_POINT('Origin',(-63.6396103067893,-63.6396103067893,0.));
#1033=CARTESIAN_POINT('',(-67.0755706566244,-60.0072314066246,0.));
#1034=CARTESIAN_POINT('Origin',(0.,0.,0.));
#1035=CARTESIAN_POINT('',(-67.0755706566243,60.0072314066247,0.));
#1036=CARTESIAN_POINT('Origin',(-63.6396103067892,63.6396103067893,0.));
#1037=CARTESIAN_POINT('',(-60.0072314066246,67.0755706566244,0.));
#1038=CARTESIAN_POINT('Origin',(0.,0.,0.));
#1039=CARTESIAN_POINT('',(60.0072314066246,67.0755706566243,0.));
#1040=CARTESIAN_POINT('Origin',(63.6396103067893,63.6396103067893,0.));
#1041=CARTESIAN_POINT('',(67.0755706566244,60.0072314066246,0.));
#1042=CARTESIAN_POINT('Origin',(0.,0.,0.));
#1043=CARTESIAN_POINT('',(67.0755706566243,-60.0072314066247,0.));
#1044=CARTESIAN_POINT('Origin',(63.6396103067892,-63.6396103067893,0.));
#1045=CARTESIAN_POINT('Origin',(0.,0.,0.));
#1046=CARTESIAN_POINT('',(-65.,-7.96020419445779E-15,0.));
#1047=CARTESIAN_POINT('Origin',(0.,0.,0.));
#1048=CARTESIAN_POINT('Origin',(0.,0.,0.));
#1049=CARTESIAN_POINT('',(-66.,8.08266887437253E-15,-1.));
#1050=CARTESIAN_POINT('Origin',(0.,0.,-1.));
#1051=CARTESIAN_POINT('Origin',(-66.,-8.08266887437253E-15,0.));
#1052=CARTESIAN_POINT('Origin',(0.,0.,0.));
#1053=CARTESIAN_POINT('',(-82.5,1.01033360929657E-14,-2.));
#1054=CARTESIAN_POINT('',(-82.5,1.01033360929657E-14,0.));
#1055=CARTESIAN_POINT('Origin',(0.,0.,-2.));
#1056=CARTESIAN_POINT('Origin',(0.,0.,-1.));
#1057=CARTESIAN_POINT('',(-81.5,-9.98087141305093E-15,-1.));
#1058=CARTESIAN_POINT('Origin',(0.,0.,-1.));
#1059=CARTESIAN_POINT('Origin',(0.,0.,-2.));
#1060=CARTESIAN_POINT('Origin',(-81.5,-9.98087141305093E-15,-2.));
#1061=CARTESIAN_POINT('Origin',(0.,0.,5.));
#1062=CARTESIAN_POINT('',(-25.,-3.06161699786838E-15,5.));
#1063=CARTESIAN_POINT('Origin',(0.,0.,5.));
#1064=CARTESIAN_POINT('',(-15.,-1.83697019872103E-15,5.));
#1065=CARTESIAN_POINT('Origin',(0.,0.,5.));
#1066=CARTESIAN_POINT('Origin',(0.,0.,0.));
#1067=CARTESIAN_POINT('',(-15.,-1.83697019872103E-15,7.));
#1068=CARTESIAN_POINT('Origin',(0.,0.,7.));
#1069=CARTESIAN_POINT('',(-15.,-1.83697019872103E-15,0.));
#1070=CARTESIAN_POINT('Origin',(0.,0.,0.));
#1071=CARTESIAN_POINT('',(-25.,-3.06161699786838E-15,7.));
#1072=CARTESIAN_POINT('Origin',(0.,0.,7.));
#1073=CARTESIAN_POINT('',(-25.,-3.06161699786838E-15,0.));
#1074=CARTESIAN_POINT('Origin',(0.,0.,7.));
#1075=CARTESIAN_POINT('Origin',(1.36436014138178E-16,0.,11.));
#1076=CARTESIAN_POINT('',(1.5,1.83697019872103E-16,5.));
#1077=CARTESIAN_POINT('Origin',(1.36436014138178E-16,0.,5.));
#1078=CARTESIAN_POINT('',(1.5,-1.83697019872103E-16,7.));
#1079=CARTESIAN_POINT('',(1.5,1.83697019872103E-16,11.));
#1080=CARTESIAN_POINT('Origin',(1.36436014138178E-16,0.,7.));
#1081=CARTESIAN_POINT('Origin',(0.,0.,5.));
#1082=CARTESIAN_POINT('',(-3.5,-4.28626379701574E-16,5.));
#1083=CARTESIAN_POINT('Origin',(0.,0.,5.));
#1084=CARTESIAN_POINT('Origin',(0.,0.,0.));
#1085=CARTESIAN_POINT('',(-3.5,-4.28626379701574E-16,7.));
#1086=CARTESIAN_POINT('Origin',(0.,0.,7.));
#1087=CARTESIAN_POINT('',(-3.5,-4.28626379701574E-16,0.));
#1088=CARTESIAN_POINT('Origin',(0.,0.,7.));
#1089=CARTESIAN_POINT('Ctrl Pts',(-67.9486762205297,-8.32131288397716E-15,
0.552547325106508));
#1090=CARTESIAN_POINT('Ctrl Pts',(-67.5341507269024,-8.32533033040474E-15,
2.76466818846711));
#1091=CARTESIAN_POINT('Ctrl Pts',(-66.5257341637245,-8.21484972932659E-15,
7.08022292431802));
#1092=CARTESIAN_POINT('Ctrl Pts',(-63.787479056523,-7.65302228160063E-15,
15.2807649468944));
#1093=CARTESIAN_POINT('Ctrl Pts',(-58.6687213870153,-6.54800680289193E-15,
24.6344765801299));
#1094=CARTESIAN_POINT('Ctrl Pts',(-51.2241441563456,-5.60238297057222E-15,
32.2659327440588));
#1095=CARTESIAN_POINT('Ctrl Pts',(-46.0233267910578,-5.41708710232788E-15,
36.2150258719193));
#1096=CARTESIAN_POINT('Ctrl Pts',(-44.2026028358235,-5.41325760768729E-15,
37.4700493078977));
#1097=CARTESIAN_POINT('Ctrl Pts',(-67.9486762205297,-8.89446091814866,0.552547325106508));
#1098=CARTESIAN_POINT('Ctrl Pts',(-67.5342032029634,-8.75565146275486,2.76453461098618));
#1099=CARTESIAN_POINT('Ctrl Pts',(-66.5259759152616,-8.4765958513352,7.07998467203982));
#1100=CARTESIAN_POINT('Ctrl Pts',(-63.7881608967402,-7.91332304811016,15.2802816216166));
#1101=CARTESIAN_POINT('Ctrl Pts',(-58.6696376027024,-7.17513654934027,24.6349324109785));
#1102=CARTESIAN_POINT('Ctrl Pts',(-51.2234582720665,-6.40420607590713,32.2664838694699));
#1103=CARTESIAN_POINT('Ctrl Pts',(-46.0231285909047,-5.94132123744707,36.2151713038441));
#1104=CARTESIAN_POINT('Ctrl Pts',(-44.2026028358235,-5.78610718077377,37.4700493078977));
#1105=CARTESIAN_POINT('Ctrl Pts',(-64.3972876094942,-26.6817686971761,0.64061650130371));
#1106=CARTESIAN_POINT('Ctrl Pts',(-64.0034607026865,-26.2975675719941,2.85064359160923));
#1107=CARTESIAN_POINT('Ctrl Pts',(-63.0384621779645,-25.4966120970923,7.15917689043386));
#1108=CARTESIAN_POINT('Ctrl Pts',(-60.4067959423746,-23.7947986740665,15.332182057477));
#1109=CARTESIAN_POINT('Ctrl Pts',(-55.5341809370832,-21.4837736920431,24.6186511519499));
#1110=CARTESIAN_POINT('Ctrl Pts',(-48.5356422379446,-19.1204745275109,32.2245397362154));
#1111=CARTESIAN_POINT('Ctrl Pts',(-43.6683789789458,-17.7887085142917,36.1750289955695));
#1112=CARTESIAN_POINT('Ctrl Pts',(-41.9682297647032,-17.3564146124278,37.4310738181083));
#1113=CARTESIAN_POINT('Ctrl Pts',(-50.9208558719357,-46.7408407619234,0.846051935522016));
#1114=CARTESIAN_POINT('Ctrl Pts',(-50.6049818071361,-46.1111047543372,3.05874435250017));
#1115=CARTESIAN_POINT('Ctrl Pts',(-49.8237796386501,-44.7468094439972,7.36282944592653));
#1116=CARTESIAN_POINT('Ctrl Pts',(-47.6906600424769,-41.7151847558415,15.4833933226987));
#1117=CARTESIAN_POINT('Ctrl Pts',(-43.8183393545403,-37.5281708608541,24.6102442493438));
#1118=CARTESIAN_POINT('Ctrl Pts',(-38.4015122676545,-33.4374742452233,32.0881759801534));
#1119=CARTESIAN_POINT('Ctrl Pts',(-34.6952585976871,-31.2908673150363,35.9979356713961));
#1120=CARTESIAN_POINT('Ctrl Pts',(-33.4081489435048,-30.617421302762,37.2446593675747));
#1121=CARTESIAN_POINT('Ctrl Pts',(-34.299475562777,-59.4177014147888,0.997084652985752));
#1122=CARTESIAN_POINT('Ctrl Pts',(-34.0839254720192,-58.637835787902,3.21350709512059));
#1123=CARTESIAN_POINT('Ctrl Pts',(-33.5486314929028,-56.9183366386464,7.51604951572387));
#1124=CARTESIAN_POINT('Ctrl Pts',(-32.0909850688045,-53.0292756328214,15.5996243435432));
#1125=CARTESIAN_POINT('Ctrl Pts',(-29.4778080118731,-47.6380223560554,24.617266634929));
#1126=CARTESIAN_POINT('Ctrl Pts',(-25.8820326146894,-42.5077248430163,31.9677158183133));
#1127=CARTESIAN_POINT('Ctrl Pts',(-23.4732243090409,-39.9644715496307,35.7792534748502));
#1128=CARTESIAN_POINT('Ctrl Pts',(-22.6469517427134,-39.1925008822225,36.9898658047006));
#1129=CARTESIAN_POINT('Ctrl Pts',(-20.5073701001933,-65.1034806509396,1.06901501883251));
#1130=CARTESIAN_POINT('Ctrl Pts',(-20.3776021072237,-64.257046486074,3.28743636772252));
#1131=CARTESIAN_POINT('Ctrl Pts',(-20.0550690995761,-62.3778898185491,7.5893303518698));
#1132=CARTESIAN_POINT('Ctrl Pts',(-19.1779852262649,-58.1012129277051,15.6559514954251));
#1133=CARTESIAN_POINT('Ctrl Pts',(-17.6146899217697,-52.1672349621466,24.6236114890083));
#1134=CARTESIAN_POINT('Ctrl Pts',(-15.4790031371195,-46.5820437941341,31.9081256964257));
#1135=CARTESIAN_POINT('Ctrl Pts',(-14.064928439776,-43.8973979842611,35.6415030975354));
#1136=CARTESIAN_POINT('Ctrl Pts',(-13.5842460548812,-43.1016494536043,36.8142347063008));
#1137=CARTESIAN_POINT('Ctrl Pts',(-8.87264433825912,-67.4053324871533,1.0984077236321));
#1138=CARTESIAN_POINT('Ctrl Pts',(-8.8164325479719,-66.5322071331145,3.31772345641822));
#1139=CARTESIAN_POINT('Ctrl Pts',(-8.67656436011235,-64.5886448514027,7.61934331410698));
#1140=CARTESIAN_POINT('Ctrl Pts',(-8.2966010391426,-60.154134199446,15.6790159558686));
#1141=CARTESIAN_POINT('Ctrl Pts',(-7.62037462500186,-53.9994896626066,24.6263001479374));
#1142=CARTESIAN_POINT('Ctrl Pts',(-6.69848932978524,-48.2323277846282,31.8818781902133));
#1143=CARTESIAN_POINT('Ctrl Pts',(-6.09018510801167,-45.495836702725,35.5786410479765));
#1144=CARTESIAN_POINT('Ctrl Pts',(-5.88354815079318,-44.692336635412,36.7336608950652));
#1145=CARTESIAN_POINT('Ctrl Pts',(2.95469010421324,-68.1704878986211,1.1079742982977));
#1146=CARTESIAN_POINT('Ctrl Pts',(2.9360624304556,-67.2880039292558,3.32752448697632));
#1147=CARTESIAN_POINT('Ctrl Pts',(2.88966279703922,-65.3223506727741,7.6290091883226));
#1148=CARTESIAN_POINT('Ctrl Pts',(2.76346016082898,-60.836126620956,15.6865783545742));
#1149=CARTESIAN_POINT('Ctrl Pts',(2.53845046328789,-54.6095687495895,24.6276987127125));
#1150=CARTESIAN_POINT('Ctrl Pts',(2.23101812102103,-48.7819612692283,31.8750817997151));
#1151=CARTESIAN_POINT('Ctrl Pts',(2.02668209083358,-46.0284155670957,35.5568424112538));
#1152=CARTESIAN_POINT('Ctrl Pts',(1.95664170743294,-45.2234238544736,36.7023542033787));
#1153=CARTESIAN_POINT('Ctrl Pts',(23.6748027001284,-65.4935702152397,1.07461435834731));
#1154=CARTESIAN_POINT('Ctrl Pts',(23.5244134226959,-64.6434103213158,3.29326665844036));
#1155=CARTESIAN_POINT('Ctrl Pts',(23.1504720633616,-62.75426528206,7.59525207339798));
#1156=CARTESIAN_POINT('Ctrl Pts',(22.1350797191183,-58.4500591988733,15.660380854413));
#1157=CARTESIAN_POINT('Ctrl Pts',(20.3301986579105,-52.4761784278701,24.6238249167115));
#1158=CARTESIAN_POINT('Ctrl Pts',(17.8729317113025,-46.8596092973036,31.9021305669525));
#1159=CARTESIAN_POINT('Ctrl Pts',(16.25821367158,-44.1637409276573,35.6370256186315));
#1160=CARTESIAN_POINT('Ctrl Pts',(15.7122419864545,-43.3642320627973,36.8137936495561));
#1161=CARTESIAN_POINT('Ctrl Pts',(47.5642107629743,-51.7816887719426,0.89842391776055));
#1162=CARTESIAN_POINT('Ctrl Pts',(47.2675732082898,-51.0894717802582,3.11189494125181));
#1163=CARTESIAN_POINT('Ctrl Pts',(46.531564568666,-49.5826129237186,7.41494218922749));
#1164=CARTESIAN_POINT('Ctrl Pts',(44.5222786986245,-46.2164612210927,15.5220771313324));
#1165=CARTESIAN_POINT('Ctrl Pts',(40.8992420918043,-41.5599889335538,24.6084800119281));
#1166=CARTESIAN_POINT('Ctrl Pts',(35.8784779676025,-37.0387592521614,32.0522859866088));
#1167=CARTESIAN_POINT('Ctrl Pts',(32.4681477953939,-34.6864460475885,35.954845341219));
#1168=CARTESIAN_POINT('Ctrl Pts',(31.2873304012084,-33.9504656735353,37.2026150377272));
#1169=CARTESIAN_POINT('Ctrl Pts',(61.8646700152138,-30.4342661490276,0.678835802766032));
#1170=CARTESIAN_POINT('Ctrl Pts',(61.4855665743765,-30.0056502234196,2.88931520286647));
#1171=CARTESIAN_POINT('Ctrl Pts',(60.5553941141483,-29.1011644109276,7.19701421535633));
#1172=CARTESIAN_POINT('Ctrl Pts',(58.017602605756,-27.1502540296995,15.3603127554308));
#1173=CARTESIAN_POINT('Ctrl Pts',(53.3332180968196,-24.4836575878472,24.6170927335413));
#1174=CARTESIAN_POINT('Ctrl Pts',(46.6314009807794,-21.7939053927929,32.1998907827097));
#1175=CARTESIAN_POINT('Ctrl Pts',(41.9800577948581,-20.3123775012258,36.1417257004828));
#1176=CARTESIAN_POINT('Ctrl Pts',(40.3560676811254,-19.8370001464196,37.3946282149211));
#1177=CARTESIAN_POINT('Ctrl Pts',(67.0659945732404,-13.3421742619593,0.574393820413284));
#1178=CARTESIAN_POINT('Ctrl Pts',(66.6566451619735,-13.1392328970645,2.78590480379803));
#1179=CARTESIAN_POINT('Ctrl Pts',(65.6590413712612,-12.7269002737985,7.09953218728787));
#1180=CARTESIAN_POINT('Ctrl Pts',(62.9475368594628,-11.8797957967142,15.292963843549));
#1181=CARTESIAN_POINT('Ctrl Pts',(57.889646463228,-10.7564856556772,24.6305691547162));
#1182=CARTESIAN_POINT('Ctrl Pts',(50.5545004950802,-9.59186876969117,32.2553864442325));
#1183=CARTESIAN_POINT('Ctrl Pts',(45.4373812658412,-8.90761089405366,36.2046177310479));
#1184=CARTESIAN_POINT('Ctrl Pts',(43.6474091832826,-8.68009633804473,37.4602642467333));
#1185=CARTESIAN_POINT('Ctrl Pts',(68.8360592035031,4.44800807563874,0.530483131983808));
#1186=CARTESIAN_POINT('Ctrl Pts',(68.4163885943228,4.37619079045092,2.74310510248291));
#1187=CARTESIAN_POINT('Ctrl Pts',(67.3971994438847,4.23474330202141,7.06039987360053));
#1188=CARTESIAN_POINT('Ctrl Pts',(64.6323445186797,3.95363410922751,15.2678305578807));
#1189=CARTESIAN_POINT('Ctrl Pts',(59.4521172681233,3.59087793423479,24.6384138238575));
#1190=CARTESIAN_POINT('Ctrl Pts',(51.8959514917726,3.20888322647845,32.2765195764259));
#1191=CARTESIAN_POINT('Ctrl Pts',(46.6111978617611,2.97459648648785,36.2250527419369));
#1192=CARTESIAN_POINT('Ctrl Pts',(44.7599476775561,2.89440865529757,37.4795100991877));
#1193=CARTESIAN_POINT('Ctrl Pts',(64.3992302813788,26.6814700816215,0.640551468486617));
#1194=CARTESIAN_POINT('Ctrl Pts',(64.0054179234423,26.2939392133444,2.85049575299725));
#1195=CARTESIAN_POINT('Ctrl Pts',(63.0404457230499,25.4889622414934,7.15892455594699));
#1196=CARTESIAN_POINT('Ctrl Pts',(60.4090064901444,23.7885961855962,15.3317560412541));
#1197=CARTESIAN_POINT('Ctrl Pts',(55.5362061881377,21.487927346542,24.6189079622868));
#1198=CARTESIAN_POINT('Ctrl Pts',(48.5362171868691,19.129945480506,32.2247372170262));
#1199=CARTESIAN_POINT('Ctrl Pts',(43.6694070093019,17.7917805925909,36.1749826073485));
#1200=CARTESIAN_POINT('Ctrl Pts',(41.9697050782389,17.3561034190574,37.4310857311269));
#1201=CARTESIAN_POINT('Ctrl Pts',(50.9202518366002,46.7412493196534,0.846063726225688));
#1202=CARTESIAN_POINT('Ctrl Pts',(50.6043769849731,46.1132381519041,3.05880036744128));
#1203=CARTESIAN_POINT('Ctrl Pts',(49.8231699770874,44.7507846649965,7.36292694731188));
#1204=CARTESIAN_POINT('Ctrl Pts',(47.6899450004593,41.7184592271086,15.4835726719442));
#1205=CARTESIAN_POINT('Ctrl Pts',(43.8176749769224,37.5263709410936,24.6100617700828));
#1206=CARTESIAN_POINT('Ctrl Pts',(38.4015021718038,33.4331327057764,32.087969889904));
#1207=CARTESIAN_POINT('Ctrl Pts',(34.6948693925398,31.2895748486725,35.9978450165383));
#1208=CARTESIAN_POINT('Ctrl Pts',(33.4074512151288,30.6178635768266,37.2445978647214));
#1209=CARTESIAN_POINT('Ctrl Pts',(34.3004900344277,59.4182462239026,0.99711190351617));
#1210=CARTESIAN_POINT('Ctrl Pts',(34.0849279520614,58.6374904398614,3.21350763041733));
#1211=CARTESIAN_POINT('Ctrl Pts',(33.5495881069999,56.9171118502652,7.51602438360308));
#1212=CARTESIAN_POINT('Ctrl Pts',(32.0919365450068,53.0284052708912,15.5995671291519));
#1213=CARTESIAN_POINT('Ctrl Pts',(29.4786584812899,47.639523452014,24.6174339817636));
#1214=CARTESIAN_POINT('Ctrl Pts',(25.8825688610721,42.5103630896683,31.9680257074797));
#1215=CARTESIAN_POINT('Ctrl Pts',(23.474165718754,39.9656281684381,35.7795434807862));
#1216=CARTESIAN_POINT('Ctrl Pts',(22.6481894410941,39.1927987807761,36.9900140496911));
#1217=CARTESIAN_POINT('Ctrl Pts',(17.7477281892618,66.2414975745827,1.08342002083775));
#1218=CARTESIAN_POINT('Ctrl Pts',(17.6351661651877,65.3823505130034,3.30227482457172));
#1219=CARTESIAN_POINT('Ctrl Pts',(17.3552578348055,63.4718846320339,7.60405014419389));
#1220=CARTESIAN_POINT('Ctrl Pts',(16.5945007286222,59.1171957483266,15.6672558246296));
#1221=CARTESIAN_POINT('Ctrl Pts',(15.2413951773183,53.0728476729383,24.6246659487022));
#1222=CARTESIAN_POINT('Ctrl Pts',(13.3978730005959,47.3960646833729,31.8954471452404));
#1223=CARTESIAN_POINT('Ctrl Pts',(12.1820969368052,44.6843461395287,35.6132109041368));
#1224=CARTESIAN_POINT('Ctrl Pts',(11.7699688776627,43.8842742849769,36.7788982387638));
#1225=CARTESIAN_POINT('Ctrl Pts',(2.9572919582317,68.1766980674213,1.10825089435469));
#1226=CARTESIAN_POINT('Ctrl Pts',(2.93854421711099,67.294194265815,3.32783802064231));
#1227=CARTESIAN_POINT('Ctrl Pts',(2.89189258918174,65.3285534812366,7.62935937286252));
#1228=CARTESIAN_POINT('Ctrl Pts',(2.76530355747109,60.8414825270722,15.6867868767344));
#1229=CARTESIAN_POINT('Ctrl Pts',(2.53984810132355,54.6140560955955,24.6276003648706));
#1230=CARTESIAN_POINT('Ctrl Pts',(2.23232950734608,48.7864101505206,31.8740457791617));
#1231=CARTESIAN_POINT('Ctrl Pts',(2.02981644210109,46.0328905695821,35.5567391342171));
#1232=CARTESIAN_POINT('Ctrl Pts',(1.96117671004594,45.2273703039012,36.7037067023664));
#1233=CARTESIAN_POINT('Ctrl Pts',(-8.87353638944788,67.4035116931556,1.09832385962767));
#1234=CARTESIAN_POINT('Ctrl Pts',(-8.81726940817545,66.5303776150654,3.31762249828576));
#1235=CARTESIAN_POINT('Ctrl Pts',(-8.67728862459578,64.5867321570632,7.61922870997487));
#1236=CARTESIAN_POINT('Ctrl Pts',(-8.2971401486288,60.1525765824308,15.6789633652323));
#1237=CARTESIAN_POINT('Ctrl Pts',(-7.62065742982093,53.9982573373413,24.6264026654875));
#1238=CARTESIAN_POINT('Ctrl Pts',(-6.69864805527359,48.2310997995067,31.8824284199955));
#1239=CARTESIAN_POINT('Ctrl Pts',(-6.09100136975101,45.4944952303892,35.5788584276636));
#1240=CARTESIAN_POINT('Ctrl Pts',(-5.88500217720525,44.6912174263662,36.7332148744062));
#1241=CARTESIAN_POINT('Ctrl Pts',(-20.5069872405247,65.1044576634044,1.06905808646845));
#1242=CARTESIAN_POINT('Ctrl Pts',(-20.3772575942137,64.2580310684172,3.28749132203094));
#1243=CARTESIAN_POINT('Ctrl Pts',(-20.0547932147147,62.3789386193848,7.58939205291267));
#1244=CARTESIAN_POINT('Ctrl Pts',(-19.1778338325938,58.1020309269425,15.6559697284901));
#1245=CARTESIAN_POINT('Ctrl Pts',(-17.6147213769736,52.1678812707499,24.6235095155899));
#1246=CARTESIAN_POINT('Ctrl Pts',(-15.4791540261049,46.5827194175127,31.9076929958606));
#1247=CARTESIAN_POINT('Ctrl Pts',(-14.0646821294751,43.898177478754,35.6412480851568));
#1248=CARTESIAN_POINT('Ctrl Pts',(-13.5835571488341,43.1022762785481,36.8144401136938));
#1249=CARTESIAN_POINT('Ctrl Pts',(-34.299692324873,59.4172522232059,0.997064026845371));
#1250=CARTESIAN_POINT('Ctrl Pts',(-34.0841237347394,58.6373828585527,3.21348073400448));
#1251=CARTESIAN_POINT('Ctrl Pts',(-33.5487943993087,56.9178478725417,7.51601953882752));
#1252=CARTESIAN_POINT('Ctrl Pts',(-32.0910863818011,53.0288990030957,15.5996150409671));
#1253=CARTESIAN_POINT('Ctrl Pts',(-29.4778173966012,47.6377327728638,24.6173134031689));
#1254=CARTESIAN_POINT('Ctrl Pts',(-25.8819843135245,42.5074264447063,31.9679191823686));
#1255=CARTESIAN_POINT('Ctrl Pts',(-23.4733664044357,39.9641210348378,35.7793666191049));
#1256=CARTESIAN_POINT('Ctrl Pts',(-22.6473073274491,39.1922239188399,36.9897568601985));
#1257=CARTESIAN_POINT('Ctrl Pts',(-50.9207221674904,46.7411676700599,0.846066459632734));
#1258=CARTESIAN_POINT('Ctrl Pts',(-50.6048593382512,46.1114339489164,3.05876235984212));
#1259=CARTESIAN_POINT('Ctrl Pts',(-49.8236778987881,44.7471556636235,7.3628496865511));
#1260=CARTESIAN_POINT('Ctrl Pts',(-47.6905949769584,41.715461565735,15.483400823343));
#1261=CARTESIAN_POINT('Ctrl Pts',(-43.8183263554963,37.5283910596139,24.6102175798822));
#1262=CARTESIAN_POINT('Ctrl Pts',(-38.4015299994753,33.4376999511389,32.0880542252144));
#1263=CARTESIAN_POINT('Ctrl Pts',(-34.6951524041484,31.2911201560716,35.9978715205815));
#1264=CARTESIAN_POINT('Ctrl Pts',(-33.4079130932855,30.617629491522,37.2447300964046));
#1265=CARTESIAN_POINT('Ctrl Pts',(-64.397356149629,26.6816146950221,0.640609546716171));
#1266=CARTESIAN_POINT('Ctrl Pts',(-64.003520346771,26.297411756787,2.85063387906446));
#1267=CARTESIAN_POINT('Ctrl Pts',(-63.0385059483567,25.4964364998989,7.15916586060384));
#1268=CARTESIAN_POINT('Ctrl Pts',(-60.4068104793007,23.7946741713187,15.3321809739399));
#1269=CARTESIAN_POINT('Ctrl Pts',(-55.5341491743242,21.4836812218953,24.6186788090359));
#1270=CARTESIAN_POINT('Ctrl Pts',(-48.5355761601052,19.1203728311353,32.2246456818393));
#1271=CARTESIAN_POINT('Ctrl Pts',(-43.6683927230761,17.7885766174746,36.1751004932507));
#1272=CARTESIAN_POINT('Ctrl Pts',(-41.9683461669811,17.3563180670719,37.4310385222022));
#1273=CARTESIAN_POINT('Ctrl Pts',(-67.9486762205297,8.89446091814866,0.552547325106508));
#1274=CARTESIAN_POINT('Ctrl Pts',(-67.5342074079459,8.75565232027792,2.76453591462));
#1275=CARTESIAN_POINT('Ctrl Pts',(-66.5259868645974,8.47660987001257,7.07998621141869));
#1276=CARTESIAN_POINT('Ctrl Pts',(-63.788185559813,7.91331585754693,15.2802785151582));
#1277=CARTESIAN_POINT('Ctrl Pts',(-58.6696872431734,7.17512419325439,24.6349141786597));
#1278=CARTESIAN_POINT('Ctrl Pts',(-51.2235313880642,6.40420247377568,32.2664259693906));
#1279=CARTESIAN_POINT('Ctrl Pts',(-46.023177115144,5.94133794674757,36.2151208248623));
#1280=CARTESIAN_POINT('Ctrl Pts',(-44.2026028358235,5.78610718077377,37.4700493078977));
#1281=CARTESIAN_POINT('Ctrl Pts',(-67.9486762205297,8.32131288397716E-15,
0.552547325106508));
#1282=CARTESIAN_POINT('Ctrl Pts',(-67.5341507269024,8.32533033040474E-15,
2.76466818846711));
#1283=CARTESIAN_POINT('Ctrl Pts',(-66.5257341637245,8.21484972932659E-15,
7.08022292431802));
#1284=CARTESIAN_POINT('Ctrl Pts',(-63.787479056523,7.65302228160063E-15,
15.2807649468944));
#1285=CARTESIAN_POINT('Ctrl Pts',(-58.6687213870153,6.54800680289193E-15,
24.6344765801299));
#1286=CARTESIAN_POINT('Ctrl Pts',(-51.2241441563456,5.60238297057222E-15,
32.2659327440588));
#1287=CARTESIAN_POINT('Ctrl Pts',(-46.0233267910578,5.41708710232788E-15,
36.2150258719193));
#1288=CARTESIAN_POINT('Ctrl Pts',(-44.2026028358235,5.41325760768729E-15,
37.4700493078977));
#1289=CARTESIAN_POINT('',(-67.9486762205297,-7.59909550493843E-15,0.552547325106509));
#1290=CARTESIAN_POINT('Ctrl Pts',(-67.9486762205297,-8.32131288397716E-15,
0.552547325106508));
#1291=CARTESIAN_POINT('Ctrl Pts',(-67.9486762205297,-8.89446091814866,0.552547325106508));
#1292=CARTESIAN_POINT('Ctrl Pts',(-66.1729819150119,-17.7881148076624,0.596581913205109));
#1293=CARTESIAN_POINT('Ctrl Pts',(-62.7583038114608,-25.9960177645594,0.657118351170342));
#1294=CARTESIAN_POINT('Ctrl Pts',(-59.3436257079097,-34.2039207214563,0.717654789135575));
#1295=CARTESIAN_POINT('Ctrl Pts',(-54.2899638063253,-41.7260727457366,0.794693076967439));
#1296=CARTESIAN_POINT('Ctrl Pts',(-47.9944298233364,-47.9946977233284,0.86434537659086));
#1297=CARTESIAN_POINT('Ctrl Pts',(-43.7974071680105,-52.1737810417229,0.910780243006474));
#1298=CARTESIAN_POINT('Ctrl Pts',(-39.0484413653938,-55.7957412282558,0.953932447996113));
#1299=CARTESIAN_POINT('Ctrl Pts',(-33.9155373715687,-58.7438771687525,0.989894623660284));
#1300=CARTESIAN_POINT('Ctrl Pts',(-28.7826333777435,-61.6920131092491,1.02585679932445));
#1301=CARTESIAN_POINT('Ctrl Pts',(-23.26579119271,-63.9663248037094,1.05462894566316));
#1302=CARTESIAN_POINT('Ctrl Pts',(-17.5486018770542,-65.4917126472674,1.07401722937592));
#1303=CARTESIAN_POINT('Ctrl Pts',(-14.6900072192262,-66.2544065690464,1.0837113712323));
#1304=CARTESIAN_POINT('Ctrl Pts',(-11.7813257787427,-66.8298695280998,1.0910595474322));
#1305=CARTESIAN_POINT('Ctrl Pts',(-8.84856825319185,-67.21324543406,1.09592945736535));
#1306=CARTESIAN_POINT('Ctrl Pts',(-5.91581072764103,-67.5966213400202,1.1007993672985));
#1307=CARTESIAN_POINT('Ctrl Pts',(-2.95897711702294,-67.7879101928872,1.1031910109649));
#1308=CARTESIAN_POINT('Ctrl Pts',(-0.0010826815673004,-67.7879638241613,
1.10319687150677));
#1309=CARTESIAN_POINT('Ctrl Pts',(5.91470618934398,-67.7880710867095,1.1032085925905));
#1310=CARTESIAN_POINT('Ctrl Pts',(11.8347383596055,-67.0232374628862,1.09367718117611));
#1311=CARTESIAN_POINT('Ctrl Pts',(17.5510122555462,-65.4976534586116,1.07427176315267));
#1312=CARTESIAN_POINT('Ctrl Pts',(28.9835600474275,-62.4464854500625,1.03546092710581));
#1313=CARTESIAN_POINT('Ctrl Pts',(39.6010747420257,-56.3523159197083,0.957154064622804));
#1314=CARTESIAN_POINT('Ctrl Pts',(47.9969398302288,-48.0000455837306,0.86454507582904));
#1315=CARTESIAN_POINT('Ctrl Pts',(54.2938386463811,-41.7358428317473,0.795088334233718));
#1316=CARTESIAN_POINT('Ctrl Pts',(59.3410595589362,-34.2014583766008,0.717586646588594));
#1317=CARTESIAN_POINT('Ctrl Pts',(62.7572413824635,-25.9926329291959,0.656938756589303));
#1318=CARTESIAN_POINT('Ctrl Pts',(64.4653322942271,-21.8882202054934,0.626614811589658));
#1319=CARTESIAN_POINT('Ctrl Pts',(65.7656634337337,-17.6151972337263,0.600504316001471));
#1320=CARTESIAN_POINT('Ctrl Pts',(66.6370870822699,-13.2549129556431,0.581960232153693));
#1321=CARTESIAN_POINT('Ctrl Pts',(67.5085107308061,-8.89462867755977,0.563416148305915));
#1322=CARTESIAN_POINT('Ctrl Pts',(67.9510268883717,-4.44708309316028,0.552438476198546));
#1323=CARTESIAN_POINT('Ctrl Pts',(67.9502490652739,0.000178096838245878,
0.552457917227154));
#1324=CARTESIAN_POINT('Ctrl Pts',(67.9486934190782,8.89470047683529,0.55249679928437));
#1325=CARTESIAN_POINT('Ctrl Pts',(66.1739618502285,17.7880852792284,0.596524133885494));
#1326=CARTESIAN_POINT('Ctrl Pts',(62.7592876074077,25.9959862875559,0.657071349512131));
#1327=CARTESIAN_POINT('Ctrl Pts',(59.3446133645868,34.2038872958835,0.717618565138768));
#1328=CARTESIAN_POINT('Ctrl Pts',(54.2899964477949,41.7263045101455,0.79468566179092));
#1329=CARTESIAN_POINT('Ctrl Pts',(47.9944966462337,47.9950705998,0.864353460326476));
#1330=CARTESIAN_POINT('Ctrl Pts',(43.7974967785263,52.1742479929031,0.91079865935018));
#1331=CARTESIAN_POINT('Ctrl Pts',(39.048993406477,55.7962471084028,0.953955281433174));
#1332=CARTESIAN_POINT('Ctrl Pts',(33.9159480795914,58.7444552245994,0.989918278694935));
#1333=CARTESIAN_POINT('Ctrl Pts',(28.7829027527057,61.692663340796,1.0258812759567));
#1334=CARTESIAN_POINT('Ctrl Pts',(23.2653154709838,63.9670804576893,1.05465064839722));
#1335=CARTESIAN_POINT('Ctrl Pts',(17.5484345839168,65.4913291147037,1.07400150932087));
#1336=CARTESIAN_POINT('Ctrl Pts',(11.8315536968498,67.0155777717181,1.09335237024452));
#1337=CARTESIAN_POINT('Ctrl Pts',(5.91537920443772,67.7896579688536,1.1032847196513));
#1338=CARTESIAN_POINT('Ctrl Pts',(-0.000288408926159001,67.7899559098101,
1.10328649121122));
#1339=CARTESIAN_POINT('Ctrl Pts',(-2.95812221560809,67.7901048802885,1.10328737699118));
#1340=CARTESIAN_POINT('Ctrl Pts',(-5.91582930252797,67.5968082867221,1.10080561830943));
#1341=CARTESIAN_POINT('Ctrl Pts',(-8.84886420237252,67.2127782362199,1.09590651732365));
#1342=CARTESIAN_POINT('Ctrl Pts',(-11.7818991022171,66.8287481857178,1.09100741633787));
#1343=CARTESIAN_POINT('Ctrl Pts',(-14.6902618149863,66.25398467828,1.08369097304806));
#1344=CARTESIAN_POINT('Ctrl Pts',(-17.5486839624557,65.4916619773082,1.07401374021332));
#1345=CARTESIAN_POINT('Ctrl Pts',(-23.2655282573944,63.9670165753647,1.05465927454383));
#1346=CARTESIAN_POINT('Ctrl Pts',(-28.7826102911337,61.6921343992853,1.0258616506946));
#1347=CARTESIAN_POINT('Ctrl Pts',(-33.915584142663,58.7438240893676,0.98989175773961));
#1348=CARTESIAN_POINT('Ctrl Pts',(-39.0485579941923,55.7955137794499,0.953921864784618));
#1349=CARTESIAN_POINT('Ctrl Pts',(-43.7974236635115,52.1737753356939,0.910779702723864));
#1350=CARTESIAN_POINT('Ctrl Pts',(-47.9944064633169,47.9947769719365,0.864348714195756));
#1351=CARTESIAN_POINT('Ctrl Pts',(-54.289880663025,41.7262794263004,0.794702231403593));
#1352=CARTESIAN_POINT('Ctrl Pts',(-59.343618406327,34.2039470606612,0.717655889059882));
#1353=CARTESIAN_POINT('Ctrl Pts',(-62.7583172957032,25.9959924336233,0.657117162485611));
#1354=CARTESIAN_POINT('Ctrl Pts',(-66.1730161850794,17.7880378065854,0.59657843591134));
#1355=CARTESIAN_POINT('Ctrl Pts',(-67.9486762205297,8.89446091814866,0.552547325106508));
#1356=CARTESIAN_POINT('Ctrl Pts',(-67.9486762205297,8.88178419700125E-15,
0.552547325106508));
#1357=CARTESIAN_POINT('',(-44.2026028358235,-4.99624018506521E-15,37.4700493078977));
#1358=CARTESIAN_POINT('Ctrl Pts',(-67.9486762205297,8.32131288397716E-15,
0.552547325106508));
#1359=CARTESIAN_POINT('Ctrl Pts',(-67.5341507269024,8.32533033040474E-15,
2.76466818846711));
#1360=CARTESIAN_POINT('Ctrl Pts',(-66.5257341637245,8.21484972932659E-15,
7.08022292431802));
#1361=CARTESIAN_POINT('Ctrl Pts',(-63.787479056523,7.65302228160063E-15,
15.2807649468944));
#1362=CARTESIAN_POINT('Ctrl Pts',(-58.6687213870153,6.54800680289193E-15,
24.6344765801299));
#1363=CARTESIAN_POINT('Ctrl Pts',(-51.2241441563456,5.60238297057222E-15,
32.2659327440588));
#1364=CARTESIAN_POINT('Ctrl Pts',(-46.0233267910578,5.41708710232788E-15,
36.2150258719193));
#1365=CARTESIAN_POINT('Ctrl Pts',(-44.2026028358235,5.41325760768729E-15,
37.4700493078977));
#1366=CARTESIAN_POINT('Ctrl Pts',(-44.2026028358235,-5.41325760768729E-15,
37.4700493078977));
#1367=CARTESIAN_POINT('Ctrl Pts',(-44.2026028358235,-5.78610718077377,37.4700493078977));
#1368=CARTESIAN_POINT('Ctrl Pts',(-43.0854163002633,-11.5712608966008,37.450561563003));
#1369=CARTESIAN_POINT('Ctrl Pts',(-40.9218078785086,-16.950276508952,37.4058649810806));
#1370=CARTESIAN_POINT('Ctrl Pts',(-38.7581994567538,-22.3292921213031,37.3611683991582));
#1371=CARTESIAN_POINT('Ctrl Pts',(-35.5481691488044,-27.3021696301785,37.2912629802081));
#1372=CARTESIAN_POINT('Ctrl Pts',(-31.4969920311354,-31.4963410970184,37.197782467889));
#1373=CARTESIAN_POINT('Ctrl Pts',(-28.7962072860228,-34.2924554082451,37.1354621263429));
#1374=CARTESIAN_POINT('Ctrl Pts',(-25.7215795143681,-36.7424781452338,37.0626639655218));
#1375=CARTESIAN_POINT('Ctrl Pts',(-22.3717244909743,-38.7493192280045,36.9911386654312));
#1376=CARTESIAN_POINT('Ctrl Pts',(-19.0218694675805,-40.7561603107752,36.9196133653407));
#1377=CARTESIAN_POINT('Ctrl Pts',(-15.3967871924476,-42.3198197393279,36.8493609259808));
#1378=CARTESIAN_POINT('Ctrl Pts',(-11.6215271327073,-43.3712686094481,36.7990855091156));
#1379=CARTESIAN_POINT('Ctrl Pts',(-9.73389710283717,-43.8969930445082,36.773947800683));
#1380=CARTESIAN_POINT('Ctrl Pts',(-7.80872262681518,-44.2946648399601,36.7538043478741));
#1381=CARTESIAN_POINT('Ctrl Pts',(-5.86611165652591,-44.5598866400687,36.7398192850088));
#1382=CARTESIAN_POINT('Ctrl Pts',(-3.92350068623665,-44.8251084401774,36.7258342221436));
#1383=CARTESIAN_POINT('Ctrl Pts',(-1.96345322168012,-44.9578802449428,36.7180075492219));
#1384=CARTESIAN_POINT('Ctrl Pts',(-0.00172632726045063,-44.9578618389923,
36.7180964075683));
#1385=CARTESIAN_POINT('Ctrl Pts',(3.92172746157889,-44.9578250270912,36.7182741242611));
#1386=CARTESIAN_POINT('Ctrl Pts',(7.85189896987078,-44.4266273723266,36.7501139660261));
#1387=CARTESIAN_POINT('Ctrl Pts',(11.6257235616768,-43.3751795736493,36.8001421115117));
#1388=CARTESIAN_POINT('Ctrl Pts',(19.1733727452887,-41.2722839762946,36.900198402483));
#1389=CARTESIAN_POINT('Ctrl Pts',(26.0956342629571,-37.0883878032893,37.0730079083368));
#1390=CARTESIAN_POINT('Ctrl Pts',(31.5009698121876,-31.5000718226929,37.1987029206793));
#1391=CARTESIAN_POINT('Ctrl Pts',(35.5549714741105,-27.3088348372456,37.2929741799361));
#1392=CARTESIAN_POINT('Ctrl Pts',(38.7557022787871,-22.3276117100283,37.3607435365928));
#1393=CARTESIAN_POINT('Ctrl Pts',(40.919726381065,-16.9482360648309,37.4052119994157));
#1394=CARTESIAN_POINT('Ctrl Pts',(42.001738432204,-14.2585482422322,37.4274462308272));
#1395=CARTESIAN_POINT('Ctrl Pts',(42.8245738077433,-11.4693222901384,37.4438552387803));
#1396=CARTESIAN_POINT('Ctrl Pts',(43.3750588072971,-8.62789618992378,37.4544654743136));
#1397=CARTESIAN_POINT('Ctrl Pts',(43.925543806851,-5.78647008970914,37.4650757098469));
#1398=CARTESIAN_POINT('Ctrl Pts',(44.2036784304193,-2.89284384137358,37.4698871729605));
#1399=CARTESIAN_POINT('Ctrl Pts',(44.2030853395105,0.000353308434127841,
37.4698665238322));
#1400=CARTESIAN_POINT('Ctrl Pts',(44.2018991576927,5.78674760804954,37.4698252255755));
#1401=CARTESIAN_POINT('Ctrl Pts',(43.0858021179658,11.5714255135535,37.4504554783512));
#1402=CARTESIAN_POINT('Ctrl Pts',(40.9223309987692,16.9503444958872,37.405804129788));
#1403=CARTESIAN_POINT('Ctrl Pts',(38.7588598795726,22.3292634782209,37.3611527812248));
#1404=CARTESIAN_POINT('Ctrl Pts',(35.5480146809063,27.3024235373843,37.2912198313228));
#1405=CARTESIAN_POINT('Ctrl Pts',(31.4970092881166,31.4966708992081,37.1977822417827));
#1406=CARTESIAN_POINT('Ctrl Pts',(28.7963390262567,34.2928358070907,37.1354905154227));
#1407=CARTESIAN_POINT('Ctrl Pts',(25.7222642336754,36.7428172939334,37.0627522825569));
#1408=CARTESIAN_POINT('Ctrl Pts',(22.3721900768128,38.7497206213882,36.9911971976361));
#1409=CARTESIAN_POINT('Ctrl Pts',(19.0221159199503,40.7566239488431,36.9196421127153));
#1410=CARTESIAN_POINT('Ctrl Pts',(15.3960423988065,42.32044911691,36.8492701757396));
#1411=CARTESIAN_POINT('Ctrl Pts',(11.6212472047112,43.3709809047283,36.7990458999722));
#1412=CARTESIAN_POINT('Ctrl Pts',(7.84645201061599,44.4215126925466,36.7488216242049));
#1413=CARTESIAN_POINT('Ctrl Pts',(3.92293514356929,44.9587511001163,36.7187450096459));
#1414=CARTESIAN_POINT('Ctrl Pts',(-0.000296774530010868,44.9591129434612,
36.7185555288062));
#1415=CARTESIAN_POINT('Ctrl Pts',(-1.96191273357966,44.9592938651337,36.7184607883863));
#1416=CARTESIAN_POINT('Ctrl Pts',(-3.92345745539245,44.82525564575,36.7258378313963));
#1417=CARTESIAN_POINT('Ctrl Pts',(-5.86654918775245,44.5596188925808,36.7396795078122));
#1418=CARTESIAN_POINT('Ctrl Pts',(-7.80964092011245,44.2939821394117,36.7535211842281));
#1419=CARTESIAN_POINT('Ctrl Pts',(-9.73427966301967,43.8967468524572,36.77382749405));
#1420=CARTESIAN_POINT('Ctrl Pts',(-11.6216221701988,43.3712531705069,36.7990528170316));
#1421=CARTESIAN_POINT('Ctrl Pts',(-15.3963071845571,42.3202658066065,36.8495034629948));
#1422=CARTESIAN_POINT('Ctrl Pts',(-19.0218072560031,40.7562448627232,36.9196301615966));
#1423=CARTESIAN_POINT('Ctrl Pts',(-22.3717866868456,38.7492923297361,36.991118258927));
#1424=CARTESIAN_POINT('Ctrl Pts',(-25.7217661176881,36.7423397967491,37.0626063562574));
#1425=CARTESIAN_POINT('Ctrl Pts',(-28.796224907927,34.2924556746582,37.1354558523163));
#1426=CARTESIAN_POINT('Ctrl Pts',(-31.49694348944,31.4963940589587,37.1977963925313));
#1427=CARTESIAN_POINT('Ctrl Pts',(-35.5480213617094,27.3023016354094,37.291307202854));
#1428=CARTESIAN_POINT('Ctrl Pts',(-38.7581837643453,22.3293098512407,37.3611728625281));
#1429=CARTESIAN_POINT('Ctrl Pts',(-40.9218291328738,16.9502612375817,37.405858388789));
#1430=CARTESIAN_POINT('Ctrl Pts',(-43.0854745014023,11.5712126239228,37.4505439150499));
#1431=CARTESIAN_POINT('Ctrl Pts',(-44.2026028358235,5.78610718077377,37.4700493078977));
#1432=CARTESIAN_POINT('Ctrl Pts',(-44.2026028358235,4.44089209850063E-15,
37.4700493078977));
#1433=CARTESIAN_POINT('Ctrl Pts',(-65.,-7.96020419445779E-15,0.));
#1434=CARTESIAN_POINT('Ctrl Pts',(-63.803822359579,-7.96020419445779E-15,
6.38341804144804));
#1435=CARTESIAN_POINT('Ctrl Pts',(-61.2515931844881,-7.28539881533578E-15,
14.2383930092563));
#1436=CARTESIAN_POINT('Ctrl Pts',(-54.8352678751906,-6.08038920976077E-15,
24.2467877541926));
#1437=CARTESIAN_POINT('Ctrl Pts',(-49.2335605051925,-5.37345024115675E-15,
30.0113379292789));
#1438=CARTESIAN_POINT('Ctrl Pts',(-44.2465309978788,-5.20474889637625E-15,
33.7961177048838));
#1439=CARTESIAN_POINT('Ctrl Pts',(-42.5,-5.20474889637625E-15,35.));
#1440=CARTESIAN_POINT('Ctrl Pts',(-65.,-6.80678408277789,0.));
#1441=CARTESIAN_POINT('Ctrl Pts',(-63.803822359579,-6.47018486989327,6.38341804144803));
#1442=CARTESIAN_POINT('Ctrl Pts',(-61.2515859457608,-6.02104074631164,14.2383930092563));
#1443=CARTESIAN_POINT('Ctrl Pts',(-54.835270822152,-5.34832801716996,24.2467877541926));
#1444=CARTESIAN_POINT('Ctrl Pts',(-49.2335630013779,-4.89950757175572,30.0113379292789));
#1445=CARTESIAN_POINT('Ctrl Pts',(-44.2465309978788,-4.56278933021375,33.7961177048838));
#1446=CARTESIAN_POINT('Ctrl Pts',(-42.5,-4.45058959258555,35.));
#1447=CARTESIAN_POINT('Ctrl Pts',(-62.846958254429,-20.4229476826001,0.));
#1448=CARTESIAN_POINT('Ctrl Pts',(-61.6986277196249,-19.4804698865231,6.38341804144805));
#1449=CARTESIAN_POINT('Ctrl Pts',(-59.2107299762203,-18.1085515023024,14.2383930092563));
#1450=CARTESIAN_POINT('Ctrl Pts',(-52.9832117775611,-16.0166376177019,24.2467877541926));
#1451=CARTESIAN_POINT('Ctrl Pts',(-47.5658869381685,-14.6388905469244,30.0113379292789));
#1452=CARTESIAN_POINT('Ctrl Pts',(-42.7689116935518,-13.6676250578283,33.7961177048838));
#1453=CARTESIAN_POINT('Ctrl Pts',(-41.0922419355882,-13.3534657924693,35.));
#1454=CARTESIAN_POINT('Ctrl Pts',(-54.496856661099,-36.7863846498917,0.));
#1455=CARTESIAN_POINT('Ctrl Pts',(-53.5143960924332,-35.2155883230968,6.38341804144803));
#1456=CARTESIAN_POINT('Ctrl Pts',(-51.3240219497492,-32.695367888206,14.2383930092563));
#1457=CARTESIAN_POINT('Ctrl Pts',(-45.8860623309161,-28.7938518017549,24.2467877541926));
#1458=CARTESIAN_POINT('Ctrl Pts',(-41.1865964582635,-26.2535017790765,30.0113379292789));
#1459=CARTESIAN_POINT('Ctrl Pts',(-37.0670442508225,-24.5762348928352,33.7961177048839));
#1460=CARTESIAN_POINT('Ctrl Pts',(-35.6325601245647,-24.0526361172369,35.));
#1461=CARTESIAN_POINT('Ctrl Pts',(-40.7634317050396,-52.057844290142,0.));
#1462=CARTESIAN_POINT('Ctrl Pts',(-40.0393455067048,-49.9484892227318,6.38341804144804));
#1463=CARTESIAN_POINT('Ctrl Pts',(-38.3743951819827,-46.33921491556,14.2383930092563));
#1464=CARTESIAN_POINT('Ctrl Pts',(-34.2757678274788,-40.6969157948394,24.2467877541926));
#1465=CARTESIAN_POINT('Ctrl Pts',(-30.759052260903,-37.0494732195258,30.0113379292789));
#1466=CARTESIAN_POINT('Ctrl Pts',(-27.7102464686265,-34.7409396224348,33.7961177048838));
#1467=CARTESIAN_POINT('Ctrl Pts',(-26.6530130379105,-34.0378212666313,35.));
#1468=CARTESIAN_POINT('Ctrl Pts',(-24.7027255784519,-61.3325721814666,0.));
#1469=CARTESIAN_POINT('Ctrl Pts',(-24.2678485518455,-58.9240178137144,6.38341804144804));
#1470=CARTESIAN_POINT('Ctrl Pts',(-23.2491431777995,-54.6422115665812,14.2383930092563));
#1471=CARTESIAN_POINT('Ctrl Pts',(-20.7542111540467,-47.913811549438,24.2467877541926));
#1472=CARTESIAN_POINT('Ctrl Pts',(-18.6225110844326,-43.581076456308,30.0113379292789));
#1473=CARTESIAN_POINT('Ctrl Pts',(-16.7867431562166,-40.904917882261,33.7961177048839));
#1474=CARTESIAN_POINT('Ctrl Pts',(-16.1517821089878,-40.1020664263436,35.));
#1475=CARTESIAN_POINT('Ctrl Pts',(-4.61062899969403,-65.5930598287036,0.));
#1476=CARTESIAN_POINT('Ctrl Pts',(-4.52982055465225,-63.0498657757975,6.38341804144804));
#1477=CARTESIAN_POINT('Ctrl Pts',(-4.33865573898689,-58.4579464029364,14.2383930092563));
#1478=CARTESIAN_POINT('Ctrl Pts',(-3.87216175899102,-51.227807535872,24.2467877541926));
#1479=CARTESIAN_POINT('Ctrl Pts',(-3.47423148341026,-46.5789699624676,30.0113379292789));
#1480=CARTESIAN_POINT('Ctrl Pts',(-3.13262991011818,-43.7355012389672,33.7961177048838));
#1481=CARTESIAN_POINT('Ctrl Pts',(-3.01464203826148,-42.8877698879985,35.));
#1482=CARTESIAN_POINT('Ctrl Pts',(9.14870258802266,-64.8753055797515,0.));
#1483=CARTESIAN_POINT('Ctrl Pts',(8.98814896695282,-62.3545514743711,6.38341804144803));
#1484=CARTESIAN_POINT('Ctrl Pts',(8.60958753408092,-57.8153193898239,14.2383930092563));
#1485=CARTESIAN_POINT('Ctrl Pts',(7.68419270485468,-50.6694708598374,24.2467877541926));
#1486=CARTESIAN_POINT('Ctrl Pts',(6.89463920809543,-46.074020340617,30.0113379292789));
#1487=CARTESIAN_POINT('Ctrl Pts',(6.21626727157625,-43.2587204013746,33.7961177048838));
#1488=CARTESIAN_POINT('Ctrl Pts',(5.98184399986097,-42.4184690329144,35.));
#1489=CARTESIAN_POINT('Ctrl Pts',(24.5125731619948,-60.754994196223,0.));
#1490=CARTESIAN_POINT('Ctrl Pts',(24.0803543079227,-58.3651397847422,6.38341804144805));
#1491=CARTESIAN_POINT('Ctrl Pts',(23.0712594297671,-54.1251396259474,14.2383930092563));
#1492=CARTESIAN_POINT('Ctrl Pts',(20.5974149453424,-47.464374185942,24.2467877541926));
#1493=CARTESIAN_POINT('Ctrl Pts',(18.4822263923078,-43.1742809419381,30.0113379292789));
#1494=CARTESIAN_POINT('Ctrl Pts',(16.6585315500763,-40.5210374193061,33.7961177048838));
#1495=CARTESIAN_POINT('Ctrl Pts',(16.0274516828427,-39.7244192821458,35.));
#1496=CARTESIAN_POINT('Ctrl Pts',(38.8395394054668,-53.4601105744448,0.));
#1497=CARTESIAN_POINT('Ctrl Pts',(38.1505410845843,-51.3058756119832,6.38341804144804));
#1498=CARTESIAN_POINT('Ctrl Pts',(36.5618528798197,-47.5947171687928,14.2383930092563));
#1499=CARTESIAN_POINT('Ctrl Pts',(32.6541347268685,-41.7879233864127,24.2467877541926));
#1500=CARTESIAN_POINT('Ctrl Pts',(29.3032617476296,-38.0367007889182,30.0113379292789));
#1501=CARTESIAN_POINT('Ctrl Pts',(26.4010853121988,-35.6727660041113,33.7961177048838));
#1502=CARTESIAN_POINT('Ctrl Pts',(25.3950834574206,-34.9546876832908,35.));
#1503=CARTESIAN_POINT('Ctrl Pts',(53.4597835536114,-38.8401404086462,0.));
#1504=CARTESIAN_POINT('Ctrl Pts',(52.4980567307129,-37.1908042655116,6.38341804144804));
#1505=CARTESIAN_POINT('Ctrl Pts',(50.3443023522541,-34.5264219542282,14.2383930092563));
#1506=CARTESIAN_POINT('Ctrl Pts',(45.0040299468409,-30.3973302182807,24.2467877541926));
#1507=CARTESIAN_POINT('Ctrl Pts',(40.3937021243134,-27.7109204774769,30.0113379292789));
#1508=CARTESIAN_POINT('Ctrl Pts',(36.3586847842712,-25.9452551354161,33.7961177048838));
#1509=CARTESIAN_POINT('Ctrl Pts',(34.9544738619767,-25.3954764210379,35.));
#1510=CARTESIAN_POINT('Ctrl Pts',(62.8445894959376,-20.4195545358372,0.));
#1511=CARTESIAN_POINT('Ctrl Pts',(61.6962589611335,-19.4770767397603,6.38341804144804));
#1512=CARTESIAN_POINT('Ctrl Pts',(59.2084328159397,-18.1051874819922,14.2383930092563));
#1513=CARTESIAN_POINT('Ctrl Pts',(52.9814550067291,-16.0141510136252,24.2467877541926));
#1514=CARTESIAN_POINT('Ctrl Pts',(47.5643324886762,-14.636689186642,30.0113379292789));
#1515=CARTESIAN_POINT('Ctrl Pts',(42.7673628899228,-13.6654064618679,33.7961177048838));
#1516=CARTESIAN_POINT('Ctrl Pts',(41.0906931319592,-13.351247196509,35.));
#1517=CARTESIAN_POINT('Ctrl Pts',(65.0010161654555,-6.80665606161598,0.));
#1518=CARTESIAN_POINT('Ctrl Pts',(63.8048385250345,-6.47005684873136,6.38341804144804));
#1519=CARTESIAN_POINT('Ctrl Pts',(61.2525137129224,-6.02122677480033,14.2383930092563));
#1520=CARTESIAN_POINT('Ctrl Pts',(54.8360479367594,-5.34810679375041,24.2467877541926));
#1521=CARTESIAN_POINT('Ctrl Pts',(49.2342497307361,-4.89931659871943,30.0113379292789));
#1522=CARTESIAN_POINT('Ctrl Pts',(44.2471954137535,-4.56270562406942,33.7961177048838));
#1523=CARTESIAN_POINT('Ctrl Pts',(42.5006644158748,-4.45050588644122,35.));
#1524=CARTESIAN_POINT('Ctrl Pts',(65.0010213756064,6.80677177757879,0.));
#1525=CARTESIAN_POINT('Ctrl Pts',(63.8048437351854,6.47017256469417,6.38341804144803));
#1526=CARTESIAN_POINT('Ctrl Pts',(61.2525116298457,6.02134199531306,14.2383930092563));
#1527=CARTESIAN_POINT('Ctrl Pts',(54.8360547058627,5.34819139134942,24.2467877541926));
#1528=CARTESIAN_POINT('Ctrl Pts',(49.2342556104649,4.89939149969535,30.0113379292789));
#1529=CARTESIAN_POINT('Ctrl Pts',(44.2471988203906,4.56278128450665,33.7961177048838));
#1530=CARTESIAN_POINT('Ctrl Pts',(42.5006678225119,4.45058154687844,35.));
#1531=CARTESIAN_POINT('Ctrl Pts',(62.8446177101028,20.4190697746688,0.));
#1532=CARTESIAN_POINT('Ctrl Pts',(61.6962871752987,19.4765919785919,6.38341804144805));
#1533=CARTESIAN_POINT('Ctrl Pts',(59.2084681140291,18.104698188442,14.2383930092563));
#1534=CARTESIAN_POINT('Ctrl Pts',(52.9814727004151,16.013799304704,24.2467877541926));
#1535=CARTESIAN_POINT('Ctrl Pts',(47.5643482667652,14.6363776876426,30.0113379292789));
#1536=CARTESIAN_POINT('Ctrl Pts',(42.7673813376462,13.6650895026424,33.7961177048839));
#1537=CARTESIAN_POINT('Ctrl Pts',(41.0907115796826,13.3509302372835,35.));
#1538=CARTESIAN_POINT('Ctrl Pts',(53.4598384621216,38.8412089485506,0.));
#1539=CARTESIAN_POINT('Ctrl Pts',(52.4981116392231,37.191872805416,6.38341804144803));
#1540=CARTESIAN_POINT('Ctrl Pts',(50.3443330073946,34.527445621887,14.2383930092563));
#1541=CARTESIAN_POINT('Ctrl Pts',(45.0040798674313,30.3981278115863,24.2467877541926));
#1542=CARTESIAN_POINT('Ctrl Pts',(40.3937459480628,27.7116260211783,30.0113379292789));
#1543=CARTESIAN_POINT('Ctrl Pts',(36.3587206859894,25.9459537961229,33.7961177048838));
#1544=CARTESIAN_POINT('Ctrl Pts',(34.9545097636949,25.3961750817447,35.));
#1545=CARTESIAN_POINT('Ctrl Pts',(38.8397133098528,53.4581788767153,0.));
#1546=CARTESIAN_POINT('Ctrl Pts',(38.1507149889704,51.3039439142537,6.38341804144805));
#1547=CARTESIAN_POINT('Ctrl Pts',(36.5620215581639,47.5928906815446,14.2383930092563));
#1548=CARTESIAN_POINT('Ctrl Pts',(32.6542636892922,41.7864716961194,24.2467877541926));
#1549=CARTESIAN_POINT('Ctrl Pts',(29.303375858356,38.0354170053511,30.0113379292789));
#1550=CARTESIAN_POINT('Ctrl Pts',(26.4011990189127,35.6715029709805,33.7961177048838));
#1551=CARTESIAN_POINT('Ctrl Pts',(25.3951971641346,34.95342465016,35.));
#1552=CARTESIAN_POINT('Ctrl Pts',(20.4194215200929,62.8444055513801,0.));
#1553=CARTESIAN_POINT('Ctrl Pts',(20.0605682279666,60.3872312973223,6.38341804144804));
#1554=CARTESIAN_POINT('Ctrl Pts',(19.2169619148428,55.9958553945624,14.2383930092563));
#1555=CARTESIAN_POINT('Ctrl Pts',(17.1528773956262,49.0900930623968,24.2467877541926));
#1556=CARTESIAN_POINT('Ctrl Pts',(15.3907123888214,44.6455885348511,30.0113379292789));
#1557=CARTESIAN_POINT('Ctrl Pts',(13.8751195240398,41.9096309452036,33.7961177048838));
#1558=CARTESIAN_POINT('Ctrl Pts',(13.3511602246761,41.0905728605177,35.));
#1559=CARTESIAN_POINT('Ctrl Pts',(4.63787981841305E-5,66.077921855803,0.));
#1560=CARTESIAN_POINT('Ctrl Pts',(4.63787981839712E-5,63.5197678378798,
6.38341804144804));
#1561=CARTESIAN_POINT('Ctrl Pts',(3.58217058150502E-5,58.8928021195494,
14.2383930092563));
#1562=CARTESIAN_POINT('Ctrl Pts',(3.81236611614292E-5,51.604638016711,24.2467877541926));
#1563=CARTESIAN_POINT('Ctrl Pts',(3.35922139315769E-5,46.9196827787286,
30.0113379292789));
#1564=CARTESIAN_POINT('Ctrl Pts',(3.03245988111289E-5,44.0575130655379,
33.7961177048838));
#1565=CARTESIAN_POINT('Ctrl Pts',(3.03245988109697E-5,43.2047950595635,
35.));
#1566=CARTESIAN_POINT('Ctrl Pts',(-20.419502176472,62.8459124181685,0.));
#1567=CARTESIAN_POINT('Ctrl Pts',(-20.0606488843457,60.3887381641107,6.38341804144803));
#1568=CARTESIAN_POINT('Ctrl Pts',(-19.2170382812913,55.9971157960622,14.2383930092563));
#1569=CARTESIAN_POINT('Ctrl Pts',(-17.1529379677574,49.0912924142084,24.2467877541926));
#1570=CARTESIAN_POINT('Ctrl Pts',(-15.3907659565682,44.6466466697867,30.0113379292789));
#1571=CARTESIAN_POINT('Ctrl Pts',(-13.875172260903,41.9106162042576,33.7961177048838));
#1572=CARTESIAN_POINT('Ctrl Pts',(-13.3512129615394,41.0915581195717,35.));
#1573=CARTESIAN_POINT('Ctrl Pts',(-38.8396474996557,53.458021037173,0.));
#1574=CARTESIAN_POINT('Ctrl Pts',(-38.1506491787732,51.3037860747114,6.38341804144805));
#1575=CARTESIAN_POINT('Ctrl Pts',(-36.56194538565,47.5927545753053,14.2383930092563));
#1576=CARTESIAN_POINT('Ctrl Pts',(-32.6542199101088,41.7863477300972,24.2467877541926));
#1577=CARTESIAN_POINT('Ctrl Pts',(-29.3033369310166,38.0353075770814,30.0113379292789));
#1578=CARTESIAN_POINT('Ctrl Pts',(-26.4011559891684,35.6713997682029,33.7961177048838));
#1579=CARTESIAN_POINT('Ctrl Pts',(-25.3951541343903,34.9533214473824,35.));
#1580=CARTESIAN_POINT('Ctrl Pts',(-53.4596783096455,38.841531454349,0.));
#1581=CARTESIAN_POINT('Ctrl Pts',(-52.497951486747,37.1921953112143,6.38341804144802));
#1582=CARTESIAN_POINT('Ctrl Pts',(-50.3442411239949,34.5277221628787,14.2383930092563));
#1583=CARTESIAN_POINT('Ctrl Pts',(-45.0039352693026,30.3983817396469,24.2467877541926));
#1584=CARTESIAN_POINT('Ctrl Pts',(-40.3936189788002,27.7118501479278,30.0113379292789));
#1585=CARTESIAN_POINT('Ctrl Pts',(-36.3586159709089,25.9461646652987,33.7961177048838));
#1586=CARTESIAN_POINT('Ctrl Pts',(-34.9544050486143,25.3963859509205,35.));
#1587=CARTESIAN_POINT('Ctrl Pts',(-62.8443263253041,20.4189793282759,0.));
#1588=CARTESIAN_POINT('Ctrl Pts',(-61.6959957905,19.476501532199,6.38341804144805));
#1589=CARTESIAN_POINT('Ctrl Pts',(-59.2081361526991,18.1046077967707,14.2383930092563));
#1590=CARTESIAN_POINT('Ctrl Pts',(-52.9812767019229,16.0137333165544,24.2467877541926));
#1591=CARTESIAN_POINT('Ctrl Pts',(-47.5641740808694,14.6363192579001,30.0113379292789));
#1592=CARTESIAN_POINT('Ctrl Pts',(-42.7671908168163,13.6650303646163,33.7961177048838));
#1593=CARTESIAN_POINT('Ctrl Pts',(-41.0905210588527,13.3508710992573,35.));
#1594=CARTESIAN_POINT('Ctrl Pts',(-65.,6.8067840827779,0.));
#1595=CARTESIAN_POINT('Ctrl Pts',(-63.803822359579,6.47018486989328,6.38341804144804));
#1596=CARTESIAN_POINT('Ctrl Pts',(-61.2517955075372,6.02137434108877,14.2383930092563));
#1597=CARTESIAN_POINT('Ctrl Pts',(-54.8351855073657,5.34819220725459,24.2467877541926));
#1598=CARTESIAN_POINT('Ctrl Pts',(-49.233490736595,4.89939253572885,30.0113379292789));
#1599=CARTESIAN_POINT('Ctrl Pts',(-44.2465309978788,4.56278933021376,33.7961177048838));
#1600=CARTESIAN_POINT('Ctrl Pts',(-42.5,4.45058959258555,35.));
#1601=CARTESIAN_POINT('Ctrl Pts',(-65.,7.96020419445779E-15,0.));
#1602=CARTESIAN_POINT('Ctrl Pts',(-63.803822359579,7.96020419445779E-15,
6.38341804144804));
#1603=CARTESIAN_POINT('Ctrl Pts',(-61.2515931844881,7.28539881533578E-15,
14.2383930092563));
#1604=CARTESIAN_POINT('Ctrl Pts',(-54.8352678751906,6.08038920976077E-15,
24.2467877541926));
#1605=CARTESIAN_POINT('Ctrl Pts',(-49.2335605051925,5.37345024115675E-15,
30.0113379292789));
#1606=CARTESIAN_POINT('Ctrl Pts',(-44.2465309978788,5.20474889637625E-15,
33.7961177048838));
#1607=CARTESIAN_POINT('Ctrl Pts',(-42.5,5.20474889637625E-15,35.));
#1608=CARTESIAN_POINT('',(-65.,-7.96020419445779E-15,0.));
#1609=CARTESIAN_POINT('Origin',(0.,0.,0.));
#1610=CARTESIAN_POINT('',(-42.5,-5.20474889637625E-15,35.));
#1611=CARTESIAN_POINT('Ctrl Pts',(-65.,8.88178419700125E-15,0.));
#1612=CARTESIAN_POINT('Ctrl Pts',(-63.803822359579,8.88178419700125E-15,
6.38341804144804));
#1613=CARTESIAN_POINT('Ctrl Pts',(-61.8896504782608,7.7715611723761E-15,
12.2746492673042));
#1614=CARTESIAN_POINT('Ctrl Pts',(-59.0049855169447,6.66133814775094E-15,
17.5006051031194));
#1615=CARTESIAN_POINT('Ctrl Pts',(-58.0434305298393,6.66133814775094E-15,
19.2425903817244));
#1616=CARTESIAN_POINT('Ctrl Pts',(-56.9740429782897,6.66133814775094E-15,
20.9106561725472));
#1617=CARTESIAN_POINT('Ctrl Pts',(-55.7943089964235,6.66133814775094E-15,
22.5030792143528));
#1618=CARTESIAN_POINT('Ctrl Pts',(-53.4348410326911,5.55111512312578E-15,
25.6879252979642));
#1619=CARTESIAN_POINT('Ctrl Pts',(-50.633987347692,4.44089209850063E-15,
28.5702003855073));
#1620=CARTESIAN_POINT('Ctrl Pts',(-47.4839118938862,6.66133814775094E-15,
31.213083092735));
#1621=CARTESIAN_POINT('Ctrl Pts',(-45.9088741669833,6.10622663543836E-15,
32.5345244463488));
#1622=CARTESIAN_POINT('Ctrl Pts',(-44.2465309978788,4.44089209850063E-15,
33.7961177048838));
#1623=CARTESIAN_POINT('Ctrl Pts',(-42.5,4.44089209850063E-15,35.));
#1624=CARTESIAN_POINT('Origin',(0.,0.,35.));
#1625=CARTESIAN_POINT('Ctrl Pts',(-65.,-7.96020419445779E-15,0.));
#1626=CARTESIAN_POINT('Ctrl Pts',(-65.9828920735099,-8.08057375763092E-15,
0.184182441702169));
#1627=CARTESIAN_POINT('Ctrl Pts',(-66.9657841470198,-8.20094332080404E-15,
0.368364883404339));
#1628=CARTESIAN_POINT('Ctrl Pts',(-67.9486762205297,-8.32131288397716E-15,
0.552547325106508));
#1629=CARTESIAN_POINT('Ctrl Pts',(-65.,-9.72397726111127,0.));
#1630=CARTESIAN_POINT('Ctrl Pts',(-65.9831423086526,-9.8709047596524,0.183980376016229));
#1631=CARTESIAN_POINT('Ctrl Pts',(-66.9655339118771,-10.0181706936288,0.36856694909028));
#1632=CARTESIAN_POINT('Ctrl Pts',(-67.9486762205297,-10.1650981921699,0.552547325106508));
#1633=CARTESIAN_POINT('Ctrl Pts',(-60.5691524652876,-29.1686708202184,0.));
#1634=CARTESIAN_POINT('Ctrl Pts',(-61.477377143536,-29.6095934079558,0.22273602275539));
#1635=CARTESIAN_POINT('Ctrl Pts',(-62.3861021797655,-30.0503045712982,0.445090763957338));
#1636=CARTESIAN_POINT('Ctrl Pts',(-63.2943268580138,-30.4912271590356,0.667826786712728));
#1637=CARTESIAN_POINT('Ctrl Pts',(-43.9822326222886,-49.9534293274592,0.));
#1638=CARTESIAN_POINT('Ctrl Pts',(-44.6255476327835,-50.68840589958,0.302766141016211));
#1639=CARTESIAN_POINT('Ctrl Pts',(-45.2686247425812,-51.4234506915119,0.605677560809815));
#1640=CARTESIAN_POINT('Ctrl Pts',(-45.911939753076,-52.1584272636327,0.908443701826026));
#1641=CARTESIAN_POINT('Ctrl Pts',(-24.101778501897,-61.4140032672012,0.));
#1642=CARTESIAN_POINT('Ctrl Pts',(-24.447735084413,-62.298878227044,0.351748567001912));
#1643=CARTESIAN_POINT('Ctrl Pts',(-24.7938019408056,-63.1837779074739,0.703494720476765));
#1644=CARTESIAN_POINT('Ctrl Pts',(-25.1397585233216,-64.0686528673166,1.05524328747868));
#1645=CARTESIAN_POINT('Ctrl Pts',(-4.93162779284753,-65.7940156417332,0.));
#1646=CARTESIAN_POINT('Ctrl Pts',(-5.00180501986891,-66.7338869272399,0.371366317587842));
#1647=CARTESIAN_POINT('Ctrl Pts',(-5.07192156178663,-67.6737184130778,0.74267981100258));
#1648=CARTESIAN_POINT('Ctrl Pts',(-5.14209878880801,-68.6135896985846,1.11404612859042));
#1649=CARTESIAN_POINT('Ctrl Pts',(14.6821945328564,-64.3236343846451,0.));
#1650=CARTESIAN_POINT('Ctrl Pts',(14.8917394826655,-65.2451792723823,0.36465325587346));
#1651=CARTESIAN_POINT('Ctrl Pts',(15.1012250142432,-66.1667566552889,0.729380589653234));
#1652=CARTESIAN_POINT('Ctrl Pts',(15.3107699640522,-67.0883015430261,1.09403384552669));
#1653=CARTESIAN_POINT('Ctrl Pts',(32.9887062315472,-57.1386494047043,0.));
#1654=CARTESIAN_POINT('Ctrl Pts',(33.4660119521494,-57.968572691866,0.333281041660139));
#1655=CARTESIAN_POINT('Ctrl Pts',(33.9433403206065,-58.7984947547265,0.666547439439279));
#1656=CARTESIAN_POINT('Ctrl Pts',(34.4206460412087,-59.6284180418882,0.999828481099418));
#1657=CARTESIAN_POINT('Ctrl Pts',(48.365122085712,-44.8759690408665,0.));
#1658=CARTESIAN_POINT('Ctrl Pts',(49.0782261441842,-45.5399406413711,0.28226454541653));
#1659=CARTESIAN_POINT('Ctrl Pts',(49.7913425358158,-46.2038978609411,0.564484090666087));
#1660=CARTESIAN_POINT('Ctrl Pts',(50.504446594288,-46.8678694614457,0.846748636082617));
#1661=CARTESIAN_POINT('Ctrl Pts',(59.4435332750628,-28.6267223348857,0.));
#1662=CARTESIAN_POINT('Ctrl Pts',(60.3344126156023,-29.0571427952968,0.225927578588369));
#1663=CARTESIAN_POINT('Ctrl Pts',(61.2252586417495,-29.4875575335059,0.451958185628946));
#1664=CARTESIAN_POINT('Ctrl Pts',(62.1161379822889,-29.9179779939169,0.677885764217315));
#1665=CARTESIAN_POINT('Ctrl Pts',(65.2415723579688,-9.83337479609608,0.));
#1666=CARTESIAN_POINT('Ctrl Pts',(66.2284138711115,-9.98255752878037,0.182642681733687));
#1667=CARTESIAN_POINT('Ctrl Pts',(67.2153591716763,-10.1317355895752,0.36487125683801));
#1668=CARTESIAN_POINT('Ctrl Pts',(68.2022006848189,-10.2809183222595,0.547513938571697));
#1669=CARTESIAN_POINT('Ctrl Pts',(65.2400932693488,9.83327627532546,0.));
#1670=CARTESIAN_POINT('Ctrl Pts',(66.2269306969703,9.98245978830397,0.182722853430113));
#1671=CARTESIAN_POINT('Ctrl Pts',(67.2136607718743,10.1316289703514,0.365793897088854));
#1672=CARTESIAN_POINT('Ctrl Pts',(68.2004981994958,10.2808124833299,0.548516750518968));
#1673=CARTESIAN_POINT('Ctrl Pts',(59.4447301151279,28.6271019685797,0.));
#1674=CARTESIAN_POINT('Ctrl Pts',(60.3355985881619,29.0575234958582,0.225970333677536));
#1675=CARTESIAN_POINT('Ctrl Pts',(61.2265821752241,29.48798241062,0.451656700735716));
#1676=CARTESIAN_POINT('Ctrl Pts',(62.1174506482581,29.9184039378985,0.677627034413252));
#1677=CARTESIAN_POINT('Ctrl Pts',(48.3650995417903,44.8761602065664,0.));
#1678=CARTESIAN_POINT('Ctrl Pts',(49.07822551931,45.540135375286,0.282196121636529));
#1679=CARTESIAN_POINT('Ctrl Pts',(49.79125258831,46.2041151565812,0.564678446773789));
#1680=CARTESIAN_POINT('Ctrl Pts',(50.5043785658297,46.8680903253007,0.846874568410318));
#1681=CARTESIAN_POINT('Ctrl Pts',(32.9885348507542,57.1386174560291,0.));
#1682=CARTESIAN_POINT('Ctrl Pts',(33.4658341235279,57.9685419300249,0.33331710620437));
#1683=CARTESIAN_POINT('Ctrl Pts',(33.9432001840286,58.7984305386875,0.666465203289311));
#1684=CARTESIAN_POINT('Ctrl Pts',(34.4204994568023,59.6283550126833,0.999782309493681));
#1685=CARTESIAN_POINT('Ctrl Pts',(14.6820865053164,64.3223837681059,0.));
#1686=CARTESIAN_POINT('Ctrl Pts',(14.8916359327578,65.2439300414759,0.364644284636688));
#1687=CARTESIAN_POINT('Ctrl Pts',(15.1011233337743,66.1655034954476,0.729360414827198));
#1688=CARTESIAN_POINT('Ctrl Pts',(15.3106727612157,67.0870497688175,1.09400469946389));
#1689=CARTESIAN_POINT('Ctrl Pts',(-4.93213867674604,65.7958403213063,0.));
#1690=CARTESIAN_POINT('Ctrl Pts',(-5.00232226822414,66.7357229954066,0.371377921830739));
#1691=CARTESIAN_POINT('Ctrl Pts',(-5.07241000381694,67.6755825465303,0.742740588730266));
#1692=CARTESIAN_POINT('Ctrl Pts',(-5.14259359529504,68.6154652206306,1.114118510561));
#1693=CARTESIAN_POINT('Ctrl Pts',(-24.1017349343001,61.4131653379553,0.));
#1694=CARTESIAN_POINT('Ctrl Pts',(-24.4476983699316,62.2980601190055,0.351761860975122));
#1695=CARTESIAN_POINT('Ctrl Pts',(-24.7937904065466,63.1829668553151,0.703489324481986));
#1696=CARTESIAN_POINT('Ctrl Pts',(-25.139753842178,64.0678616363653,1.05525118545711));
#1697=CARTESIAN_POINT('Ctrl Pts',(-43.9820557473288,49.9536113335794,0.));
#1698=CARTESIAN_POINT('Ctrl Pts',(-44.6253657784987,50.6885772944874,0.302759679263416));
#1699=CARTESIAN_POINT('Ctrl Pts',(-45.268417606984,51.4235784656858,0.605657769399616));
#1700=CARTESIAN_POINT('Ctrl Pts',(-45.9117276381539,52.1585444265938,0.908417448663033));
#1701=CARTESIAN_POINT('Ctrl Pts',(-60.5692480220907,29.1685643470736,0.));
#1702=CARTESIAN_POINT('Ctrl Pts',(-61.4774767706598,29.6094950823651,0.222740862027335));
#1703=CARTESIAN_POINT('Ctrl Pts',(-62.3862131505909,30.0502254962186,0.445100188657793));
#1704=CARTESIAN_POINT('Ctrl Pts',(-63.29444189916,30.4911562315101,0.667841050685128));
#1705=CARTESIAN_POINT('Ctrl Pts',(-65.,9.72397726111127,0.));
#1706=CARTESIAN_POINT('Ctrl Pts',(-65.9831403597967,9.87090095866231,0.183978143097628));
#1707=CARTESIAN_POINT('Ctrl Pts',(-66.965535860733,10.0181744946189,0.36856918200888));
#1708=CARTESIAN_POINT('Ctrl Pts',(-67.9486762205297,10.1650981921699,0.552547325106508));
#1709=CARTESIAN_POINT('Ctrl Pts',(-65.,7.96020419445779E-15,0.));
#1710=CARTESIAN_POINT('Ctrl Pts',(-65.9828920735099,8.08057375763092E-15,
0.184182441702169));
#1711=CARTESIAN_POINT('Ctrl Pts',(-66.9657841470198,8.20094332080404E-15,
0.368364883404339));
#1712=CARTESIAN_POINT('Ctrl Pts',(-67.9486762205297,8.32131288397716E-15,
0.552547325106508));
#1713=CARTESIAN_POINT('',(-65.,-7.96020419445779E-15,0.));
#1714=CARTESIAN_POINT('Ctrl Pts',(-42.5,-5.20474889637625E-15,35.));
#1715=CARTESIAN_POINT('Ctrl Pts',(-43.0675342786078,-5.2742518001466E-15,
35.8233497692992));
#1716=CARTESIAN_POINT('Ctrl Pts',(-43.6350685572156,-5.34375470391695E-15,
36.6466995385985));
#1717=CARTESIAN_POINT('Ctrl Pts',(-44.2026028358235,-5.41325760768729E-15,
37.4700493078977));
#1718=CARTESIAN_POINT('Ctrl Pts',(-42.5,-6.35798513226506,35.));
#1719=CARTESIAN_POINT('Ctrl Pts',(-43.0669104450184,-6.44347859027549,35.8228762516198));
#1720=CARTESIAN_POINT('Ctrl Pts',(-43.635692390805,-6.52720046287389,36.6471730562779));
#1721=CARTESIAN_POINT('Ctrl Pts',(-44.2026028358235,-6.61269392088431,37.4700493078977));
#1722=CARTESIAN_POINT('Ctrl Pts',(-39.6026458331077,-19.0719265912002,35.));
#1723=CARTESIAN_POINT('Ctrl Pts',(-40.1612858570685,-19.3257521119835,35.8070718510047));
#1724=CARTESIAN_POINT('Ctrl Pts',(-40.7187789369473,-19.5806742918284,36.6132224934231));
#1725=CARTESIAN_POINT('Ctrl Pts',(-41.2774189609081,-19.8344998126117,37.4202943444279));
#1726=CARTESIAN_POINT('Ctrl Pts',(-28.7576983392972,-32.6617716718786,35.));
#1727=CARTESIAN_POINT('Ctrl Pts',(-29.2402007452491,-33.1881669694121,35.7226797694795));
#1728=CARTESIAN_POINT('Ctrl Pts',(-29.7232423999864,-33.7140918993038,36.4458289799839));
#1729=CARTESIAN_POINT('Ctrl Pts',(-30.2057448059384,-34.2404871968373,37.1685087494634));
#1730=CARTESIAN_POINT('Ctrl Pts',(-15.7588574619472,-40.1554835250106,35.));
#1731=CARTESIAN_POINT('Ctrl Pts',(-16.05695607647,-40.8978734549791,35.6190747140562));
#1732=CARTESIAN_POINT('Ctrl Pts',(-16.3548559957315,-41.6404538262786,36.2378471228412));
#1733=CARTESIAN_POINT('Ctrl Pts',(-16.6529546102543,-42.3828437562471,36.8569218368974));
#1734=CARTESIAN_POINT('Ctrl Pts',(-3.22449320861476,-43.0189886742717,35.));
#1735=CARTESIAN_POINT('Ctrl Pts',(-3.28864185160269,-43.8558869443731,35.5622208790297));
#1736=CARTESIAN_POINT('Ctrl Pts',(-3.35288906123165,-44.6926284259954,36.1247289623849));
#1737=CARTESIAN_POINT('Ctrl Pts',(-3.41703770421957,-45.5295266960968,36.6869498414145));
#1738=CARTESIAN_POINT('Ctrl Pts',(9.59991065504698,-42.0579130448893,35.));
#1739=CARTESIAN_POINT('Ctrl Pts',(9.7877247941499,-42.862363052564,35.582763319104));
#1740=CARTESIAN_POINT('Ctrl Pts',(9.97579001371762,-43.6670781980025,36.1653037039141));
#1741=CARTESIAN_POINT('Ctrl Pts',(10.1636041528205,-44.4715282056772,36.7480670230181));
#1742=CARTESIAN_POINT('Ctrl Pts',(21.5695921876497,-37.35986547021,35.));
#1743=CARTESIAN_POINT('Ctrl Pts',(21.9579994501639,-38.0165107144565,35.663476986823));
#1744=CARTESIAN_POINT('Ctrl Pts',(22.3463442970407,-38.6728569013427,36.327143823293));
#1745=CARTESIAN_POINT('Ctrl Pts',(22.734751559555,-39.3295021455893,36.990620810116));
#1746=CARTESIAN_POINT('Ctrl Pts',(31.6233006318688,-29.3419345405746,35.));
#1747=CARTESIAN_POINT('Ctrl Pts',(32.1264294486314,-29.7975711058637,35.7460127248337));
#1748=CARTESIAN_POINT('Ctrl Pts',(32.6294408088285,-30.2534188317985,36.4918128255759));
#1749=CARTESIAN_POINT('Ctrl Pts',(33.1325696255911,-30.7090553970876,37.2378255504096));
#1750=CARTESIAN_POINT('Ctrl Pts',(38.8669022846341,-18.7174511475106,35.));
#1751=CARTESIAN_POINT('Ctrl Pts',(39.4186913164893,-18.9772900630062,35.7999870198565));
#1752=CARTESIAN_POINT('Ctrl Pts',(39.9705192764912,-19.2370835721998,36.6000271869316));
#1753=CARTESIAN_POINT('Ctrl Pts',(40.5223083083464,-19.4969224876954,37.4000142067881));
#1754=CARTESIAN_POINT('Ctrl Pts',(42.6580249663328,-6.42950366265878,35.));
#1755=CARTESIAN_POINT('Ctrl Pts',(43.2262382467349,-6.51333961887637,35.8244055255077));
#1756=CARTESIAN_POINT('Ctrl Pts',(43.7943945823778,-6.59724830484335,36.6487138039033));
#1757=CARTESIAN_POINT('Ctrl Pts',(44.3626078627798,-6.68108426106094,37.473119329411));
#1758=CARTESIAN_POINT('Ctrl Pts',(42.6568837509827,6.42943983804289,35.));
#1759=CARTESIAN_POINT('Ctrl Pts',(43.225063322322,6.51328070542435,35.8244035786608));
#1760=CARTESIAN_POINT('Ctrl Pts',(43.7933341047938,6.5971957449291,36.6488811263289));
#1761=CARTESIAN_POINT('Ctrl Pts',(44.3615136761332,6.68103661231056,37.4732847049897));
#1762=CARTESIAN_POINT('Ctrl Pts',(38.8678174990714,18.717762135586,35.));
#1763=CARTESIAN_POINT('Ctrl Pts',(39.4196271612035,18.9775845555798,35.8000097289463));
#1764=CARTESIAN_POINT('Ctrl Pts',(39.9712753440919,19.2372541593364,36.5999641275449));
#1765=CARTESIAN_POINT('Ctrl Pts',(40.5230850062241,19.4970765793302,37.3999738564912));
#1766=CARTESIAN_POINT('Ctrl Pts',(31.6233382226976,29.3421513368742,35.));
#1767=CARTESIAN_POINT('Ctrl Pts',(32.1264171599284,29.797822912458,35.7459599565136));
#1768=CARTESIAN_POINT('Ctrl Pts',(32.6297463094671,30.2534291263857,36.4921323504867));
#1769=CARTESIAN_POINT('Ctrl Pts',(33.1328252466979,30.7091007019694,37.2380923070003));
#1770=CARTESIAN_POINT('Ctrl Pts',(21.569383649579,37.3597938363838,35.));
#1771=CARTESIAN_POINT('Ctrl Pts',(21.9577878375317,38.016352857864,35.6635143161415));
#1772=CARTESIAN_POINT('Ctrl Pts',(22.3459774366189,38.6731375682402,36.326825231092));
#1773=CARTESIAN_POINT('Ctrl Pts',(22.7343816245716,39.3296965897204,36.9903395472335));
#1774=CARTESIAN_POINT('Ctrl Pts',(9.59979912800005,42.0569636025664,35.));
#1775=CARTESIAN_POINT('Ctrl Pts',(9.78759713581695,42.8614360242591,35.5827831059607));
#1776=CARTESIAN_POINT('Ctrl Pts',(9.97553310613626,43.6657144872788,36.1655989759875));
#1777=CARTESIAN_POINT('Ctrl Pts',(10.1633311139532,44.4701869089715,36.7483820819482));
#1778=CARTESIAN_POINT('Ctrl Pts',(-3.22488741523333,43.0203703365068,35.));
#1779=CARTESIAN_POINT('Ctrl Pts',(-3.28901994756576,43.8572282021966,35.5622015082948));
#1780=CARTESIAN_POINT('Ctrl Pts',(-3.35347290248531,44.6943791280394,36.1243176042849));
#1781=CARTESIAN_POINT('Ctrl Pts',(-3.41760543481774,45.5312369937293,36.6865191125797));
#1782=CARTESIAN_POINT('Ctrl Pts',(-15.75879371033,40.1547565117629,35.));
#1783=CARTESIAN_POINT('Ctrl Pts',(-16.0568820392725,40.8970776993169,35.6190942855208));
#1784=CARTESIAN_POINT('Ctrl Pts',(-16.3545238244167,41.639183174777,36.2381521441763));
#1785=CARTESIAN_POINT('Ctrl Pts',(-16.6526121533592,42.381504362331,36.8572464296971));
#1786=CARTESIAN_POINT('Ctrl Pts',(-28.757549128316,32.6619103550025,35.));
#1787=CARTESIAN_POINT('Ctrl Pts',(-29.2400677716968,33.1883325483274,35.7226869071435));
#1788=CARTESIAN_POINT('Ctrl Pts',(-29.7233328627118,33.7146790363211,36.4456709739472));
#1789=CARTESIAN_POINT('Ctrl Pts',(-30.2058515060926,34.2411012296459,37.1683578810907));
#1790=CARTESIAN_POINT('Ctrl Pts',(-39.602716060881,19.0718322572225,35.));
#1791=CARTESIAN_POINT('Ctrl Pts',(-40.1613415984388,19.3256389804968,35.8070630653534));
#1792=CARTESIAN_POINT('Ctrl Pts',(-40.71872885897,19.5803455483351,36.6133160856213));
#1793=CARTESIAN_POINT('Ctrl Pts',(-41.2773543965277,19.8341522716094,37.4203791509746));
#1794=CARTESIAN_POINT('Ctrl Pts',(-42.5,6.35798513226506,35.));
#1795=CARTESIAN_POINT('Ctrl Pts',(-43.0669176114644,6.44348698501212,35.8228810184813));
#1796=CARTESIAN_POINT('Ctrl Pts',(-43.635685224359,6.52719206813726,36.6471682894164));
#1797=CARTESIAN_POINT('Ctrl Pts',(-44.2026028358235,6.61269392088431,37.4700493078977));
#1798=CARTESIAN_POINT('Ctrl Pts',(-42.5,5.20474889637625E-15,35.));
#1799=CARTESIAN_POINT('Ctrl Pts',(-43.0675342786078,5.2742518001466E-15,
35.8233497692992));
#1800=CARTESIAN_POINT('Ctrl Pts',(-43.6350685572156,5.34375470391695E-15,
36.6466995385985));
#1801=CARTESIAN_POINT('Ctrl Pts',(-44.2026028358235,5.41325760768729E-15,
37.4700493078977));
#1802=CARTESIAN_POINT('',(-42.5,-5.20474889637625E-15,35.));
#1803=CARTESIAN_POINT('Origin',(0.,0.,38.));
#1804=CARTESIAN_POINT('',(-42.5,-5.20474889637625E-15,38.));
#1805=CARTESIAN_POINT('Origin',(0.,0.,38.));
#1806=CARTESIAN_POINT('Origin',(0.,0.,35.));
#1807=CARTESIAN_POINT('',(-42.5,-5.20474889637625E-15,35.));
#1808=CARTESIAN_POINT('Origin',(0.,0.,35.));
#1809=CARTESIAN_POINT('Origin',(0.,0.,35.));
#1810=CARTESIAN_POINT('',(-42.5,-5.20474889637625E-15,35.));
#1811=CARTESIAN_POINT('Origin',(0.,0.,0.970142500145332));
#1812=CARTESIAN_POINT('',(5.24253562503633,-6.42025447261671E-16,15.9701425001453));
#1813=CARTESIAN_POINT('',(-5.24253562503635,-6.42025447261672E-16,15.9701425001453));
#1814=CARTESIAN_POINT('Origin',(0.,0.,15.9701425001453));
#1815=CARTESIAN_POINT('',(-65.2425356250363,-7.98990624214579E-15,0.970142500145332));
#1816=CARTESIAN_POINT('',(-65.2425356250363,-7.98990624214579E-15,0.970142500145332));
#1817=CARTESIAN_POINT('Origin',(0.,0.,0.970142500145332));
#1818=CARTESIAN_POINT('Origin',(0.,0.,15.9701425001453));
#1819=CARTESIAN_POINT('Origin',(0.,0.,0.));
#1820=CARTESIAN_POINT('',(-65.,-7.96020419445779E-15,-7.73467909413966E-16));
#1821=CARTESIAN_POINT('Origin',(0.,0.,0.));
#1822=CARTESIAN_POINT('',(-5.,0.,15.));
#1823=CARTESIAN_POINT('',(-65.,-7.96020419445779E-15,0.));
#1824=CARTESIAN_POINT('',(5.,-6.12323399573677E-16,15.));
#1825=CARTESIAN_POINT('Origin',(0.,0.,15.));
#1826=CARTESIAN_POINT('Origin',(0.,0.,15.));
#1827=CARTESIAN_POINT('Origin',(0.,0.,0.));
#1828=CARTESIAN_POINT('',(-65.,7.96020419445779E-15,0.));
#1829=CARTESIAN_POINT('Origin',(0.,0.,15.));
#1830=CARTESIAN_POINT('',(5.,-6.12323399573677E-16,15.));
#1831=UNCERTAINTY_MEASURE_WITH_UNIT(LENGTH_MEASURE(0.01),#1835,
'DISTANCE_ACCURACY_VALUE',
'Maximum model space distance between geometric entities at asserted c
onnectivities');
#1832=UNCERTAINTY_MEASURE_WITH_UNIT(LENGTH_MEASURE(0.01),#1835,
'DISTANCE_ACCURACY_VALUE',
'Maximum model space distance between geometric entities at asserted c
onnectivities');
#1833=(
GEOMETRIC_REPRESENTATION_CONTEXT(3)
GLOBAL_UNCERTAINTY_ASSIGNED_CONTEXT((#1831))
GLOBAL_UNIT_ASSIGNED_CONTEXT((#1835,#1837,#1838))
REPRESENTATION_CONTEXT('','3D')
);
#1834=(
GEOMETRIC_REPRESENTATION_CONTEXT(3)
GLOBAL_UNCERTAINTY_ASSIGNED_CONTEXT((#1832))
GLOBAL_UNIT_ASSIGNED_CONTEXT((#1835,#1837,#1838))
REPRESENTATION_CONTEXT('','3D')
);
#1835=(
LENGTH_UNIT()
NAMED_UNIT(*)
SI_UNIT(.MILLI.,.METRE.)
);
#1836=(
LENGTH_UNIT()
NAMED_UNIT(*)
SI_UNIT($,.METRE.)
);
#1837=(
NAMED_UNIT(*)
PLANE_ANGLE_UNIT()
SI_UNIT($,.RADIAN.)
);
#1838=(
NAMED_UNIT(*)
SI_UNIT($,.STERADIAN.)
SOLID_ANGLE_UNIT()
);
#1839=SHAPE_DEFINITION_REPRESENTATION(#1840,#1841);
#1840=PRODUCT_DEFINITION_SHAPE('',$,#1843);
#1841=SHAPE_REPRESENTATION('',(#647),#1833);
#1842=PRODUCT_DEFINITION_CONTEXT('part definition',#1847,'design');
#1843=PRODUCT_DEFINITION('Subwoofer','Subwoofer',#1844,#1842);
#1844=PRODUCT_DEFINITION_FORMATION('',$,#1849);
#1845=PRODUCT_RELATED_PRODUCT_CATEGORY('Subwoofer','Subwoofer',(#1849));
#1846=APPLICATION_PROTOCOL_DEFINITION('international standard',
'automotive_design',2009,#1847);
#1847=APPLICATION_CONTEXT(
'Core Data for Automotive Mechanical Design Process');
#1848=PRODUCT_CONTEXT('part definition',#1847,'mechanical');
#1849=PRODUCT('Subwoofer','Subwoofer',$,(#1848));
#1850=PRESENTATION_STYLE_ASSIGNMENT((#1853));
#1851=PRESENTATION_STYLE_ASSIGNMENT((#1854));
#1852=PRESENTATION_STYLE_ASSIGNMENT((#1855));
#1853=SURFACE_STYLE_USAGE(.BOTH.,#1856);
#1854=SURFACE_STYLE_USAGE(.BOTH.,#1857);
#1855=SURFACE_STYLE_USAGE(.BOTH.,#1858);
#1856=SURFACE_SIDE_STYLE('',(#1859));
#1857=SURFACE_SIDE_STYLE('',(#1860));
#1858=SURFACE_SIDE_STYLE('',(#1861));
#1859=SURFACE_STYLE_FILL_AREA(#1862);
#1860=SURFACE_STYLE_FILL_AREA(#1863);
#1861=SURFACE_STYLE_FILL_AREA(#1864);
#1862=FILL_AREA_STYLE('Plastic - Matte (Black)',(#1865));
#1863=FILL_AREA_STYLE('Plastic - Glossy (Yellow)',(#1866));
#1864=FILL_AREA_STYLE('Plastic - Glossy (Black)',(#1867));
#1865=FILL_AREA_STYLE_COLOUR('Plastic - Matte (Black)',#1868);
#1866=FILL_AREA_STYLE_COLOUR('Plastic - Glossy (Yellow)',#1869);
#1867=FILL_AREA_STYLE_COLOUR('Plastic - Glossy (Black)',#1870);
#1868=COLOUR_RGB('Plastic - Matte (Black)',0.0980392156862745,0.0980392156862745,
0.0980392156862745);
#1869=COLOUR_RGB('Plastic - Glossy (Yellow)',0.0705882352941176,0.419607843137255,
0.396078431372549);
#1870=COLOUR_RGB('Plastic - Glossy (Black)',0.0980392156862745,0.0980392156862745,
0.0980392156862745);
ENDSEC;
END-ISO-10303-21;
